category,name,price_sale,price_original,discount,url
mobile,iPhone 18 Pro 256GB,38.790.000đ,38.990.000đ,Giảm1%,https://cellphones.com.vn/iphone-18-pro.html
mobile,iPhone 17 Pro 256GB | Chính hãng,31.990.000đ,34.990.000đ,Giảm9%,https://cellphones.com.vn/iphone-17-pro.html
mobile,iPhone 18 Pro Max 256GB,41.990.000đ,,,https://cellphones.com.vn/iphone-18-pro-max.html
mobile,Samsung Galaxy S26 Ultra 5G 12GB 256GB,30.490.000đ,36.990.000đ,Giảm18%,https://cellphones.com.vn/dien-thoai-samsung-galaxy-s26-ultra.html
mobile,iPhone 17 Pro Max 256GB | Chính hãng,34.490.000đ,37.990.000đ,Giảm9%,https://cellphones.com.vn/iphone-17-pro-max.html
mobile,iPhone 17 256GB | Chính hãng,26.990.000đ,28.990.000đ,Giảm7%,https://cellphones.com.vn/iphone-17-256gb.html
mobile,iPhone 18 Pro Max 2TB,80.990.000đ,,,https://cellphones.com.vn/iphone-18-pro-max-2tb.html
mobile,OPPO Reno16 F 5G 8GB 256GB,14.540.000đ,15.990.000đ,Giảm9%,https://cellphones.com.vn/dien-thoai-oppo-reno16-f.html
mobile,Samsung Galaxy S26 FE 5G 8GB 128GB,16.490.000đ,18.990.000đ,Giảm13%,https://cellphones.com.vn/dien-thoai-samsung-galaxy-s26-fe.html
mobile,Samsung Galaxy Z Fold8 Ultra 5G 12GB 256GB,46.990.000đ,52.990.000đ,Giảm11%,https://cellphones.com.vn/dien-thoai-samsung-galaxy-z-fold-8-ultra.html
mobile,Xiaomi POCO F9 Ultra 5G 12GB 256GB,24.290.000đ,29.990.000đ,Giảm19%,https://cellphones.com.vn/dien-thoai-xiaomi-poco-f9-ultra.html
mobile,Samsung Galaxy A57 5G 8GB 128GB,11.090.000đ,12.490.000đ,Giảm11%,https://cellphones.com.vn/dien-thoai-samsung-galaxy-a57.html
mobile,POCO X8 Pro Max 12GB 256GB,13.990.000đ,16.990.000đ,Giảm18%,https://cellphones.com.vn/dien-thoai-xiaomi-poco-x8-pro-max.html
mobile,Samsung Galaxy A37 5G 8GB 128GB,9.700.000đ,10.790.000đ,Giảm10%,https://cellphones.com.vn/dien-thoai-samsung-galaxy-a37.html
mobile,iPhone Air 256GB | Chính hãng,22.990.000đ,31.990.000đ,Giảm28%,https://cellphones.com.vn/iphone-air-256gb.html
mobile,iPhone 17 Pro Max 512GB | Chính hãng,40.990.000đ,44.490.000đ,Giảm8%,https://cellphones.com.vn/iphone-17-pro-max-512gb.html
mobile,Xiaomi Redmi Note 17 4GB 128GB,5.790.000đ,6.990.000đ,Giảm17%,https://cellphones.com.vn/dien-thoai-xiaomi-redmi-note-17.html
mobile,Samsung Galaxy S25 Ultra 12GB 256GB,25.990.000đ,33.380.000đ,Giảm22%,https://cellphones.com.vn/dien-thoai-samsung-galaxy-s25-ultra.html
mobile,iPhone 18 Pro 2TB,77.490.000đ,77.990.000đ,Giảm1%,https://cellphones.com.vn/iphone-18-pro-2tb.html
mobile,Điện thoại iPhone 16 Pro Max 256GB,30.990.000đ,34.990.000đ,Giảm11%,https://cellphones.com.vn/iphone-16-pro-max.html
mobile,OPPO Find X9s 12GB 256GB,22.990.000đ,24.990.000đ,Giảm8%,https://cellphones.com.vn/dien-thoai-oppo-find-x9s.html
mobile,Samsung Galaxy Z Fold8 5G 12GB 256GB,40.990.000đ,46.990.000đ,Giảm13%,https://cellphones.com.vn/dien-thoai-samsung-galaxy-z-fold-8.html
mobile,Xiaomi Redmi Note 17 Pro Max 5G 8GB 512GB,14.290.000đ,17.990.000đ,Giảm21%,https://cellphones.com.vn/dien-thoai-xiaomi-redmi-note-17-pro-max-5g.html
mobile,iPhone 15 128GB | Chính hãng VN/A,19.990.000đ,22.990.000đ,Giảm13%,https://cellphones.com.vn/iphone-15.html
mobile,Nubia Neo 5 5G 8GB 128GB,6.190.000đ,7.490.000đ,Giảm17%,https://cellphones.com.vn/dien-thoai-nubia-neo-5-5g.html
mobile,Samsung Galaxy S25 FE 8GB 128GB,13.390.000đ,16.690.000đ,Giảm20%,https://cellphones.com.vn/dien-thoai-samsung-galaxy-s25-fe.html
mobile,Samsung Galaxy A17 5G 8GB 128GB,6.190.000đ,8.790.000đ,Giảm30%,https://cellphones.com.vn/dien-thoai-samsung-galaxy-a17-5g.html
mobile,iPhone 17 Pro 512GB | Chính hãng,38.490.000đ,41.490.000đ,Giảm7%,https://cellphones.com.vn/iphone-17-pro-512gb.html
mobile,Samsung Galaxy Z Flip8 5G 12GB 256GB,27.490.000đ,31.990.000đ,Giảm14%,https://cellphones.com.vn/dien-thoai-samsung-galaxy-z-flip-8.html
mobile,Nubia Neo 5 5G 8GB 256GB,7.190.000đ,8.490.000đ,Giảm15%,https://cellphones.com.vn/dien-thoai-nubia-neo-5-5g-8gb-256gb.html
mobile,Xiaomi Redmi Note 17 5G 6GB 128GB,7.590.000đ,8.990.000đ,Giảm16%,https://cellphones.com.vn/dien-thoai-xiaomi-redmi-note-17-5g.html
mobile,iPhone 13 128GB | Chính hãng VN/A,14.990.000đ,15.990.000đ,Giảm6%,https://cellphones.com.vn/iphone-13.html
mobile,iPhone 16e 128GB | Chính hãng VN/A,14.290.000đ,,,https://cellphones.com.vn/iphone-16e.html
mobile,Samsung Galaxy S26 5G 12GB 256GB,21.990.000đ,25.990.000đ,Giảm15%,https://cellphones.com.vn/dien-thoai-samsung-galaxy-s26.html
mobile,Xiaomi Redmi Note 17 Pro 5G 6GB 256GB,9.290.000đ,11.490.000đ,Giảm19%,https://cellphones.com.vn/dien-thoai-xiaomi-redmi-note-17-pro-5g.html
mobile,iPhone 16 128GB | Chính hãng VN/A,22.990.000đ,24.990.000đ,Giảm8%,https://cellphones.com.vn/iphone-16.html
mobile,iPhone 17e 256GB | Chính hãng,20.490.000đ,21.990.000đ,Giảm7%,https://cellphones.com.vn/iphone-17e.html
mobile,Xiaomi 17T 5G 12GB 512GB,15.490.000đ,20.990.000đ,Giảm26%,https://cellphones.com.vn/dien-thoai-xiaomi-17t.html
mobile,Xiaomi 17 Ultra 5G 16GB 512GB,30.290.000đ,39.990.000đ,Giảm24%,https://cellphones.com.vn/dien-thoai-xiaomi-17-ultra.html
mobile,iPhone 16 Pro Max 512GB | Chính hãng VN/A,38.990.000đ,40.990.000đ,Giảm5%,https://cellphones.com.vn/iphone-16-pro-max-512gb.html
mobile,Xiaomi 17T Pro 5G 12GB 512GB,18.790.000đ,24.990.000đ,Giảm25%,https://cellphones.com.vn/dien-thoai-xiaomi-17t-pro.html
mobile,iPhone 14 128GB  | Chính hãng VN/A,16.990.000đ,17.990.000đ,Giảm6%,https://cellphones.com.vn/iphone-14.html
mobile,Samsung Galaxy A27 5G 6GB 128GB,7.800.000đ,8.490.000đ,Giảm8%,https://cellphones.com.vn/dien-thoai-samsung-galaxy-a27.html
mobile,iPhone 15 256GB | Chính hãng VN/A,24.990.000đ,25.990.000đ,Giảm4%,https://cellphones.com.vn/iphone-15-256gb.html
mobile,iPhone 17 Pro Max 1TB | Chính hãng,47.490.000đ,50.990.000đ,Giảm7%,https://cellphones.com.vn/iphone-17-pro-max-1tb.html
mobile,Xiaomi POCO F8 Pro 5G 12GB 256GB,15.490.000đ,18.990.000đ,Giảm18%,https://cellphones.com.vn/dien-thoai-poco-f8-pro-5g.html
mobile,Xiaomi Redmi Note 15 6GB 128GB,5.190.000đ,5.990.000đ,Giảm13%,https://cellphones.com.vn/dien-thoai-xiaomi-redmi-note-15.html
mobile,iPhone 17 512GB | Chính hãng,32.990.000đ,35.490.000đ,Giảm7%,https://cellphones.com.vn/iphone-17-512gb.html
mobile,Samsung Galaxy A07 4GB 128GB,3.990.000đ,4.190.000đ,Giảm5%,https://cellphones.com.vn/dien-thoai-samsung-galaxy-a07.html
mobile,OPPO Find N6 16GB 512GB,64.490.000đ,64.990.000đ,Giảm1%,https://cellphones.com.vn/dien-thoai-oppo-find-n6.html
mobile,Samsung Galaxy S25 Plus 256GB,19.990.000đ,26.500.000đ,Giảm25%,https://cellphones.com.vn/dien-thoai-samsung-galaxy-s25-plus.html
mobile,iPhone 16 Plus 128GB | Chính hãng VN/A,24.490.000đ,27.990.000đ,Giảm13%,https://cellphones.com.vn/iphone-16-plus.html
mobile,iPhone 17 Pro Max 2TB | Chính hãng,60.290.000đ,63.990.000đ,Giảm6%,https://cellphones.com.vn/iphone-17-pro-max-2tb.html
mobile,iPhone 18 Pro Max 512GB,48.490.000đ,,,https://cellphones.com.vn/iphone-18-pro-max-512gb.html
mobile,OPPO Find X9 Ultra 12GB 512GB,44.490.000đ,49.990.000đ,Giảm11%,https://cellphones.com.vn/dien-thoai-oppo-find-x9-ultra.html
mobile,Samsung Galaxy A17 8GB 128GB,5.590.000đ,6.190.000đ,Giảm10%,https://cellphones.com.vn/dien-thoai-samsung-galaxy-a17.html
mobile,Nubia Neo 5 GT 8GB 256GB,8.990.000đ,9.990.000đ,Giảm10%,https://cellphones.com.vn/dien-thoai-nubia-neo-5-gt.html
mobile,iPhone 17 Pro 1TB | Chính hãng,44.690.000đ,47.990.000đ,Giảm7%,https://cellphones.com.vn/iphone-17-pro-1tb.html
mobile,HONOR X9d 5G 12GB 256GB,10.240.000đ,11.990.000đ,Giảm15%,https://cellphones.com.vn/dien-thoai-honor-x9d-12gb-256gb.html
mobile,Xiaomi Redmi A7 3GB 64GB,3.190.000đ,3.890.000đ,Giảm18%,https://cellphones.com.vn/dien-thoai-xiaomi-redmi-a7.html
mobile,Xiaomi Redmi Note 14 Pro Plus 5G 8GB 256GB,8.490.000đ,10.800.000đ,Giảm21%,https://cellphones.com.vn/dien-thoai-xiaomi-redmi-note-14-pro-plus.html
mobile,HONOR 600 5G 8GB 256GB,14.490.000đ,17.990.000đ,Giảm19%,https://cellphones.com.vn/dien-thoai-honor-600.html
mobile,HONOR X9d 5G 8GB 256GB,8.740.000đ,10.990.000đ,Giảm20%,https://cellphones.com.vn/dien-thoai-honor-x9d-8gb-256gb.html
mobile,Xiaomi Redmi Note 15 5G 6GB 128GB,5.990.000đ,7.490.000đ,Giảm20%,https://cellphones.com.vn/dien-thoai-xiaomi-redmi-note-15-5g.html
mobile,Samsung Galaxy A56 5G 8GB 128GB,8.990.000đ,9.810.000đ,Giảm8%,https://cellphones.com.vn/dien-thoai-samsung-galaxy-a56.html
mobile,Xiaomi Redmi Note 15 Pro 12GB 256GB,7.990.000đ,10.090.000đ,Giảm21%,https://cellphones.com.vn/dien-thoai-xiaomi-redmi-note-15-pro.html
mobile,Xiaomi Redmi Note 15 Pro 5G 12GB 256GB,9.990.000đ,11.490.000đ,Giảm13%,https://cellphones.com.vn/dien-thoai-xiaomi-redmi-note-15-pro-5g.html
mobile,Samsung Galaxy Z Fold8 Ultra 5G 12GB 512GB,52.490.000đ,58.990.000đ,Giảm11%,https://cellphones.com.vn/dien-thoai-samsung-galaxy-z-fold-8-ultra-512gb.html
mobile,iPhone 16e 256GB | Chính hãng VN/A,16.190.000đ,,,https://cellphones.com.vn/iphone-16e-256gb.html
mobile,iPhone 16 Plus 256GB | Chính hãng VN/A,27.890.000đ,30.990.000đ,Giảm10%,https://cellphones.com.vn/iphone-16-plus-256gb.html
mobile,Samsung Galaxy S24 Ultra 12GB 256GB,25.290.000đ,29.450.000đ,Giảm14%,https://cellphones.com.vn/samsung-galaxy-s24-ultra.html
mobile,Samsung Galaxy A07 5G 4GB 128GB,4.990.000đ,5.890.000đ,Giảm15%,https://cellphones.com.vn/dien-thoai-samsung-galaxy-a07-5g.html
mobile,OPPO Reno15 5G 12GB 256GB,14.990.000đ,16.990.000đ,Giảm12%,https://cellphones.com.vn/dien-thoai-oppo-reno15.html
mobile,Samsung Galaxy Z Fold7 12GB 256GB,40.990.000đ,46.990.000đ,Giảm13%,https://cellphones.com.vn/dien-thoai-samsung-galaxy-z-fold-7.html
mobile,Samsung Galaxy Z Fold8 5G 12GB 512GB,46.990.000đ,52.990.000đ,Giảm11%,https://cellphones.com.vn/dien-thoai-samsung-galaxy-z-fold-8-512gb.html
mobile,POCO X8 Pro Max 12GB 512GB,14.790.000đ,17.990.000đ,Giảm18%,https://cellphones.com.vn/dien-thoai-xiaomi-poco-x8-pro-max-12gb-512gb.html
mobile,HONOR 400 5G 12GB 256GB,10.990.000đ,13.250.000đ,Giảm17%,https://cellphones.com.vn/dien-thoai-honor-400-5g.html
mobile,OPPO Reno15 F 5G 8GB 256GB,11.990.000đ,,,https://cellphones.com.vn/dien-thoai-oppo-reno15-f.html
mobile,iPhone 17e 512GB | Chính hãng,26.990.000đ,28.490.000đ,Giảm5%,https://cellphones.com.vn/iphone-17e-512gb.html
mobile,HONOR X7d 8GB 128GB,5.240.000đ,6.990.000đ,Giảm25%,https://cellphones.com.vn/dien-thoai-honor-x7d-8gb-128gb.html
mobile,Xiaomi POCO F9 Ultra 5G 16GB 512GB,26.290.000đ,31.990.000đ,Giảm18%,https://cellphones.com.vn/dien-thoai-xiaomi-poco-f9-ultra-16gb-512gb.html
mobile,Samsung Galaxy S24 Plus 12GB 256GB,15.490.000đ,18.650.000đ,Giảm17%,https://cellphones.com.vn/samsung-galaxy-s24-plus.html
mobile,Samsung Galaxy S26 Plus 5G 12GB 256GB,23.990.000đ,29.990.000đ,Giảm20%,https://cellphones.com.vn/dien-thoai-samsung-galaxy-s26-plus.html
mobile,Điện thoại Meizu Mblu Note 21 Pro NFC 8GB 256GB,4.790.000đ,4.990.000đ,Giảm4%,https://cellphones.com.vn/dien-thoai-meizu-mblu-note-21-pro.html
mobile,Nubia Neo 5 GT Special Edition 12GB 256GB,13.990.000đ,,,https://cellphones.com.vn/dien-thoai-nubia-neo-5-gt-special-edition.html
mobile,Nubia Neo 5 Max 5G 8GB 256GB,8.790.000đ,9.290.000đ,Giảm5%,https://cellphones.com.vn/dien-thoai-nubia-neo-5-max.html
mobile,TECNO CAMON 40 8GB 128GB,5.190.000đ,5.890.000đ,Giảm12%,https://cellphones.com.vn/dien-thoai-tecno-camon-40.html
mobile,HONOR X8d 8GB 128GB,6.340.000đ,8.090.000đ,Giảm22%,https://cellphones.com.vn/dien-thoai-honor-x8d.html
mobile,Xiaomi 17 Ultra 5G 16GB 1TB,34.990.000đ,42.990.000đ,Giảm19%,https://cellphones.com.vn/dien-thoai-xiaomi-17-ultra-16gb-1tb.html
mobile,Nubia Neo 3 GT 12GB 256GB,7.490.000đ,,,https://cellphones.com.vn/dien-thoai-nubia-neo-3-gt-12gb-256gb.html
mobile,HONOR 400 Pro 5G 12GB 512GB,15.790.000đ,18.660.000đ,Giảm15%,https://cellphones.com.vn/dien-thoai-honor-400-pro-5g.html
mobile,Samsung Galaxy A36 5G 8GB 128GB,7.490.000đ,8.140.000đ,Giảm8%,https://cellphones.com.vn/dien-thoai-samsung-galaxy-a36.html
mobile,Nubia V80 Design 8GB 128GB,3.990.000đ,,,https://cellphones.com.vn/dien-thoai-nubia-v80-design.html
mobile,Xiaomi Redmi 15 5G 8GB 256GB,5.990.000đ,6.690.000đ,Giảm10%,https://cellphones.com.vn/dien-thoai-xiaomi-redmi-15-5g-8gb-256gb.html
mobile,Nothing Phone 2A Plus 5G 12GB 256GB,7.990.000đ,11.490.000đ,Giảm30%,https://cellphones.com.vn/dien-thoai-nothing-phone-2a-plus.html
mobile,Xiaomi 17T Pro 12GB 1TB,20.390.000đ,26.990.000đ,Giảm24%,https://cellphones.com.vn/dien-thoai-xiaomi-17t-pro-12gb-1tb.html
mobile,Xiaomi 15 Ultra 5G 16GB 1TB,28.490.000đ,38.250.000đ,Giảm26%,https://cellphones.com.vn/dien-thoai-xiaomi-15-ultra-1tb.html
mobile,Samsung Galaxy S26 Ultra 5G 12GB 512GB,35.990.000đ,42.990.000đ,Giảm16%,https://cellphones.com.vn/dien-thoai-samsung-galaxy-s26-ultra-12gb-512gb.html
mobile,iPhone 18 Pro Max 1TB,61.490.000đ,,,https://cellphones.com.vn/iphone-18-pro-max-1tb.html
mobile,OPPO Reno12 5G 12GB 256GB,9.690.000đ,12.990.000đ,Giảm25%,https://cellphones.com.vn/dien-thoai-oppo-reno12-5g.html
mobile,Samsung Galaxy Z Fold8 Ultra 5G 16GB 1TB,61.390.000đ,70.990.000đ,Giảm14%,https://cellphones.com.vn/dien-thoai-samsung-galaxy-z-fold-8-ultra-1tb.html
mobile,Samsung Galaxy S26 5G 12GB 512GB,28.990.000đ,31.990.000đ,Giảm9%,https://cellphones.com.vn/dien-thoai-samsung-galaxy-s26-12gb-512gb.html
mobile,Xiaomi POCO F9 Ultra 5G 16GB 1TB,30.290.000đ,39.990.000đ,Giảm24%,https://cellphones.com.vn/dien-thoai-xiaomi-poco-f9-ultra-16gb-1tb.html
mobile,Samsung Galaxy S25 256GB,17.490.000đ,22.580.000đ,Giảm23%,https://cellphones.com.vn/dien-thoai-samsung-galaxy-s25.html
mobile,iPhone 18 Pro 512GB,45.490.000đ,,,https://cellphones.com.vn/iphone-18-pro-512gb.html
mobile,Sony Xperia 1 VIII 5G 12GB 256GB,37.990.000đ,38.990.000đ,Giảm3%,https://cellphones.com.vn/dien-thoai-sony-xperia-1-viii.html
mobile,Samsung Galaxy Z Fold 6 12GB 256GB,29.990.000đ,43.990.000đ,Giảm32%,https://cellphones.com.vn/samsung-galaxy-z-fold-6.html
mobile,Samsung Galaxy S25 Edge 5G 12GB 256GB,18.990.000đ,29.450.000đ,Giảm36%,https://cellphones.com.vn/dien-thoai-samsung-galaxy-s25-edge.html
mobile,iPhone 18 Pro 1TB,57.990.000đ,58.490.000đ,Giảm1%,https://cellphones.com.vn/iphone-18-pro-1tb.html
mobile,Xiaomi Redmi Note 14 6GB 128GB,4.690.000đ,4.900.000đ,Giảm4%,https://cellphones.com.vn/dien-thoai-xiaomi-redmi-note-14.html
mobile,Xiaomi Redmi Note 14 5G 8GB 256GB,6.490.000đ,7.160.000đ,Giảm9%,https://cellphones.com.vn/dien-thoai-xiaomi-redmi-note-14-5g.html
mobile,Samsung Galaxy S25 FE 8GB 512GB,18.990.000đ,25.690.000đ,Giảm26%,https://cellphones.com.vn/dien-thoai-samsung-galaxy-s25-fe-8gb-512gb.html
mobile,Xiaomi Redmi 15C 4GB 128GB NFC,3.790.000đ,4.690.000đ,Giảm19%,https://cellphones.com.vn/dien-thoai-xiaomi-redmi-15c.html
mobile,Xiaomi Redmi 17 6GB 256GB,6.290.000đ,7.490.000đ,Giảm16%,https://cellphones.com.vn/dien-thoai-xiaomi-redmi-17.html
mobile,Samsung Galaxy A06 5G 4GB 128GB,2.590.000đ,3.920.000đ,Giảm34%,https://cellphones.com.vn/dien-thoai-samsung-galaxy-a06-5g.html
mobile,Samsung Galaxy S25 Ultra 512GB,28.990.000đ,39.490.000đ,Giảm27%,https://cellphones.com.vn/dien-thoai-samsung-galaxy-s25-ultra-512gb.html
mobile,Xiaomi Redmi 15C 8GB 256GB NFC,4.990.000đ,5.690.000đ,Giảm12%,https://cellphones.com.vn/dien-thoai-xiaomi-redmi-15c-8gb-256gb.html
mobile,Xiaomi Redmi A7 Pro 4GB 128GB NFC,3.890.000đ,4.490.000đ,Giảm13%,https://cellphones.com.vn/dien-thoai-xiaomi-redmi-a7-pro.html
mobile,Điện thoại Itel P55 Plus NFC 8GB 256GB,3.590.000đ,3.990.000đ,Giảm10%,https://cellphones.com.vn/dien-thoai-itel-p55-plus-8gb-256gb.html
mobile,OPPO Find X8 16GB 512GB,19.490.000đ,22.990.000đ,Giảm15%,https://cellphones.com.vn/dien-thoai-oppo-find-x8.html
mobile,HONOR Magic V5 16GB 512GB,33.490.000đ,44.990.000đ,Giảm26%,https://cellphones.com.vn/dien-thoai-honor-magic-v5.html
mobile,HONOR X7d 8GB 256GB,5.540.000đ,7.190.000đ,Giảm23%,https://cellphones.com.vn/dien-thoai-honor-x7d.html
mobile,Samsung Galaxy Z Fold8 5G 16GB 1TB,56.090.000đ,64.990.000đ,Giảm14%,https://cellphones.com.vn/dien-thoai-samsung-galaxy-z-fold-8-1tb.html
mobile,Xiaomi 15 Ultra 5G 16GB 512GB,25.990.000đ,34.360.000đ,Giảm24%,https://cellphones.com.vn/dien-thoai-xiaomi-15-ultra.html
mobile,Meizu Lucky 08 5G 12GB 256GB,6.290.000đ,7.490.000đ,Giảm16%,https://cellphones.com.vn/dien-thoai-meizu-lucky-08.html
mobile,Tecno Pova Curve 2 5G 8GB 128GB,8.990.000đ,10.990.000đ,Giảm18%,https://cellphones.com.vn/dien-thoai-tecno-pova-curve-2-5g.html
mobile,OPPO Reno10 Pro+ 5G 12GB 256GB,10.490.000đ,13.990.000đ,Giảm25%,https://cellphones.com.vn/oppo-reno10-pro-plus.html
mobile,Nubia Neo 5 GT 12GB 256GB,9.990.000đ,11.490.000đ,Giảm13%,https://cellphones.com.vn/dien-thoai-nubia-neo-5-gt-12gb-256gb.html
mobile,Nubia V80 Max 8GB 256GB,4.690.000đ,4.990.000đ,Giảm6%,https://cellphones.com.vn/dien-thoai-nubia-v80-max.html
mobile,HONOR X9d 5G 12GB 512GB,11.290.000đ,12.990.000đ,Giảm13%,https://cellphones.com.vn/dien-thoai-honor-x9d.html
mobile,Xiaomi Redmi 17 5G 4GB 128GB,5.190.000đ,6.490.000đ,Giảm20%,https://cellphones.com.vn/dien-thoai-xiaomi-redmi-17-5g.html
mobile,Samsung Galaxy S26 Ultra 5G 16GB 1TB,41.990.000đ,51.990.000đ,Giảm19%,https://cellphones.com.vn/dien-thoai-samsung-galaxy-s26-ultra-16gb-1tb.html
mobile,OPPO A6c 4GB 128GB,5.490.000đ,5.690.000đ,Giảm4%,https://cellphones.com.vn/dien-thoai-oppo-a6c-4gb-128gb.html
mobile,Sony Xperia 1 VII 12GB 256GB,23.990.000đ,34.990.000đ,Giảm31%,https://cellphones.com.vn/dien-thoai-sony-xperia-1-vii.html
mobile,Samsung Galaxy A55 5G 8GB 128GB,7.590.000đ,9.990.000đ,Giảm24%,https://cellphones.com.vn/samsung-galaxy-a55.html
mobile,Xiaomi 15T Pro 5G 12GB 512GB,15.990.000đ,19.490.000đ,Giảm18%,https://cellphones.com.vn/dien-thoai-xiaomi-15t-pro-5g.html
mobile,HONOR Win RT,Giá Liên Hệ,,,https://cellphones.com.vn/dien-thoai-honor-win-rt.html
mobile,TECNO Spark 40 Pro+ 8GB 256GB,5.190.000đ,5.690.000đ,Giảm9%,https://cellphones.com.vn/dien-thoai-tecno-spark-40-pro-plus.html
mobile,OPPO A6t Pro 8GB 128GB,10.990.000đ,,,https://cellphones.com.vn/dien-thoai-oppo-a6t-pro.html
mobile,Sony Xperia 10 VII 8GB 128GB,9.990.000đ,13.490.000đ,Giảm26%,https://cellphones.com.vn/dien-thoai-sony-xperia-10-vii.html
mobile,OPPO A6t 4GB 128GB,6.230.000đ,7.090.000đ,Giảm12%,https://cellphones.com.vn/dien-thoai-oppo-a6t-4gb-128gb.html
mobile,Điện thoại Meizu Mblu 22 Pro NFC 4GB 128GB,3.490.000đ,3.990.000đ,Giảm13%,https://cellphones.com.vn/dien-thoai-meizu-mblu-22-pro.html
mobile,OPPO A6c 4GB 64GB,4.490.000đ,4.690.000đ,Giảm4%,https://cellphones.com.vn/dien-thoai-oppo-a6c.html
mobile,ZTE Nubia Z60S Pro 16GB 512GB,11.490.000đ,12.000.000đ,Giảm4%,https://cellphones.com.vn/dien-thoai-zte-nubia-z60s-pro-16gb-512gb.html
mobile,iPhone Duo 256GB,64.990.000đ,,,https://cellphones.com.vn/iphone-duo-256gb.html
mobile,OPPO Reno14 5G 12GB 256GB,15.500.000đ,15.990.000đ,Giảm3%,https://cellphones.com.vn/dien-thoai-oppo-reno14.html
mobile,Nothing Phone 3A 8GB 128GB,8.790.000đ,8.990.000đ,Giảm2%,https://cellphones.com.vn/dien-thoai-nothing-phone-3a.html
mobile,OPPO A6t 6GB 256GB,7.940.000đ,8.990.000đ,Giảm12%,https://cellphones.com.vn/dien-thoai-oppo-a6t-6gb-256gb.html
mobile,realme GT Neo 3,Giá Liên Hệ,,,https://cellphones.com.vn/realme-gt-neo-3.html
mobile,iPhone 16 Pro 1TB | Chính hãng VN/A,35.990.000đ,43.990.000đ,Giảm18%,https://cellphones.com.vn/iphone-16-pro-1tb.html
mobile,Huawei Mate X7 16GB 512GB,42.990.000đ,54.990.000đ,Giảm22%,https://cellphones.com.vn/dien-thoai-huawei-mate-x7.html
mobile,OPPO Find X9 16GB 512GB,26.990.000đ,,,https://cellphones.com.vn/dien-thoai-oppo-find-x9-16gb-512gb.html
mobile,OPPO A79 5G 8GB 256GB,7.060.000đ,7.490.000đ,Giảm6%,https://cellphones.com.vn/oppo-a79.html
mobile,OPPO A6t 4GB 64GB,4.840.000đ,4.990.000đ,Giảm3%,https://cellphones.com.vn/dien-thoai-oppo-a6t.html
mobile,OPPO Find X5 Pro 5G 12GB 256GB,12.990.000đ,15.990.000đ,Giảm19%,https://cellphones.com.vn/oppo-find-x5-pro.html
mobile,Xiaomi 15 5G 12GB 512GB,18.990.000đ,26.500.000đ,Giảm28%,https://cellphones.com.vn/dien-thoai-xiaomi-15-12gb-512gb.html
mobile,Samsung Galaxy Note 10+ (Plus),26.990.000đ,,,https://cellphones.com.vn/samsung-galaxy-note-10-plus.html
mobile,Nubia V80 Max 6GB 128GB,3.890.000đ,3.990.000đ,Giảm3%,https://cellphones.com.vn/dien-thoai-nubia-v80-max-6gb-128gb.html
mobile,Điện thoại Meizu Mblu 22 4GB 128GB,2.990.000đ,3.390.000đ,Giảm12%,https://cellphones.com.vn/dien-thoai-meizu-mblu-22-4gb-128gb.html
mobile,TECNO Spark 50 4GB 128GB,4.790.000đ,4.990.000đ,Giảm4%,https://cellphones.com.vn/dien-thoai-tecno-spark-50.html
mobile,OPPO Find N3 16GB 512GB,26.990.000đ,44.990.000đ,Giảm40%,https://cellphones.com.vn/oppo-find-n3.html
mobile,Điện thoại trẻ em Masstel Alfa 5,1.050.000đ,1.390.000đ,Giảm24%,https://cellphones.com.vn/dien-thoai-masstel-alfa-5.html
mobile,Meizu Lucky 08 5G 8GB 256GB,5.790.000đ,6.490.000đ,Giảm11%,https://cellphones.com.vn/dien-thoai-meizu-lucky-08-8gb-256gb.html
mobile,OPPO A6 8GB 256GB,10.740.000đ,11.990.000đ,Giảm10%,https://cellphones.com.vn/dien-thoai-oppo-a6.html
mobile,Samsung Galaxy S20,21.490.000đ,,,https://cellphones.com.vn/samsung-galaxy-s20.html
mobile,Nubia Neo 3 4G 8GB 128GB,5.290.000đ,6.490.000đ,Giảm18%,https://cellphones.com.vn/dien-thoai-nubia-neo-3-4g.html
mobile,HONOR X7d 5G 8GB 256GB,6.540.000đ,7.990.000đ,Giảm18%,https://cellphones.com.vn/dien-thoai-honor-x7d-5g-8gb-256gb.html
mobile,Nubia V80 Design 4GB 128GB,3.690.000đ,3.990.000đ,Giảm8%,https://cellphones.com.vn/dien-thoai-nubia-v80-design-4gb-128gb.html
mobile,OPPO Reno12 F 5G 8GB 256GB,7.120.000đ,9.490.000đ,Giảm25%,https://cellphones.com.vn/dien-thoai-oppo-reno12-f.html
mobile,Samsung Galaxy S26 Plus 5G 12GB 512GB,29.990.000đ,35.990.000đ,Giảm17%,https://cellphones.com.vn/dien-thoai-samsung-galaxy-s26-plus-12gb-512gb.html
mobile,Nubia Air 5G 8GB 256GB,5.490.000đ,5.990.000đ,Giảm8%,https://cellphones.com.vn/dien-thoai-nubia-air-5g.html
mobile,OPPO A6 Pro 8GB 128GB,8.290.000đ,,,https://cellphones.com.vn/dien-thoai-oppo-a6-pro-8gb-128gb.html
mobile,Điện thoại Meizu Mblu 21 6GB 128GB,2.790.000đ,2.990.000đ,Giảm7%,https://cellphones.com.vn/dien-thoai-meizu-mblu-21-128gb.html
mobile,Nubia Neo 3 5G 8GB 256GB,5.090.000đ,5.490.000đ,Giảm7%,https://cellphones.com.vn/dien-thoai-nubia-neo-3-5g.html
mobile,Điện thoại Meizu Mblu 22 Pro NFC 6GB 256GB,3.690.000đ,3.990.000đ,Giảm8%,https://cellphones.com.vn/dien-thoai-meizu-mblu-22-pro-6gb-256gb.html
mobile,Nokia 220 4G,980.000đ,1.100.000đ,Giảm11%,https://cellphones.com.vn/nokia-220-4g.html
mobile,Samsung Galaxy S25 Plus 512GB,21.590.000đ,29.490.000đ,Giảm27%,https://cellphones.com.vn/dien-thoai-samsung-galaxy-s25-plus-512gb.html
mobile,Nothing Phone 2A 5G 8GB 128GB,7.190.000đ,8.990.000đ,Giảm20%,https://cellphones.com.vn/dien-thoai-nothing-phone-2a.html
mobile,TECNO CAMON 40 Pro 8GB 256GB,5.790.000đ,6.870.000đ,Giảm16%,https://cellphones.com.vn/dien-thoai-tecno-camon-40-pro.html
mobile,Nubia Neo 5 Max 5G 8GB 512GB,9.790.000đ,10.290.000đ,Giảm5%,https://cellphones.com.vn/dien-thoai-nubia-neo-5-max-8gb-512gb.html
mobile,vivo iQOO Z9 Turbo,Giá Liên Hệ,,,https://cellphones.com.vn/dien-thoai-vivo-qioo-z9-turbo.html
mobile,HONOR X6c 6GB 128GB NFC,4.190.000đ,4.590.000đ,Giảm9%,https://cellphones.com.vn/dien-thoai-honor-x6c.html
mobile,OPPO Find N,Giá Liên Hệ,,,https://cellphones.com.vn/oppo-find-n.html
mobile,OPPO Reno13 F 5G 12GB 256GB,8.990.000đ,10.990.000đ,Giảm18%,https://cellphones.com.vn/dien-thoai-oppo-reno13f-5g.html
mobile,Samsung Galaxy A08 4GB 64GB,4.640.000đ,4.790.000đ,Giảm3%,https://cellphones.com.vn/dien-thoai-samsung-galaxy-a08.html
mobile,Samsung Galaxy M55 12GB 256GB,7.990.000đ,10.990.000đ,Giảm27%,https://cellphones.com.vn/dien-thoai-samsung-galaxy-m55.html
mobile,Samsung Galaxy S24 8GB 512GB,14.990.000đ,26.490.000đ,Giảm43%,https://cellphones.com.vn/samsung-galaxy-s24-512gb.html
mobile,Điện thoại Meizu Mblu 22 3GB 64GB,2.990.000đ,,,https://cellphones.com.vn/dien-thoai-meizu-mblu-22.html
mobile,HONOR 400 5G 12GB 512GB,12.990.000đ,14.230.000đ,Giảm9%,https://cellphones.com.vn/dien-thoai-honor-400-5g-12gb-512gb.html
mobile,Nokia HMD 105 4G,750.000đ,,,https://cellphones.com.vn/nokia-hmd-105-4g.html
mobile,Samsung Galaxy Z Fold7 12GB 512GB,42.290.000đ,52.990.000đ,Giảm20%,https://cellphones.com.vn/dien-thoai-samsung-galaxy-z-fold-7-12gb-512gb.html
mobile,TECNO CAMON 40 8GB 256GB,5.390.000đ,6.380.000đ,Giảm16%,https://cellphones.com.vn/dien-thoai-tecno-camon-40-8gb-256gb.html
mobile,TECNO Spark Go 3 4GB 64GB,3.490.000đ,3.690.000đ,Giảm5%,https://cellphones.com.vn/dien-thoai-tecno-spark-go-3.html
mobile,Nothing Phone 2A 5G 12GB 256GB,8.490.000đ,10.190.000đ,Giảm17%,https://cellphones.com.vn/dien-thoai-nothing-phone-2a-12gb-256gb.html
mobile,Samsung Galaxy Z Flip7 12GB 512GB,24.990.000đ,34.990.000đ,Giảm29%,https://cellphones.com.vn/dien-thoai-samsung-galaxy-z-flip-7-12gb-512gb.html
mobile,Redmi K50 Gaming Edition,Giá Liên Hệ,,,https://cellphones.com.vn/redmi-k50-gaming-edition.html
mobile,Samsung Galaxy Note 10,13.800.000đ,22.990.000đ,Giảm40%,https://cellphones.com.vn/samsung-galaxy-note-10-chinh-hang.html
mobile,Điện thoại Meizu Mblu 22 Pro NFC 8GB 256GB,4.090.000đ,4.990.000đ,Giảm18%,https://cellphones.com.vn/dien-thoai-meizu-mblu-22-pro-8gb-256gb.html
mobile,realme 13+ 5G 8GB 256GB,6.590.000đ,9.490.000đ,Giảm31%,https://cellphones.com.vn/dien-thoai-realme-13-plus-5g.html
mobile,Samsung Galaxy A06 4GB 128GB,2.590.000đ,3.430.000đ,Giảm24%,https://cellphones.com.vn/dien-thoai-samsung-galaxy-a06.html
mobile,Xiaomi Redmi Note 11,3.890.000đ,4.690.000đ,Giảm17%,https://cellphones.com.vn/xiaomi-redmi-note-11.html
mobile,Redmi Turbo 5 Max,Giá Liên Hệ,,,https://cellphones.com.vn/dien-thoai-xiaomi-redmi-turbo-5-max.html
mobile,Nokia 3210 4G,1.470.000đ,1.490.000đ,Giảm1%,https://cellphones.com.vn/nokia-3210-4g.html
mobile,Masstel Izi 15 4G,420.000đ,450.000đ,Giảm7%,https://cellphones.com.vn/masstel-izi-15.html
mobile,OPPO A58 4G 6GB 128GB,4.090.000đ,4.990.000đ,Giảm18%,https://cellphones.com.vn/oppo-a58.html
mobile,Tecno Pova Curve 2 5G 8GB 256GB,9.990.000đ,12.690.000đ,Giảm21%,https://cellphones.com.vn/dien-thoai-tecno-pova-curve-2-5g-8gb-256gb.html
mobile,vivo Y28 8GB 256GB,6.490.000đ,,,https://cellphones.com.vn/dien-thoai-vivo-y28-8gb-256gb.html
mobile,OPPO A3 8GB 256GB,5.780.000đ,6.490.000đ,Giảm11%,https://cellphones.com.vn/dien-thoai-oppo-a3-8gb-256gb.html
mobile,Nokia 105 4G Pro,780.000đ,,,https://cellphones.com.vn/nokia-105-4g-pro.html
mobile,HONOR Power 2,Giá Liên Hệ,,,https://cellphones.com.vn/dien-thoai-honor-power-2.html
mobile,Xiaomi Redmi Note 12 Pro 4G,Giá Liên Hệ,,,https://cellphones.com.vn/xiaomi-redmi-note-12-pro-56074.html
mobile,Nokia 110 4G Pro,850.000đ,,,https://cellphones.com.vn/nokia-110-4g-pro.html
mobile,Xiaomi POCO F8 Ultra 12GB 256GB,Giá Liên Hệ,,,https://cellphones.com.vn/dien-thoai-xiaomi-poco-f8-ultra.html
mobile,OPPO A5i Pro 8GB 128GB,6.290.000đ,,,https://cellphones.com.vn/dien-thoai-oppo-a5i-pro.html
mobile,OPPO A3 6GB 128GB,4.500.000đ,4.990.000đ,Giảm10%,https://cellphones.com.vn/dien-thoai-oppo-a3.html
mobile,Điện thoại Samsung Galaxy gập mới,Giá Liên Hệ,,,https://cellphones.com.vn/dien-thoai-samsung-galaxy-gap-moi.html
mobile,OPPO Reno8 5G (8GB 256GB),13.990.000đ,,,https://cellphones.com.vn/oppo-reno-8-5g.html
mobile,Xiaomi 13 Pro (12GB - 256GB),24.490.000đ,29.990.000đ,Giảm18%,https://cellphones.com.vn/xiaomi-13-pro.html
mobile,Điện thoại Nubia A56 4GB 128GB,3.390.000đ,,,https://cellphones.com.vn/dien-thoai-nubia-a56-4gb-128gb.html
mobile,Nubia V70 Max 6GB 128GB,2.590.000đ,,,https://cellphones.com.vn/dien-thoai-nubia-v70-max-6gb-128gb.html
mobile,Nubia V80 Max 8GB 128GB,4.990.000đ,,,https://cellphones.com.vn/dien-thoai-nubia-v80-max-8gb-128gb.html
mobile,Xiaomi Redmi Note 12 Turbo,Giá Liên Hệ,,,https://cellphones.com.vn/redmi-note-12-turbo.html
mobile,Xiaomi Redmi Turbo 4,Giá Liên Hệ,,,https://cellphones.com.vn/dien-thoai-xiaomi-redmi-turbo-4.html
mobile,Huawei Mate XT Ultimate,Giá Liên Hệ,,,https://cellphones.com.vn/dien-thoai-huawei-mate-xt-ultimate.html
mobile,vivo iQOO Z9,Giá Liên Hệ,,,https://cellphones.com.vn/dien-thoai-vivo-qioo-z9.html
mobile,Điện thoại Meizu Mblu 21 4GB 64GB,2.290.000đ,2.490.000đ,Giảm8%,https://cellphones.com.vn/dien-thoai-meizu-mblu-21.html
mobile,OPPO A58 8GB 128GB,4.500.000đ,5.490.000đ,Giảm18%,https://cellphones.com.vn/oppo-a58-8gb-128gb.html
mobile,Xiaomi Redmi 13,3.990.000đ,,,https://cellphones.com.vn/dien-thoai-xiaomi-redmi-13.html
mobile,Xiaomi Poco F7 Pro,Giá Liên Hệ,,,https://cellphones.com.vn/dien-thoai-xiaomi-poco-f7-pro.html
mobile,Honor X5c Plus 4GB 64GB,3.390.000đ,3.690.000đ,Giảm8%,https://cellphones.com.vn/dien-thoai-honor-x5c-plus.html
mobile,vivo Y16 4GB 128GB,4.490.000đ,,,https://cellphones.com.vn/vivo-y16.html
mobile,HONOR Play 10 4GB 128GB,3.690.000đ,4.390.000đ,Giảm16%,https://cellphones.com.vn/dien-thoai-honor-play-10-4gb-128gb.html
mobile,Huawei P60 Pro,Giá Liên Hệ,,,https://cellphones.com.vn/huawei-p60-pro.html
mobile,Honor X5c Plus 4GB 128GB,3.790.000đ,3.990.000đ,Giảm5%,https://cellphones.com.vn/dien-thoai-honor-x5c-plus-4gb-128gb.html
mobile,Google Pixel 6,Giá Liên Hệ,,,https://cellphones.com.vn/google-pixel-6.html
mobile,Huawei P60,Giá Liên Hệ,,,https://cellphones.com.vn/huawei-p60.html
mobile,Xiaomi Black Shark 5,Giá Liên Hệ,,,https://cellphones.com.vn/xiaomi-black-shark-5.html
mobile,POCO F6,Giá Liên Hệ,,,https://cellphones.com.vn/dien-thoai-xiaomi-poco-f6.html
mobile,Benco S1 Pro 8GB 256GB,Giá Liên Hệ,,,https://cellphones.com.vn/dien-thoai-benco-s1-pro.html
mobile,TCL 40 NXT PAPER 8GB 256GB,4.490.000đ,,,https://cellphones.com.vn/tcl-40-nxt-paper.html
mobile,OPPO A7 Pro 5G,Giá Liên Hệ,,,https://cellphones.com.vn/dien-thoai-oppo-a7-pro-5g.html
mobile,Masstel izi T8,530.000đ,550.000đ,Giảm4%,https://cellphones.com.vn/dien-thoai-masstel-izi-t8.html
mobile,Honor Magic 5 Pro,Giá Liên Hệ,,,https://cellphones.com.vn/honor-magic-5-pro.html
mobile,Nubia Red Magic 9 Pro,Giá Liên Hệ,,,https://cellphones.com.vn/dien-thoai-nubia-red-magic-9-pro.html
mobile,Masstel Fami 8 4G,580.000đ,600.000đ,Giảm3%,https://cellphones.com.vn/dien-thoai-masstel-fami-8.html
mobile,Xiaomi 15 Pro,Giá Liên Hệ,,,https://cellphones.com.vn/dien-thoai-xiaomi-15-pro.html
mobile,Điện thoại Xiaomi 17 Pro Max,Giá Liên Hệ,,,https://cellphones.com.vn/dien-thoai-xiaomi-17-pro-max.html
mobile,Viettel T2 4G,530.000đ,550.000đ,Giảm4%,https://cellphones.com.vn/dien-thoai-viettel-t2-4g.html
mobile,Honor Magic 6 Pro,Giá Liên Hệ,,,https://cellphones.com.vn/dien-thoai-honor-magic-6-pro-77856.html
mobile,Masstel izi T5 plus 4G,530.000đ,550.000đ,Giảm4%,https://cellphones.com.vn/dien-thoai-masstel-izi-t5-plus.html
mobile,Honor Magic 5,Giá Liên Hệ,,,https://cellphones.com.vn/honor-magic-5.html
mobile,Google Pixel 7 Pro,Giá Liên Hệ,,,https://cellphones.com.vn/google-pixel-7-pro.html
mobile,Masstel Izi S8,485.000đ,505.000đ,Giảm4%,https://cellphones.com.vn/dien-thoai-masstel-izi-s8.html
mobile,OPPO A56,Giá Liên Hệ,,,https://cellphones.com.vn/oppo-a56.html
mobile,Xiaomi 13 Ultra,Giá Liên Hệ,,,https://cellphones.com.vn/xiaomi-13-ultra.html
mobile,Xiaomi 18 Pro Max 5G 12GB 256GB,Giá Liên Hệ,,,https://cellphones.com.vn/dien-thoai-xiaomi-18-pro-max.html
mobile,Xiaomi Redmi K70,Giá Liên Hệ,,,https://cellphones.com.vn/xiaomi-redmi-k70.html
mobile,Xiaomi 17 5G,Giá Liên Hệ,,,https://cellphones.com.vn/dien-thoai-xiaomi-17-5g.html
mobile,Xiaomi 18 Pro Max 5G 16GB 512GB,Giá Liên Hệ,,,https://cellphones.com.vn/dien-thoai-xiaomi-18-pro-max-16gb-512gb.html
mobile,Masstel izi  22,470.000đ,490.000đ,Giảm4%,https://cellphones.com.vn/dien-thoai-masstel-izi-22.html
mobile,Masstel Fami 25,650.000đ,680.000đ,Giảm4%,https://cellphones.com.vn/dien-thoai-masstel-fami-25.html
mobile,Honor X40 5G,Giá Liên Hệ,,,https://cellphones.com.vn/honor-x40.html
mobile,TECNO Pova 8 8GB 128GB,Giá Liên Hệ,,,https://cellphones.com.vn/dien-thoai-tecno-pova-8.html
mobile,Nothing Phone 2,Giá Liên Hệ,,,https://cellphones.com.vn/nothing-phone-2.html
mobile,Google Pixel 9 Pro,Giá Liên Hệ,,,https://cellphones.com.vn/dien-thoai-google-pixel-9-pro.html
mobile,Huawei Mate X6,Giá Liên Hệ,,,https://cellphones.com.vn/dien-thoai-huawei-mate-x6.html
mobile,realme GT Neo 5,Giá Liên Hệ,,,https://cellphones.com.vn/realme-gt-neo-5.html
mobile,Xiaomi 17 5G 12GB 512GB,Giá Liên Hệ,,,https://cellphones.com.vn/dien-thoai-xiaomi-17-12gb-512gb.html
mobile,Infinix HOT 50i 4GB 128GB,Giá Liên Hệ,,,https://cellphones.com.vn/dien-thoai-infinix-hot-50i.html
mobile,Masstel izi S5 4G,440.000đ,,,https://cellphones.com.vn/dien-thoai-masstel-izi-s5.html
mobile,iPhone Duo 512GB,71.490.000đ,,,https://cellphones.com.vn/iphone-duo-512gb.html
mobile,OPPO Find X7 Pro,Giá Liên Hệ,,,https://cellphones.com.vn/oppo-find-x7-pro.html
mobile,Realme V30,Giá Liên Hệ,,,https://cellphones.com.vn/realme-v30.html
mobile,Google Pixel 7,Giá Liên Hệ,,,https://cellphones.com.vn/google-pixel-7.html
mobile,Google Pixel 9,Giá Liên Hệ,,,https://cellphones.com.vn/dien-thoai-google-pixel-9.html
mobile,Huawei Mate 60 Pro,Giá Liên Hệ,,,https://cellphones.com.vn/huawei-mate-60-pro.html
mobile,Samsung Galaxy Buddy2,Giá Liên Hệ,,,https://cellphones.com.vn/samsung-galaxy-buddy2.html
mobile,Điện thoại Xiaomi 17 Pro,Giá Liên Hệ,,,https://cellphones.com.vn/dien-thoai-xiaomi-17-pro.html
mobile,Meizu 20,Giá Liên Hệ,,,https://cellphones.com.vn/meizu-20.html
mobile,HONOR 600S 6GB 128GB,Giá Liên Hệ,,,https://cellphones.com.vn/dien-thoai-honor-600s.html
mobile,Nothing Phone (4a) Pro 5G 12GB/256GB,Giá Liên Hệ,,,https://cellphones.com.vn/dien-thoai-nothing-phone-4a-pro.html
mobile,Google Pixel Fold,Giá Liên Hệ,,,https://cellphones.com.vn/google-pixel-fold.html
mobile,Google Pixel 8 Pro,Giá Liên Hệ,,,https://cellphones.com.vn/google-pixel-8-pro.html
mobile,Xiaomi Redmi K70 Pro,Giá Liên Hệ,,,https://cellphones.com.vn/xiaomi-redmi-k70-pro.html
mobile,OnePlus Nord N30,Giá Liên Hệ,,,https://cellphones.com.vn/oneplus-nord-n30.html
mobile,Xiaomi Mix Fold 3,Giá Liên Hệ,,,https://cellphones.com.vn/xiaomi-mix-fold-3.html
mobile,Honor 200 Pro,Giá Liên Hệ,,,https://cellphones.com.vn/dien-thoai-honor-200-pro.html
mobile,Redmi K60,Giá Liên Hệ,,,https://cellphones.com.vn/xiaomi-redmi-k60.html
mobile,Samsung Galaxy M44,Giá Liên Hệ,,,https://cellphones.com.vn/samsung-galaxy-m44.html
mobile,Infinix GT 20 Pro 12GB 256GB,Giá Liên Hệ,,,https://cellphones.com.vn/dien-thoai-infinix-gt-20-pro.html
mobile,Xiaomi 18 Pro 5G 12GB 256GB,Giá Liên Hệ,,,https://cellphones.com.vn/dien-thoai-xiaomi-18-pro.html
mobile,Redmi K60 Pro 5G,Giá Liên Hệ,,,https://cellphones.com.vn/xiaomi-redmi-k60-pro.html
mobile,OPPO Find X8 Pro 5G 16GB 512GB,Giá Liên Hệ,,,https://cellphones.com.vn/dien-thoai-oppo-find-x8-pro.html
mobile,huawei p60 art,Giá Liên Hệ,,,https://cellphones.com.vn/huawei-p60-art.html
mobile,Xiaomi 18 Pro Max 5G 16GB 1TB,Giá Liên Hệ,,,https://cellphones.com.vn/dien-thoai-xiaomi-18-pro-max-16gb-1tb.html
mobile,Xiaomi 18 Pro 5G 12GB 512GB,Giá Liên Hệ,,,https://cellphones.com.vn/dien-thoai-xiaomi-18-pro-12gb-512gb.html
mobile,Xiaomi POCO M7,Giá Liên Hệ,,,https://cellphones.com.vn/dien-thoai-xiaomi-poco-m7.html
mobile,Honor X8A,Giá Liên Hệ,,,https://cellphones.com.vn/honor-x8a.html
mobile,vivo X90 Pro,Giá Liên Hệ,,,https://cellphones.com.vn/vivo-x90-pro.html
mobile,Xiaomi Redmi Note 13 Turbo,Giá Liên Hệ,,,https://cellphones.com.vn/dien-thoai-xiaomi-redmi-note-13-turbo.html
mobile,realme GT6 Pro,Giá Liên Hệ,,,https://cellphones.com.vn/dien-thoai-realme-gt6-pro.html
mobile,Xiaomi 14 Pro,Giá Liên Hệ,,,https://cellphones.com.vn/xiaomi-14-pro.html
mobile,OPPO Find X7 5G 12GB 256GB,Giá Liên Hệ,,,https://cellphones.com.vn/oppo-find-x7.html
mobile,Xiaomi Mi 10 Ultra,Giá Liên Hệ,,,https://cellphones.com.vn/xiaomi-mi-10-ultra.html
mobile,ViVo iQOO 10 Pro,Giá Liên Hệ,,,https://cellphones.com.vn/vivo-iqoo-10-pro.html
mobile,realme C75X 8GB-128GB,Giá Liên Hệ,,,https://cellphones.com.vn/dien-thoai-realme-c75x.html
mobile,iQOO 11,Giá Liên Hệ,,,https://cellphones.com.vn/iqoo-11.html
mobile,Red Magic 7S Pro,Giá Liên Hệ,,,https://cellphones.com.vn/nubia-red-magic-7s-pro.html
mobile,Samsung Galaxy A21s 6GB,4.690.000đ,,,https://cellphones.com.vn/samsung-galaxy-a21s-6gb.html
mobile,Nothing Phone 3A 12GB 256GB,9.990.000đ,10.190.000đ,Giảm2%,https://cellphones.com.vn/dien-thoai-nothing-phone-3a-12gb-256gb.html
mobile,Samsung Galaxy A75,Giá Liên Hệ,,,https://cellphones.com.vn/samsung-galaxy-a75.html
mobile,Google Pixel 9 Pro XL,Giá Liên Hệ,,,https://cellphones.com.vn/dien-thoai-google-pixel-9-pro-xl.html
mobile,Điện thoại Xiaomi Poco F7,Giá Liên Hệ,,,https://cellphones.com.vn/dien-thoai-xiaomi-poco-f7.html
mobile,Vivo X90,Giá Liên Hệ,,,https://cellphones.com.vn/vivo-x90.html
mobile,OPPO Reno16 Pro,Giá Liên Hệ,,,https://cellphones.com.vn/dien-thoai-oppo-reno16-pro.html
mobile,Xiaomi POCO F5 Pro,Giá Liên Hệ,,,https://cellphones.com.vn/xiaomi-poco-f5-pro.html
mobile,OPPO Reno9 Pro,Giá Liên Hệ,,,https://cellphones.com.vn/oppo-reno-9-pro.html
mobile,ViVo iQOO 10,Giá Liên Hệ,,,https://cellphones.com.vn/vivo-iqoo-10.html
mobile,OPPO A2m,Giá Liên Hệ,,,https://cellphones.com.vn/oppo-a2m.html
mobile,ZTE Nubia Z60 Ultra,Giá Liên Hệ,,,https://cellphones.com.vn/zte-nubia-z60-ultra.html
mobile,Samsung Galaxy Tab S10 FE 5G,Giá Liên Hệ,,,https://cellphones.com.vn/dien-thoai-samsung-galaxy-tab-s10-fe-5g-99771.html
mobile,Xiaomi Redmi Note 14 Pro 5G 8GB 256GB,Giá Liên Hệ,,,https://cellphones.com.vn/xiaomi-redmi-note-14-pro-5g-8gb-256gb.html
mobile,OPPO Find N2,Giá Liên Hệ,,,https://cellphones.com.vn/oppo-find-n2.html
mobile,Xiaomi 18 Pro 5G 16GB 512GB,Giá Liên Hệ,,,https://cellphones.com.vn/dien-thoai-xiaomi-18-pro-16gb-512gb.html
mobile,Realme GT Neo 6,Giá Liên Hệ,,,https://cellphones.com.vn/realme-gt-neo-6.html
mobile,Motorola Razr 40 Ultra,Giá Liên Hệ,,,https://cellphones.com.vn/motorola-razr-40-ultra.html
mobile,Samsung Galaxy M16 5G,Giá Liên Hệ,,,https://cellphones.com.vn/dien-thoai-samsung-galaxy-m16-5g.html
mobile,Samsung Galaxy A24,Giá Liên Hệ,,,https://cellphones.com.vn/samsung-galaxy-a24.html
mobile,Vivo Y56,Giá Liên Hệ,,,https://cellphones.com.vn/vivo-y56.html
mobile,OPPO Find X8 Ultra,Giá Liên Hệ,,,https://cellphones.com.vn/dien-thoai-oppo-find-x8-ultra.html
mobile,Samsung Galaxy A06s,Giá Liên Hệ,,,https://cellphones.com.vn/dien-thoai-samsung-galaxy-a06s.html
mobile,Samsung A56 5G 12GB - 256GB,Giá Liên Hệ,,,https://cellphones.com.vn/dien-thoai-samsung-galaxy-a56-12gb-256gb.html
mobile,Xiaomi Mix Alpha,Giá Liên Hệ,,,https://cellphones.com.vn/xiaomi-mix-alpha.html
mobile,Nothing Phone (4a) 5G 8GB/128GB,Giá Liên Hệ,,,https://cellphones.com.vn/dien-thoai-nothing-phone-4a.html
mobile,Samsung Galaxy A74,Giá Liên Hệ,,,https://cellphones.com.vn/samsung-galaxy-a74.html
mobile,Honor X9,Giá Liên Hệ,,,https://cellphones.com.vn/honor-x9.html
mobile,Moto G Power 5G,Giá Liên Hệ,,,https://cellphones.com.vn/moto-g-power-5g.html
mobile,Sharp Aquos R8,Giá Liên Hệ,,,https://cellphones.com.vn/sharp-aquos-r8.html
mobile,Samsung Galaxy A18 6GB 128GB,Giá Liên Hệ,,,https://cellphones.com.vn/dien-thoai-samsung-galaxy-a18.html
mobile,vivo iQOO Z9x,Giá Liên Hệ,,,https://cellphones.com.vn/dien-thoai-vivo-qioo-z9x.html
mobile,HONOR Magic V Flip 2,Giá Liên Hệ,,,https://cellphones.com.vn/dien-thoai-honor-magic-v-flip-2.html
mobile,Oneplus Ace 2 Pro,Giá Liên Hệ,,,https://cellphones.com.vn/oneplus-ace-2-pro.html
mobile,Doogee V30 Pro,Giá Liên Hệ,,,https://cellphones.com.vn/doogee-v30-pro.html
mobile,Samsung Galaxy A16 5G 8GB 256GB,Giá Liên Hệ,,,https://cellphones.com.vn/dien-thoai-samsung-galaxy-a16-256gb.html
mobile,Xiaomi Redmi Note 14 Pro,Giá Liên Hệ,,,https://cellphones.com.vn/dien-thoai-xiaomi-redmi-note-14-pro.html
mobile,realme C75 (8GB-128GB),Giá Liên Hệ,,,https://cellphones.com.vn/dien-thoai-realme-c75.html
mobile,Vivo S1,Giá Liên Hệ,,,https://cellphones.com.vn/vivo-s1.html
mobile,Vivo Y01,Giá Liên Hệ,,,https://cellphones.com.vn/vivo-y01.html
mobile,Sony Xperia 10 VIII,Giá Liên Hệ,,,https://cellphones.com.vn/dien-thoai-sony-xperia-10-viii.html
mobile,OPPO A58 8GB 256GB,Giá Liên Hệ,,,https://cellphones.com.vn/oppo-a58-256gb.html
mobile,Vivo iQOO 9 Pro,Giá Liên Hệ,,,https://cellphones.com.vn/vivo-iqoo-9-pro.html
mobile,Realme GT3,Giá Liên Hệ,,,https://cellphones.com.vn/realme-gt3.html
mobile,OPPO A97,Giá Liên Hệ,,,https://cellphones.com.vn/oppo-a97.html
mobile,Huawei Nova 11i,Giá Liên Hệ,,,https://cellphones.com.vn/huawei-nova-11i.html
mobile,realme 10 Pro Plus,Giá Liên Hệ,,,https://cellphones.com.vn/realme-10-pro-plus.html
mobile,Honor 200 Lite,Giá Liên Hệ,,,https://cellphones.com.vn/dien-thoai-honor-200-lite.html
mobile,Vivo X90 Pro Plus,Giá Liên Hệ,,,https://cellphones.com.vn/vivo-x90-pro-plus.html
mobile,Vivo Y66,Giá Liên Hệ,,,https://cellphones.com.vn/vivo-y66.html
mobile,Honor X7,Giá Liên Hệ,,,https://cellphones.com.vn/honor-x7.html
mobile,vivo X Note,Giá Liên Hệ,,,https://cellphones.com.vn/vivo-x-note.html
mobile,Meizu 20 Pro,Giá Liên Hệ,,,https://cellphones.com.vn/meizu-20-pro.html
mobile,Xiaomi Redmi Note 12T Pro,Giá Liên Hệ,,,https://cellphones.com.vn/xiaomi-redmi-note-12t-pro.html
mobile,OPPO Find X6 Pro,Giá Liên Hệ,,,https://cellphones.com.vn/oppo-find-x6-pro.html
mobile,Tecno Spark 7,Giá Liên Hệ,,,https://cellphones.com.vn/tecno-spark-7.html
mobile,Xperia 10 V,Giá Liên Hệ,,,https://cellphones.com.vn/sony-xperia-10v-72444.html
mobile,Google Pixel 6a,Giá Liên Hệ,,,https://cellphones.com.vn/google-pixel-6-a.html
mobile,Xiaomi Redmi A5 4G,Giá Liên Hệ,,,https://cellphones.com.vn/dien-thoai-xiaomi-redmi-a5-4g.html
mobile,Leitz Phone 1,Giá Liên Hệ,,,https://cellphones.com.vn/leitz-phone.html
mobile,ZenFone 10,Giá Liên Hệ,,,https://cellphones.com.vn/asus-zenfone-10.html
mobile,Nothing Phone 3A Pro,Giá Liên Hệ,,,https://cellphones.com.vn/dien-thoai-nothing-phone-3a-pro.html
mobile,OPPO K10x,Giá Liên Hệ,,,https://cellphones.com.vn/oppo-k10x.html
mobile,Samsung Galaxy S24FE 5G 8GB 256GB,Giá Liên Hệ,,,https://cellphones.com.vn/dien-thoai-samsung-galaxy-s24-fe-256gb.html
mobile,iQOO Neo 7 Pro,Giá Liên Hệ,,,https://cellphones.com.vn/vivo-iqoo-neo-7-pro.html
mobile,Huawei Mate 50E,Giá Liên Hệ,,,https://cellphones.com.vn/huawei-mate-50e.html
mobile,Xiaomi 14 Lite,Giá Liên Hệ,,,https://cellphones.com.vn/xiaomi-14-lite.html
mobile,Realme GT Neo 5 SE,Giá Liên Hệ,,,https://cellphones.com.vn/realme-gt-neo-5-se.html
mobile,OPPO Reno12 F 4G 8GB 256GB,Giá Liên Hệ,,,https://cellphones.com.vn/dien-thoai-oppo-reno-12f-4g.html
mobile,Xiaomi Poco F4 GT,Giá Liên Hệ,,,https://cellphones.com.vn/xiaomi-poco-f4-gt.html
mobile,Xiaomi Redmi Note 14 Pro 8GB 128GB,Giá Liên Hệ,,,https://cellphones.com.vn/dien-thoai-xiaomi-redmi-note-14-pro-8gb-128gb.html
mobile,Realme Narzo 50i Prime,Giá Liên Hệ,,,https://cellphones.com.vn/realme-narzo-50i-prime.html
mobile,Xiaomi Civi 1S,Giá Liên Hệ,,,https://cellphones.com.vn/xiaomi-civi-1s.html
mobile,Huawei Enjoy 60X,Giá Liên Hệ,,,https://cellphones.com.vn/huawei-enjoy-60x.html
mobile,Google Pixel 5,Giá Liên Hệ,,,https://cellphones.com.vn/google-pixel-5.html
mobile,vivo X100 Pro,Giá Liên Hệ,,,https://cellphones.com.vn/dien-thoai-vivo-x100-pro.html
mobile,Xiaomi Mi 10T,Giá Liên Hệ,,,https://cellphones.com.vn/xiaomi-mi-10t.html
mobile,OPPO Reno 11 A,Giá Liên Hệ,,,https://cellphones.com.vn/dien-thoai-oppo-reno-11-a.html
mobile,Realme V30t,Giá Liên Hệ,,,https://cellphones.com.vn/realme-v30t.html
mobile,TCL 406S 4GB 64GB,1.990.000đ,,,https://cellphones.com.vn/dien-thoai-tcl-406s.html
mobile,Xiaomi Redmi Note 14 8GB 128GB,Giá Liên Hệ,,,https://cellphones.com.vn/dien-thoai-xiaomi-redmi-note-14-8gb-128gb.html
mobile,ZTE Nubia Z50 Ultra,Giá Liên Hệ,,,https://cellphones.com.vn/zte-nubia-z50-ultra.html
mobile,Samsung Galaxy A55 5G 12GB 256GB,Giá Liên Hệ,,,https://cellphones.com.vn/dien-thoai-samsung-galaxy-a55-5g-12gb-256gb.html
mobile,TCL 40SE 4GB 128GB,3.390.000đ,,,https://cellphones.com.vn/tcl-40-se.html
mobile,Redmi Note 12T Pro,Giá Liên Hệ,,,https://cellphones.com.vn/redmi-note-12t-pro-64076.html
mobile,Samsung W22,Giá Liên Hệ,,,https://cellphones.com.vn/samsung-galaxy-w22.html
mobile,Samsung Galaxy A15 5G,Giá Liên Hệ,,,https://cellphones.com.vn/dien-thoai-samsung-galaxy-a15-5g.html
mobile,Xiaomi Redmi Note 14S,Giá Liên Hệ,,,https://cellphones.com.vn/dien-thoai-xiaomi-redmi-note-14s.html
mobile,OPPO A2,Giá Liên Hệ,,,https://cellphones.com.vn/oppo-a2.html
mobile,Nokia X30 5G,Giá Liên Hệ,,,https://cellphones.com.vn/nokia-x30.html
mobile,OPPO A2x,Giá Liên Hệ,,,https://cellphones.com.vn/oppo-a2x.html
mobile,Honor 90 Pro,Giá Liên Hệ,,,https://cellphones.com.vn/honor-90-pro.html
mobile,Honor Magic 2,Giá Liên Hệ,,,https://cellphones.com.vn/honor-magic-2.html
mobile,Samsung A06 5G 4GB-64GB,Giá Liên Hệ,,,https://cellphones.com.vn/dien-thoai-samsung-galaxy-a06-4gb-64gb.html
mobile,Asus Rog Phone 8 ultimate,Giá Liên Hệ,,,https://cellphones.com.vn/asus-rog-phone-8-ultimate.html
mobile,Xiaomi POCO C65,Giá Liên Hệ,,,https://cellphones.com.vn/xiaomi-poco-c65.html
mobile,Huawei Nova Y91,Giá Liên Hệ,,,https://cellphones.com.vn/huawei-nova-y91.html
mobile,Nokia 150,Giá Liên Hệ,,,https://cellphones.com.vn/nokia-150.html
mobile,Motorola Moto G73,Giá Liên Hệ,,,https://cellphones.com.vn/motorola-moto-g73.html
mobile,Tecno Camon Slim 4G 8GB 128GB,Giá Liên Hệ,,,https://cellphones.com.vn/dien-thoai-tecno-camon-slim-4g.html
mobile,Xiaomi 18 Pro 5G 16GB 1TB,Giá Liên Hệ,,,https://cellphones.com.vn/dien-thoai-xiaomi-18-pro-16gb-1tb.html
mobile,OPPO Reno13F 5G 12GB-512GB,Giá Liên Hệ,,,https://cellphones.com.vn/dien-thoai-oppo-reno13f-5g-12gb-512gb.html
mobile,Honor 80 GT,Giá Liên Hệ,,,https://cellphones.com.vn/honor-80-gt.html
mobile,Vivo V27,Giá Liên Hệ,,,https://cellphones.com.vn/vivo-v27.html
mobile,OPPO A1 Pro,Giá Liên Hệ,,,https://cellphones.com.vn/oppo-a1-pro.html
mobile,Itel A70,Giá Liên Hệ,,,https://cellphones.com.vn/itel-a70.html
mobile,Google Pixel 6 Pro,Giá Liên Hệ,,,https://cellphones.com.vn/google-pixel-6-pro.html
mobile,HTC Wildfire E3 Lite,Giá Liên Hệ,,,https://cellphones.com.vn/htc-wildfire-e3-lite.html
mobile,vivo Y36 8GB 256GB,Giá Liên Hệ,,,https://cellphones.com.vn/dien-thoai-vivo-y36-8gb-256gb-79124.html
mobile,Nubia Red Magic 10,Giá Liên Hệ,,,https://cellphones.com.vn/dien-thoai-nubia-red-magic-10.html
mobile,Xiaomi Redmi Note 10T,Giá Liên Hệ,,,https://cellphones.com.vn/xiaomi-redmi-note-10t.html
mobile,Vivo V7,Giá Liên Hệ,,,https://cellphones.com.vn/vivo-v7.html
mobile,Realme V20 5G,Giá Liên Hệ,,,https://cellphones.com.vn/realme-v20.html
mobile,Xiaomi Redmi K70e,Giá Liên Hệ,,,https://cellphones.com.vn/xiaomi-redmi-k70e.html
mobile,Nothing Phone 1,Giá Liên Hệ,,,https://cellphones.com.vn/nothing-phone-1.html
mobile,Vivo Nex 3,Giá Liên Hệ,,,https://cellphones.com.vn/vivo-nex-3.html
mobile,Infinix Note 30 Pro,Giá Liên Hệ,,,https://cellphones.com.vn/infinix-note-30-pro.html
mobile,Google Pixel 9 Pro Fold,Giá Liên Hệ,,,https://cellphones.com.vn/dien-thoai-google-pixel-9-pro-fold.html
mobile,Xperia 5 V,Giá Liên Hệ,,,https://cellphones.com.vn/sony-xperia-5v.html
mobile,Điện thoại Xiaomi 15T Pro 12GB 256GB,Giá Liên Hệ,,,https://cellphones.com.vn/dien-thoai-xiaomi-15t-pro-12gb-256gb.html
mobile,Honor X9B,Giá Liên Hệ,,,https://cellphones.com.vn/dien-thoai-honor-x9b.html
mobile,Xiaomi 14T Pro 8GB 256GB,Giá Liên Hệ,,,https://cellphones.com.vn/xiaomi-14t-pro-8gb-256gb.html
mobile,OPPO K10 Pro,Giá Liên Hệ,,,https://cellphones.com.vn/oppo-k10-pro.html
mobile,OPPO A1x,Giá Liên Hệ,,,https://cellphones.com.vn/oppo-a1x.html
mobile,Nubia Redmagic 8s Pro 16GB 512GB Transparent,Giá Liên Hệ,,,https://cellphones.com.vn/nubia-redmagic-8s-pro-16gb-512gb-transparent.html
mobile,Xiaomi 14 12GB 256GB,Giá Liên Hệ,,,https://cellphones.com.vn/xiaomi-14-12gb-256gb-76428.html
mobile,Xiaomi Redmi Note 12R Pro,Giá Liên Hệ,,,https://cellphones.com.vn/xiaomi-redmi-note-12r-pro.html
mobile,realme 11X 5G,Giá Liên Hệ,,,https://cellphones.com.vn/realme-11x-5g.html
mobile,Huawei Nova 10,Giá Liên Hệ,,,https://cellphones.com.vn/huawei-nova-10.html
mobile,Xiaomi Redmi Note 13 12GB 256GB,Giá Liên Hệ,,,https://cellphones.com.vn/dien-thoai-xiaomi-redmi-note-13-12gb-256.html
mobile,Xiaomi Redmi Note 13R Pro,Giá Liên Hệ,,,https://cellphones.com.vn/dien-thoai-xiaomi-redmi-note-13r-pro.html
mobile,Vivo Y52,Giá Liên Hệ,,,https://cellphones.com.vn/vivo-y52.html
mobile,Xiaomi 18 Pro Max 5G 12GB 512GB,Giá Liên Hệ,,,https://cellphones.com.vn/dien-thoai-xiaomi-18-pro-max-12gb-523gb.html
mobile,Leitz Phone 2,Giá Liên Hệ,,,https://cellphones.com.vn/leitz-phone-2.html
mobile,Vivo iQOO Neo 8 Pro,Giá Liên Hệ,,,https://cellphones.com.vn/vivo-iqoo-neo-8-pro.html
mobile,Tecno Phantom V Fold,Giá Liên Hệ,,,https://cellphones.com.vn/tecno-phantom-v-fold.html
mobile,Asus ROG Phone 7 Pro,Giá Liên Hệ,,,https://cellphones.com.vn/asus-rog-phone-7-pro.html
mobile,Nokia 130,Giá Liên Hệ,,,https://cellphones.com.vn/nokia-130.html
mobile,OPPO Find X6,Giá Liên Hệ,,,https://cellphones.com.vn/oppo-find-x6.html
mobile,realme 12 Pro,Giá Liên Hệ,,,https://cellphones.com.vn/dien-thoai-realme-12-pro.html
mobile,Google Pixel 5a,Giá Liên Hệ,,,https://cellphones.com.vn/google-pixel-5-a.html
mobile,TCL 408 4GB 64GB,2.290.000đ,,,https://cellphones.com.vn/tcl-408.html
mobile,TCL 505,Giá Liên Hệ,,,https://cellphones.com.vn/dien-thoai-tcl-505.html
mobile,OPPO Find X7 Ultra 12GB 256GB,Giá Liên Hệ,,,https://cellphones.com.vn/oppo-find-x7-ultra.html
mobile,Xiaomi 14 Ultra 12GB 512GB,Giá Liên Hệ,,,https://cellphones.com.vn/xiaomi-14-ultra-12gb-512gb.html
mobile,Xiaomi 14 8GB 256GB,Giá Liên Hệ,,,https://cellphones.com.vn/xiaomi-14-8gb-256gb.html
mobile,Huawei Nova 12 Pro,Giá Liên Hệ,,,https://cellphones.com.vn/huawei-nova-12-pro.html
mobile,Blackview N6000,Giá Liên Hệ,,,https://cellphones.com.vn/blackview-n6000.html
mobile,vivo S19,Giá Liên Hệ,,,https://cellphones.com.vn/dien-thoai-vivo-s19.html
mobile,Xiaomi Redmi Note 14 Pro Plus 12GB 512GB,Giá Liên Hệ,,,https://cellphones.com.vn/dien-thoai-xiaomi-redmi-note-14-pro-plus-12gb-512gb.html
mobile,Tecno Pova 7 Neo,Giá Liên Hệ,,,https://cellphones.com.vn/dien-thoai-tecno-pova-7-neo.html
mobile,Honor 80 Pro,Giá Liên Hệ,,,https://cellphones.com.vn/honor-80-pro.html
mobile,Samsung Galaxy Z Flip 5 8GB 512GB,Giá Liên Hệ,,,https://cellphones.com.vn/samsung-galaxy-z-flip-5-512gb-63941.html-1
mobile,Motorola Edge plus,Giá Liên Hệ,,,https://cellphones.com.vn/motorola-edge-plus.html
mobile,Oneplus Nord N300,Giá Liên Hệ,,,https://cellphones.com.vn/oneplus-nord-n300.html
mobile,Motorola Edge 40,Giá Liên Hệ,,,https://cellphones.com.vn/motorola-edge-40.html
mobile,Sony Xperia 5 IV,Giá Liên Hệ,,,https://cellphones.com.vn/sony-xperia-5-iv.html
mobile,vivo V30 Pro,Giá Liên Hệ,,,https://cellphones.com.vn/dien-thoai-vivo-v30-pro.html
mobile,Honor X6,Giá Liên Hệ,,,https://cellphones.com.vn/honor-x6.html
mobile,Infinix Hot 50 Pro 8GB 256GB,Giá Liên Hệ,,,https://cellphones.com.vn/dien-thoai-infinix-hot-50-pro-94168.html
mobile,vivo Y200 Pro,Giá Liên Hệ,,,https://cellphones.com.vn/dien-thoai-vivo-y200-pro.html
mobile,realme 13+ 5G 12GB 256GB,Giá Liên Hệ,,,https://cellphones.com.vn/dien-thoai-realme-13-plus-5g-12gb-256gb.html
mobile,Vivo X80 Pro Plus,Giá Liên Hệ,,,https://cellphones.com.vn/vivo-x80-pro-plus.html
mobile,Huawei Pocket S,Giá Liên Hệ,,,https://cellphones.com.vn/huawei-pocket-s.html
mobile,OPPO PHF110,Giá Liên Hệ,,,https://cellphones.com.vn/oppo-phf110.html
mobile,Vivo Y85,Giá Liên Hệ,,,https://cellphones.com.vn/vivo-y85.html
mobile,Vivo Y91,Giá Liên Hệ,,,https://cellphones.com.vn/vivo-y91.html
mobile,Tecno Spark 10C,Giá Liên Hệ,,,https://cellphones.com.vn/tecno-spark-10c.html
mobile,Google Pixel 4 XL,Giá Liên Hệ,,,https://cellphones.com.vn/google-pixel-4-xl.html
mobile,OnePlus Nord CE 4 Lite,Giá Liên Hệ,,,https://cellphones.com.vn/dien-thoai-oneplus-nord-ce-4-lite.html
mobile,Samsung A06 5G 6GB - 128GB,Giá Liên Hệ,,,https://cellphones.com.vn/dien-thoai-samsung-galaxy-a06-6gb-128gb.html
mobile,Samsung A36 5G 8GB - 256GB,Giá Liên Hệ,,,https://cellphones.com.vn/dien-thoai-samsung-galaxy-a36-8gb-256gb.html
mobile,Vivo Y95,Giá Liên Hệ,,,https://cellphones.com.vn/vivo-y95.html
mobile,Xiaomi 13S Ultra,Giá Liên Hệ,,,https://cellphones.com.vn/xiaomi-13s-ultra.html
mobile,Oneplus 12,Giá Liên Hệ,,,https://cellphones.com.vn/oneplus-12.html
mobile,Honor 90,Giá Liên Hệ,,,https://cellphones.com.vn/honor-90.html
mobile,vivo IQOO Neo 8,Giá Liên Hệ,,,https://cellphones.com.vn/vivo-iqoo-neo-8.html
mobile,Motorola Edge 40 Pro,Giá Liên Hệ,,,https://cellphones.com.vn/motorola-edge-40-pro.html
mobile,Redmi K60 Ultra,Giá Liên Hệ,,,https://cellphones.com.vn/redmi-k60-ultra.html
mobile,realme GT 5 Pro,Giá Liên Hệ,,,https://cellphones.com.vn/realme-gt-5-pro.html
mobile,vivo y100i,Giá Liên Hệ,,,https://cellphones.com.vn/dien-thoai-vivo-y100i.html
mobile,Vivo Y77,Giá Liên Hệ,,,https://cellphones.com.vn/vivo-y77.html
mobile,Mobell M539 4G,Giá Liên Hệ,,,https://cellphones.com.vn/dien-thoai-mobell-m539-4g.html
mobile,Samsung Galaxy Note 20 Ultra 5G 512GB,32.990.000đ,,,https://cellphones.com.vn/samsung-galaxy-note-20-ultra-5g-512-gb.html
mobile,Doogee S100 Pro,Giá Liên Hệ,,,https://cellphones.com.vn/doogee-s100-pro.html
mobile,Realme GT Neo 6,Giá Liên Hệ,,,https://cellphones.com.vn/dien-thoai-realme-gt-neo-6.html
mobile,Samsung A26 5G 8GB - 256GB,Giá Liên Hệ,,,https://cellphones.com.vn/dien-thoai-samsung-galaxy-a26-8gb-256gb.html
mobile,OPPO K11,Giá Liên Hệ,,,https://cellphones.com.vn/oppo-k11.html
mobile,Masstel Izi 10 4G,Giá Liên Hệ,,,https://cellphones.com.vn/masstel-izi-10-4g.html
mobile,Sony Xperia X Compact,Giá Liên Hệ,,,https://cellphones.com.vn/sony-xperia-x-compact.html
mobile,Honor Magic V2,Giá Liên Hệ,,,https://cellphones.com.vn/honor-magic-v2.html
mobile,OPPO A56s,Giá Liên Hệ,,,https://cellphones.com.vn/oppo-a56s.html
mobile,Điện thoại Xiaomi 15T 12GB 256GB,Giá Liên Hệ,,,https://cellphones.com.vn/dien-thoai-xiaomi-15t-12gb-256gb.html
mobile,Honor Magic V3,Giá Liên Hệ,,,https://cellphones.com.vn/dien-thoai-honor-magic-v3.html
mobile,vivo S19 Pro,Giá Liên Hệ,,,https://cellphones.com.vn/dien-thoai-vivo-s19-pro.html
mobile,Xiaomi Redmi Note 12 Pro+,Giá Liên Hệ,,,https://cellphones.com.vn/xiaomi-redmi-note-12-pro-plus.html
mobile,Lenovo Legion Y70,Giá Liên Hệ,,,https://cellphones.com.vn/lenovo-legion-y70.html
mobile,Vivo Y97,Giá Liên Hệ,,,https://cellphones.com.vn/vivo-y97.html
mobile,Vivo Y67,Giá Liên Hệ,,,https://cellphones.com.vn/vivo-y67.html
mobile,Vivo X100,Giá Liên Hệ,,,https://cellphones.com.vn/vivo-x100.html
mobile,Vivo V29,Giá Liên Hệ,,,https://cellphones.com.vn/vivo-v29.html
mobile,Vivo S17,Giá Liên Hệ,,,https://cellphones.com.vn/vivo-s17.html
mobile,Vivo iQOO Z7x,Giá Liên Hệ,,,https://cellphones.com.vn/vivo-iqoo-z7x.html
mobile,Vivo Y71,Giá Liên Hệ,,,https://cellphones.com.vn/vivo-y71.html
mobile,Vivo Y27s,Giá Liên Hệ,,,https://cellphones.com.vn/dien-thoai-vivo-y27s.html
mobile,Google Pixel 4a,Giá Liên Hệ,,,https://cellphones.com.vn/google-pixel-4a.html
mobile,Samsung Galaxy C55,Giá Liên Hệ,,,https://cellphones.com.vn/dien-thoai-samsung-galaxy-c55.html
mobile,Samsung Galaxy A06 4GB 64GB,Giá Liên Hệ,,,https://cellphones.com.vn/dien-thoai-samsung-galaxy-a06-64gb.html
mobile,OPPO Reno13F 4G 12GB - 256GB,Giá Liên Hệ,,,https://cellphones.com.vn/dien-thoai-oppo-reno13f-4g-12gb-256gb.html
mobile,Xiaomi Redmi Note 14 Pro 12GB 512GB,Giá Liên Hệ,,,https://cellphones.com.vn/dien-thoai-xiaomi-redmi-note-14-pro-12gb-512gb.html
mobile,realme 12 Pro plus,Giá Liên Hệ,,,https://cellphones.com.vn/dien-thoai-realme-12-pro-plus.html
mobile,Infinix Zero 5G,Giá Liên Hệ,,,https://cellphones.com.vn/infinix-zero-5g.html
mobile,Blackview A95,Giá Liên Hệ,,,https://cellphones.com.vn/blackview-a95.html
mobile,Huawei Enjoy 60 Pro,Giá Liên Hệ,,,https://cellphones.com.vn/huawei-enjoy-60-pro.html
mobile,ASUS ROG Phone 6 Mediatek,Giá Liên Hệ,,,https://cellphones.com.vn/asus-rog-phone-6-mediatek.html
mobile,Vivo iQOO Z6,Giá Liên Hệ,,,https://cellphones.com.vn/vivo-iqoo-z6.html
mobile,vivo Y200i,Giá Liên Hệ,,,https://cellphones.com.vn/dien-thoai-vivo-y200i.html
mobile,Honor X50i,Giá Liên Hệ,,,https://cellphones.com.vn/honor-x50i.html
mobile,Masstel Tab 10.4,Giá Liên Hệ,,,https://cellphones.com.vn/masstel-tab-10-4.html
mobile,OPPO Reno9 Z,Giá Liên Hệ,,,https://cellphones.com.vn/oppo-reno9-z.html
mobile,OPPO A1,Giá Liên Hệ,,,https://cellphones.com.vn/oppo-a1.html
mobile,realme GT 5,Giá Liên Hệ,,,https://cellphones.com.vn/realme-gt-5.html
mobile,Nokia C12,Giá Liên Hệ,,,https://cellphones.com.vn/nokia-c12.html
mobile,Realme 9 SE 5G,Giá Liên Hệ,,,https://cellphones.com.vn/realme-9-se.html
mobile,Oneplus Nord CE2,Giá Liên Hệ,,,https://cellphones.com.vn/oneplus-nord-ce-2.html
mobile,TCL 50SE,Giá Liên Hệ,,,https://cellphones.com.vn/dien-thoai-tcl-50se.html
mobile,OnePlus Ace 3 Pro,Giá Liên Hệ,,,https://cellphones.com.vn/dien-thoai-oneplus-ace-3-pro.html
mobile,Xiaomi Redmi Note 14 Pro 8GB 256GB,Giá Liên Hệ,,,https://cellphones.com.vn/dien-thoai-xiaomi-redmi-note-14-pro-8gb-256gb.html
mobile,vivo Y200 GT,Giá Liên Hệ,,,https://cellphones.com.vn/dien-thoai-vivo-y200-gt.html
mobile,OPPO Reno12 F 5G 12GB-256GB,Giá Liên Hệ,,,https://cellphones.com.vn/dien-thoai-oppo-reno12-f-12gb-256gb.html
mobile,Samsung A36 5G 12GB - 256GB,Giá Liên Hệ,,,https://cellphones.com.vn/dien-thoai-samsung-galaxy-a36-12gb-256gb.html
mobile,vivo T3x,Giá Liên Hệ,,,https://cellphones.com.vn/dien-thoai-vivo-t3x.html
mobile,OnePlus V Fold,Giá Liên Hệ,,,https://cellphones.com.vn/oneplus-v-fold.html
mobile,Vivo Y30 5G,Giá Liên Hệ,,,https://cellphones.com.vn/vivo-y30-5g.html
mobile,Masstel Play 50,Giá Liên Hệ,,,https://cellphones.com.vn/masstel-play-50.html
mobile,Huawei Nova 10 Pro,Giá Liên Hệ,,,https://cellphones.com.vn/huawei-nova-10-pro.html
mobile,Xiaomi 14 Pro 12GB 512GB,Giá Liên Hệ,,,https://cellphones.com.vn/xiaomi-14-pro-12gb-512gb.html
mobile,Honor X5 Plus,Giá Liên Hệ,,,https://cellphones.com.vn/honor-x5-plus.html
mobile,TCL 40SE 6GB 256GB,3.990.000đ,,,https://cellphones.com.vn/tcl-40-se-256gb.html
mobile,Xiaomi Redmi Note 13 8GB 128GB,Giá Liên Hệ,,,https://cellphones.com.vn/xiaomi-redmi-note-13-8gb.html
mobile,Xiaomi Redmi A4,Giá Liên Hệ,,,https://cellphones.com.vn/dien-thoai-xiaomi-redmi-a4.html
mobile,Realme 9i 5G,Giá Liên Hệ,,,https://cellphones.com.vn/realme-9i-5g.html
mobile,vivo Y22,Giá Liên Hệ,,,https://cellphones.com.vn/vivo-y22.html
mobile,Realme V23 5G,Giá Liên Hệ,,,https://cellphones.com.vn/realme-v23.html
mobile,Huawei P50 Pocket S,Giá Liên Hệ,,,https://cellphones.com.vn/huawei-p50-pocket-s.html
mobile,Xiaomi CIVI 3,Giá Liên Hệ,,,https://cellphones.com.vn/xiaomi-civi-3.html
mobile,Vivo S17e,Giá Liên Hệ,,,https://cellphones.com.vn/vivo-s17e.html
mobile,Nokia Hero 5G,Giá Liên Hệ,,,https://cellphones.com.vn/nokia-hero-5g.html
mobile,Motorola Moto G13,Giá Liên Hệ,,,https://cellphones.com.vn/motorola-moto-g13.html
mobile,OPPO Reno9 Pro Plus,Giá Liên Hệ,,,https://cellphones.com.vn/oppo-reno-9-pro-plus.html
mobile,Realme C55 8GB 128GB,Giá Liên Hệ,,,https://cellphones.com.vn/realme-c55-8gb-128gb-54813.html
mobile,OPPO A98 5G,Giá Liên Hệ,,,https://cellphones.com.vn/oppo-a98-5g-63072.html
mobile,TECNO Pova 8 8GB 256GB,Giá Liên Hệ,,,https://cellphones.com.vn/dien-thoai-tecno-pova-8-8gb-256gb.html
mobile,TECNO Spark Go 3,Giá Liên Hệ,,,https://cellphones.com.vn/dien-thoai-tecno-spark-go-3-4gb-128gb.html
mobile,Infinix Note 40 5G,Giá Liên Hệ,,,https://cellphones.com.vn/dien-thoai-infinix-note-40-5g.html
mobile,Honor 200,Giá Liên Hệ,,,https://cellphones.com.vn/dien-thoai-honor-200.html
mobile,Xiaomi Redmi Note 13s,Giá Liên Hệ,,,https://cellphones.com.vn/dien-thoai-xiaomi-redmi-note-13s.html
mobile,TECNO CAMON 20 Pro 5G,Giá Liên Hệ,,,https://cellphones.com.vn/tecno-camon-20-pro-5g.html
mobile,Vivo iQOO 11s,Giá Liên Hệ,,,https://cellphones.com.vn/vivo-iqoo-11s.html
mobile,Samsung Galaxy F54 5G,Giá Liên Hệ,,,https://cellphones.com.vn/samsung-galaxy-f54-5g.html
mobile,Honor Play 30,Giá Liên Hệ,,,https://cellphones.com.vn/honor-play-30.html
mobile,Tecno Spark 9T,Giá Liên Hệ,,,https://cellphones.com.vn/tecno-spark-9t.html
mobile,OnePlus Nord N20 SE,Giá Liên Hệ,,,https://cellphones.com.vn/oneplus-nord-n20-se.html
mobile,Vivo Y77e 5G,Giá Liên Hệ,,,https://cellphones.com.vn/vivo-y77e.html
mobile,Xiaomi POCO C51,Giá Liên Hệ,,,https://cellphones.com.vn/xiaomi-poco-c51.html
mobile,Xiaomii 14 Lite 12GB 512GB,Giá Liên Hệ,,,https://cellphones.com.vn/xiaomi-14-lite-12gb-512gb.html
mobile,Huawei Nova 9 SE,Giá Liên Hệ,,,https://cellphones.com.vn/huawei-nova-9-se-46952.html
mobile,Google Pixel 3 XL,Giá Liên Hệ,,,https://cellphones.com.vn/google-pixel-3-xl.html
mobile,Doogee V30T,Giá Liên Hệ,,,https://cellphones.com.vn/doogee-v30t.html
mobile,Xiaomi 14 Pro 12GB 256GB,Giá Liên Hệ,,,https://cellphones.com.vn/xiaomi-14-pro-12gb-256gb.html
mobile,Vivo iQOO Z7,Giá Liên Hệ,,,https://cellphones.com.vn/vivo-iqoo-z7.html
mobile,Vivo X Fold 3,Giá Liên Hệ,,,https://cellphones.com.vn/vivo-x-fold-3.html
mobile,Vivo Y22T,Giá Liên Hệ,,,https://cellphones.com.vn/vivo-y22t.html
mobile,Vivo Y81,Giá Liên Hệ,,,https://cellphones.com.vn/vivo-y81.html
mobile,Masstel Tab 10A,Giá Liên Hệ,,,https://cellphones.com.vn/masstel-tab-10a.html
mobile,Masstel x1,Giá Liên Hệ,,,https://cellphones.com.vn/masstel-x1.html
mobile,masstel x6,Giá Liên Hệ,,,https://cellphones.com.vn/masstel-x6.html
mobile,Honor Magic V,Giá Liên Hệ,,,https://cellphones.com.vn/honor-magic-v.html
mobile,realme 10T,Giá Liên Hệ,,,https://cellphones.com.vn/realme-10t.html
mobile,Honor 70 Lite,Giá Liên Hệ,,,https://cellphones.com.vn/honor-70-lite.html
mobile,Samsung Galaxy F13,Giá Liên Hệ,,,https://cellphones.com.vn/samsung-galaxy-f13.html
mobile,Motorola Moto G22,Giá Liên Hệ,,,https://cellphones.com.vn/motorola-moto-g22.html
mobile,Honor 80,Giá Liên Hệ,,,https://cellphones.com.vn/honor-80.html
mobile,Tecno Camon 19,Giá Liên Hệ,,,https://cellphones.com.vn/tecno-camon-19.html
mobile,TCL 408 4GB 128GB,2.390.000đ,,,https://cellphones.com.vn/tcl-408-128gb.html
mobile,Xiaomi POCO F9 Ultra 5G 12GB 512GB,Giá Liên Hệ,,,https://cellphones.com.vn/dien-thoai-xiaomi-poco-f9-ultra-12gb-512gb.html
mobile,Samsung Galaxy A34 5G 8GB 256GB,Giá Liên Hệ,,,https://cellphones.com.vn/samsung-galaxy-a34-8gb-256gb.html
mobile,OPPO F27 Pro Plus,Giá Liên Hệ,,,https://cellphones.com.vn/dien-thoai-oppo-f27-pro-plus.html
mobile,Xiaomi 15 5G 12GB 256GB,Giá Liên Hệ,,,https://cellphones.com.vn/dien-thoai-xiaomi-15-5g-12gb-256gb.html
mobile,Tecno Spark 30 5G 6GB-128GB,Giá Liên Hệ,,,https://cellphones.com.vn/dien-thoai-tecno-spark-30.html
mobile,Honor X7a,Giá Liên Hệ,,,https://cellphones.com.vn/honor-x7a.html
mobile,Xiaomi POCO C55,Giá Liên Hệ,,,https://cellphones.com.vn/xiaomi-poco-c55.html
mobile,Lenovo ThinkPhone,Giá Liên Hệ,,,https://cellphones.com.vn/lenovo-thinkphone.html
mobile,Vivo X80 Lite,Giá Liên Hệ,,,https://cellphones.com.vn/vivo-x80-lite.html
mobile,Huawei Enjoy 50 Pro,Giá Liên Hệ,,,https://cellphones.com.vn/huawei-enjoy-50-pro.html
mobile,Xiaomi Redmi K50S Pro,Giá Liên Hệ,,,https://cellphones.com.vn/xiaomi-redmi-k50s.html
mobile,masstel fami 60,Giá Liên Hệ,,,https://cellphones.com.vn/masstel-fami-60.html
mobile,Black Shark 5S Pro,Giá Liên Hệ,,,https://cellphones.com.vn/xiaomi-black-shark-5s-pro.html
mobile,Honor X40i,Giá Liên Hệ,,,https://cellphones.com.vn/honor-x40i.html
mobile,Honor X50i+,Giá Liên Hệ,,,https://cellphones.com.vn/honor-x50i-plus.html
mobile,vivo Y78+,Giá Liên Hệ,,,https://cellphones.com.vn/vivo-y78-plus.html
mobile,TECNO CAMON 20 Premier,Giá Liên Hệ,,,https://cellphones.com.vn/tecno-camon-20-premier.html
mobile,Samsung Galaxy A14 4G 6GB 128GB,Giá Liên Hệ,,,https://cellphones.com.vn/samsung-galaxy-a14-4g-6gb-128gb.html
mobile,Masstel Izi 50 4G,Giá Liên Hệ,,,https://cellphones.com.vn/masstel-izi-50-4g.html
mobile,Tecno Pova Neo 5G,Giá Liên Hệ,,,https://cellphones.com.vn/tecno-pova-neo-5g.html
mobile,Redmi Note 11R,Giá Liên Hệ,,,https://cellphones.com.vn/redmi-note-11r.html
mobile,Infinix Hot 20 Play,Giá Liên Hệ,,,https://cellphones.com.vn/infinix-hot-20-play.html
mobile,Honor 90 Lite,Giá Liên Hệ,,,https://cellphones.com.vn/honor-90-lite.html
mobile,Huawei Nova Y70 Plus,Giá Liên Hệ,,,https://cellphones.com.vn/huawei-nova-y70-plus.html
mobile,OnePlus Nord CE 2 Lite 5G,Giá Liên Hệ,,,https://cellphones.com.vn/oneplus-nord-ce-2-lite.html
mobile,Mobell M331 4G,Giá Liên Hệ,,,https://cellphones.com.vn/mobell-m331-4g.html
mobile,HTC Wildfire E Star,Giá Liên Hệ,,,https://cellphones.com.vn/htc-wildfire-e-star.html
mobile,Samsung Galaxy A35 5G 8GB-256GB,Giá Liên Hệ,,,https://cellphones.com.vn/dien-thoai-samsung-galaxy-a35-5g-8gb-256gb.html
mobile,Samsung A26 5G 6GB - 128GB,Giá Liên Hệ,,,https://cellphones.com.vn/dien-thoai-samsung-galaxy-a26-6gb-128gb.html
mobile,Samsung Galaxy F55 5G,Giá Liên Hệ,,,https://cellphones.com.vn/dien-thoai-samsung-galaxy-f55-5g.html
mobile,vivo Y38 5G,Giá Liên Hệ,,,https://cellphones.com.vn/dien-thoai-vivo-y38-5g.html
mobile,Xiaomi Redmi Note 13 Pro 5G,Giá Liên Hệ,,,https://cellphones.com.vn/xiaomi-redmi-note-13-pro-4g-77602.html
mobile,Xiaomi 14T 12GB 256GB,Giá Liên Hệ,,,https://cellphones.com.vn/xiaomi-14t-12gb-256gb.html
mobile,Xiaomi Redmi 14,Giá Liên Hệ,,,https://cellphones.com.vn/dien-thoai-xiaomi-redmi-14.html
mobile,Tecno Camon 40S,Giá Liên Hệ,,,https://cellphones.com.vn/dien-thoai-tecno-camon-40s.html
mobile,POCO M6 Plus 5G,Giá Liên Hệ,,,https://cellphones.com.vn/dien-thoai-poco-m6-plus-5g.html
mobile,OPPO F27 Pro,Giá Liên Hệ,,,https://cellphones.com.vn/dien-thoai-oppo-f27-pro.html
mobile,Oppo Reno8 4G,Giá Liên Hệ,,,https://cellphones.com.vn/oppo-reno-8-50226.html
mobile,Vivo iQOO 9T,Giá Liên Hệ,,,https://cellphones.com.vn/vivo-iqoo-9t.html
mobile,Masstel Izi 10,Giá Liên Hệ,,,https://cellphones.com.vn/masstel-izi-10.html
mobile,Samsung Galaxy F04s,Giá Liên Hệ,,,https://cellphones.com.vn/samsung-galaxy-f04s.html
mobile,Vivo X Fold Plus,Giá Liên Hệ,,,https://cellphones.com.vn/vivo-x-fold-plus.html
mobile,Xiaomi Redmi Note 11SE,Giá Liên Hệ,,,https://cellphones.com.vn/xiaomi-redmi-note-11se.html
mobile,Redmi 11A,Giá Liên Hệ,,,https://cellphones.com.vn/redmi-11a.html
mobile,Masstel Izi 25 4G,Giá Liên Hệ,,,https://cellphones.com.vn/masstel-izi-25-4g.html
mobile,masstel izi 20 4g,Giá Liên Hệ,,,https://cellphones.com.vn/masstel-izi-20-4g.html
mobile,Masstel Hapi 15,Giá Liên Hệ,,,https://cellphones.com.vn/masstel-hapi-15.html
mobile,Masstel Izi 55 4g,Giá Liên Hệ,,,https://cellphones.com.vn/masstel-izi-55-4g.html
mobile,OPPO Reno13F 5G 8GB-256GB,Giá Liên Hệ,,,https://cellphones.com.vn/dien-thoai-oppo-reno13f-5g-8gb-256gb.html
mobile,Nokia T10,Giá Liên Hệ,,,https://cellphones.com.vn/nokia-t10.html
mobile,Honor 80 Pro Plus,Giá Liên Hệ,,,https://cellphones.com.vn/honor-80-pro-plus.html
mobile,Realme Narzo N53,Giá Liên Hệ,,,https://cellphones.com.vn/realme-narzo-n53.html
mobile,Vivo V29 Pro,Giá Liên Hệ,,,https://cellphones.com.vn/vivo-v29-pro.html
mobile,Google Pixel 2,Giá Liên Hệ,,,https://cellphones.com.vn/google-pixel-2.html
mobile,HTC U11,Giá Liên Hệ,,,https://cellphones.com.vn/htc-u11.html
mobile,Masstel Izi 26 4G,Giá Liên Hệ,,,https://cellphones.com.vn/masstel-izi-26-4g.html
mobile,Masstel Izi 11,Giá Liên Hệ,,,https://cellphones.com.vn/masstel-izi-11.html
mobile,Masstel Hapi 10,Giá Liên Hệ,,,https://cellphones.com.vn/masstel-hapi-10.html
mobile,Masstel Tab 8 Pro,Giá Liên Hệ,,,https://cellphones.com.vn/masstel-tab-8-pro.html
mobile,Masstel X5,Giá Liên Hệ,,,https://cellphones.com.vn/masstel-x5.html
mobile,Masstel Lux 10,Giá Liên Hệ,,,https://cellphones.com.vn/masstel-lux-10.html
mobile,masstel izi 12 4g,Giá Liên Hệ,,,https://cellphones.com.vn/masstel-izi-12-4g.html
mobile,Masstel Hapi 30,Giá Liên Hệ,,,https://cellphones.com.vn/masstel-hapi-30.html
mobile,Xiaomi Redmi A2+,Giá Liên Hệ,,,https://cellphones.com.vn/xiaomi-redmi-a2-plus.html
mobile,OPPO K11x,Giá Liên Hệ,,,https://cellphones.com.vn/oppo-k11x.html
mobile,Vivo Y35 plus,Giá Liên Hệ,,,https://cellphones.com.vn/vivo-y35-plus.html
mobile,Xiaomi Redmi Note 13 Pro Plus 4G,Giá Liên Hệ,,,https://cellphones.com.vn/xiaomi-redmi-note-13-pro-plus-4g.html
mobile,OPPO Reno13F 5G 8GB-128GB,Giá Liên Hệ,,,https://cellphones.com.vn/dien-thoai-oppo-reno13f-5g-8gb-128gb.html
mobile,OPPO Find X7 5G 16GB 256GB,Giá Liên Hệ,,,https://cellphones.com.vn/oppo-find-x7-256gb.html
mobile,vivo y12,Giá Liên Hệ,,,https://cellphones.com.vn/dien-thoai-vivo-y12.html
mobile,vivo X Fold2,Giá Liên Hệ,,,https://cellphones.com.vn/vivo-x-fold-2.html
mobile,Nubia Z40S Pro,Giá Liên Hệ,,,https://cellphones.com.vn/nubia-z40s-pro.html
mobile,OPPO A57e,Giá Liên Hệ,,,https://cellphones.com.vn/oppo-a57e.html
mobile,Samsung Galaxy F34 5G,Giá Liên Hệ,,,https://cellphones.com.vn/samsung-galaxy-f34.html
mobile,Honor X6A,Giá Liên Hệ,,,https://cellphones.com.vn/honor-x6a.html
mobile,Xiaomi Redmi 13 6GB 128GB - Đã Kích Hoạt,2.490.000đ,3.990.000đ,Giảm38%,https://cellphones.com.vn/dien-thoai-xiaomi-redmi-13-6gb-128gb-cu-da-kich-hoat.html
mobile,Xiaomi Redmi Note 9 Pro,5.750.000đ,6.490.000đ,Giảm11%,https://cellphones.com.vn/xiaomi-redmi-note-9-pro.html
mobile,Sharp Rouvo V,Giá Liên Hệ,,,https://cellphones.com.vn/sharp-rouvo-v.html
mobile,HTC U23 Pro,Giá Liên Hệ,,,https://cellphones.com.vn/htc-u23-pro.html
mobile,HTC A102,Giá Liên Hệ,,,https://cellphones.com.vn/htc-a102.html
mobile,Xiaomi Redmi A7 Pro 4GB 64GB,Giá Liên Hệ,,,https://cellphones.com.vn/dien-thoai-xiaomi-redmi-a7-pro-4gb-64gb.html
mobile,HONOR Magic 7 Pro,Giá Liên Hệ,,,https://cellphones.com.vn/dien-thoai-honor-magic-7-pro.html
mobile,Honor X9C 5G 12GB 256GB,Giá Liên Hệ,,,https://cellphones.com.vn/dien-thoai-honor-x9c-5g-12gb-256gb.html
mobile,vivo V40 Lite,Giá Liên Hệ,,,https://cellphones.com.vn/dien-thoai-vivo-v40-lite.html
mobile,Samsung A56 5G 8GB - 256GB,Giá Liên Hệ,,,https://cellphones.com.vn/dien-thoai-samsung-galaxy-a56-8gb-256gb.html
mobile,Xiaomi Redmi Note 13 8GB 256GB,Giá Liên Hệ,,,https://cellphones.com.vn/dien-thoai-xiaomi-redmi-note-13-8gb-256.html
mobile,Xiaomi 14T Pro 12GB 512GB,Giá Liên Hệ,,,https://cellphones.com.vn/xiaomi-14t-pro-12gb-512gb.html
mobile,Xiaomi 14T 12GB 512GB,Giá Liên Hệ,,,https://cellphones.com.vn/xiaomi-14t-12gb-512gb.html
mobile,Xiaomi 14 Lite 12GB 256GB,Giá Liên Hệ,,,https://cellphones.com.vn/xiaomii-14-lite-12gb-256gb.html
mobile,Xiaomi 14 Ultra 8GB 256GB,Giá Liên Hệ,,,https://cellphones.com.vn/xiaomi-14-ultra-8gb-256gb.html
mobile,Samsung Galaxy Fold5,Giá Liên Hệ,,,https://cellphones.com.vn/samsung-galaxy-z-fold-5-512gb-63940.html
mobile,OPPO F23 5G,Giá Liên Hệ,,,https://cellphones.com.vn/oppo-f23-5g.html
mobile,Vivo V29 Lite 5G,Giá Liên Hệ,,,https://cellphones.com.vn/vivo-v29-lite-5g.html
mobile,Vivo S17t,Giá Liên Hệ,,,https://cellphones.com.vn/vivo-s17t.html
mobile,ASUS ROG Phone 8,Giá Liên Hệ,,,https://cellphones.com.vn/asus-rog-phone-8.html
mobile,iPhone 15 Pro Max 2TB | Chính hãng VN/A,Giá Liên Hệ,,,https://cellphones.com.vn/iphone-15-pro-max-2tb-68865.html
mobile,realme GT 5 Pro SE,Giá Liên Hệ,,,https://cellphones.com.vn/realme-gt-5-pro-se.html
mobile,Masstel X9,Giá Liên Hệ,,,https://cellphones.com.vn/masstel-x9.html
mobile,Xiaomi Redmi 11 Prime 4G,Giá Liên Hệ,,,https://cellphones.com.vn/xiaomi-redmi-11-prime-4g.html
mobile,vivo iQOO Z6x,Giá Liên Hệ,,,https://cellphones.com.vn/vivo-iqoo-z6x.html
mobile,ROG Phone 6 Pro,Giá Liên Hệ,,,https://cellphones.com.vn/asus-rog-phone-6-pro.html
mobile,Oppo A77 5G,Giá Liên Hệ,,,https://cellphones.com.vn/oppo-a77.html
mobile,Nokia C02,Giá Liên Hệ,,,https://cellphones.com.vn/nokia-c02.html
mobile,OPPO Reno9 Lite,Giá Liên Hệ,,,https://cellphones.com.vn/oppo-reno9-lite.html
mobile,Motorola Rizr Rollable,Giá Liên Hệ,,,https://cellphones.com.vn/motorola-rizr-rollable.html
mobile,Honor Play 7T,Giá Liên Hệ,,,https://cellphones.com.vn/honor-play-7t.html
mobile,Realme Narzo N55,Giá Liên Hệ,,,https://cellphones.com.vn/realme-narzo-n55.html
mobile,Xiaomi Redmi Note 11T 5G,Giá Liên Hệ,,,https://cellphones.com.vn/xiaomi-redmi-note-11t.html
mobile,Vivo Y74s,Giá Liên Hệ,,,https://cellphones.com.vn/vivo-y74s.html
mobile,Honor X8 5G,Giá Liên Hệ,,,https://cellphones.com.vn/honor-x8.html
mobile,OnePlus Ace Pro,Giá Liên Hệ,,,https://cellphones.com.vn/oneplus-ace-pro.html
mobile,Xiaomi 12S Ultra,Giá Liên Hệ,,,https://cellphones.com.vn/xiaomi-12s-ultra.html
mobile,OPPO A16e,Giá Liên Hệ,,,https://cellphones.com.vn/oppo-a16e.html
mobile,Huawei Nova 9 SE,Giá Liên Hệ,,,https://cellphones.com.vn/huawei-nova-9-se.html
mobile,Apple iPhone 5S 16GB,Giá Liên Hệ,,,https://cellphones.com.vn/iphone-5s-16-gb.html
mobile,Samsung Galaxy A23 6GB 128GB,Giá Liên Hệ,,,https://cellphones.com.vn/samsung-galaxy-a23-6gb.html
mobile,Samsung Galaxy A13 6GB 128GB,Giá Liên Hệ,,,https://cellphones.com.vn/samsung-galaxy-a13-6gb.html
mobile,OPPO K9x,Giá Liên Hệ,,,https://cellphones.com.vn/oppo-k9x.html
mobile,Realme GT 2,Giá Liên Hệ,,,https://cellphones.com.vn/realme-gt-2.html
mobile,Realme Narzo 9i,Giá Liên Hệ,,,https://cellphones.com.vn/realme-narzo-9i.html
mobile,Vivo Y21T,Giá Liên Hệ,,,https://cellphones.com.vn/vivo-y21t.html
mobile,OnePlus Nord 2 CE,Giá Liên Hệ,,,https://cellphones.com.vn/oneplus-nord-2-ce.html
mobile,Oppo K9s,Giá Liên Hệ,,,https://cellphones.com.vn/oppo-k9s.html
mobile,OnePlus 10 Ultra,Giá Liên Hệ,,,https://cellphones.com.vn/oneplus-10-ultra.html
mobile,Samsung Galaxy M23,Giá Liên Hệ,,,https://cellphones.com.vn/samsung-galaxy-m23.html
mobile,Masstel Izi 55,Giá Liên Hệ,,,https://cellphones.com.vn/masstel-izi-55.html
mobile,Masstel Izi 20,Giá Liên Hệ,,,https://cellphones.com.vn/masstel-izi-20.html
mobile,Vivo T2 5G,Giá Liên Hệ,,,https://cellphones.com.vn/vivo-t2.html
mobile,Vivo Y73t,Giá Liên Hệ,,,https://cellphones.com.vn/vivo-y73t.html
mobile,Xiaomi 12X,Giá Liên Hệ,,,https://cellphones.com.vn/xiaomi-12x.html
mobile,Xiaomi F9S,Giá Liên Hệ,,,https://cellphones.com.vn/xiaomi-f9-lite.html
mobile,Xiaomi Redmi 9 Activ,Giá Liên Hệ,,,https://cellphones.com.vn/xiaomi-redmi-9-activ.html
mobile,Xiaomi Civi,Giá Liên Hệ,,,https://cellphones.com.vn/xiaomi-civi.html
mobile,Xiaomi 12 Ultra,Giá Liên Hệ,,,https://cellphones.com.vn/xiaomi-mi-12-ultra.html
mobile,Oppo F17 Pro,Giá Liên Hệ,,,https://cellphones.com.vn/oppo-f17-pro.html
mobile,Oppo F17,Giá Liên Hệ,,,https://cellphones.com.vn/oppo-f17.html
mobile,Huawei Enjoy 20 Plus,Giá Liên Hệ,,,https://cellphones.com.vn/huawei-enjoy-20-plus.html
mobile,Huawei Enjoy 20,Giá Liên Hệ,,,https://cellphones.com.vn/huawei-enjoy-20.html
mobile,Realme X3 Pro,Giá Liên Hệ,,,https://cellphones.com.vn/realme-x3-pro.html
mobile,Huawei Nova 7 SE,Giá Liên Hệ,,,https://cellphones.com.vn/huawei-nova-7-se.html
mobile,Oppo A32,Giá Liên Hệ,,,https://cellphones.com.vn/oppo-a32.html
mobile,Oppo A52,4.990.000đ,5.990.000đ,Giảm17%,https://cellphones.com.vn/oppo-a52.html
mobile,Xiaomi Mi MIX Fold,Giá Liên Hệ,,,https://cellphones.com.vn/xiaomi-mi-mix-fold.html
mobile,Realme V13,Giá Liên Hệ,,,https://cellphones.com.vn/realme-v13.html
mobile,Vivo X60 Pro+,Giá Liên Hệ,,,https://cellphones.com.vn/vivo-x60-pro-plus.html
mobile,Vsmart Live 6GB,3.790.000đ,,,https://cellphones.com.vn/vsmart-live-ram-6gb.html
mobile,Huawei Y6S 2019,Giá Liên Hệ,,,https://cellphones.com.vn/huawei-y6-s-2019.html
mobile,Huawei P30 Lite,7.490.000đ,,,https://cellphones.com.vn/huawei-p30-lite-1.html
mobile,Huawei P30 Pro,23.990.000đ,,,https://cellphones.com.vn/huawei-p30-pro-1.html
mobile,Huawei P30,17.990.000đ,,,https://cellphones.com.vn/huawei-p30-1.html
mobile,Motorola Moto E13,Giá Liên Hệ,,,https://cellphones.com.vn/motorola-moto-e13.html
mobile,Bphone B86s,Giá Liên Hệ,,,https://cellphones.com.vn/bphone-b86s.html
mobile,Realme Note 9 Prime,Giá Liên Hệ,,,https://cellphones.com.vn/realme-note-9-prime.html
mobile,Oppo K9 Pro,Giá Liên Hệ,,,https://cellphones.com.vn/oppo-k9-pro.html
mobile,Realme GT Neo 2,Giá Liên Hệ,,,https://cellphones.com.vn/realme-gt-neo-2.html
mobile,Oppo F19s,Giá Liên Hệ,,,https://cellphones.com.vn/oppo-f19s.html
mobile,Realme Narzo 50i,Giá Liên Hệ,,,https://cellphones.com.vn/realme-narzo-50i.html
mobile,Mobell F209 4G,Giá Liên Hệ,,,https://cellphones.com.vn/mobell-f209-4g.html
mobile,Xiaomi Poco F7 Ultra,Giá Liên Hệ,,,https://cellphones.com.vn/dien-thoai-xiaomi-poco-f7-ultra.html
mobile,TECNO POP 20C,Giá Liên Hệ,,,https://cellphones.com.vn/dien-thoai-tecno-pop-20c.html
mobile,TECNO Spark 50S 5G,Giá Liên Hệ,,,https://cellphones.com.vn/dien-thoai-tecno-spark-50s-5g.html
mobile,Samsung Galaxy A57 12GB 256GB,Giá Liên Hệ,,,https://cellphones.com.vn/dien-thoai-samsung-galaxy-a57-12gb-256gb.html
mobile,Samsung Galaxy A57 8GB 256GB,Giá Liên Hệ,,,https://cellphones.com.vn/dien-thoai-samsung-galaxy-a57-8gb-256gb.html
mobile,Samsung Galaxy M35 5G 8GB 256GB,8.490.000đ,,,https://cellphones.com.vn/dien-thoai-samsung-galaxy-m35.html
mobile,Samsung Galaxy A50s,6.990.000đ,,,https://cellphones.com.vn/samsung-galaxy-a50s.html
mobile,Samsung Galaxy M21s,Giá Liên Hệ,,,https://cellphones.com.vn/samsung-galaxy-m21s.html
mobile,Xiaomi 18 Fold,Giá Liên Hệ,,,https://cellphones.com.vn/dien-thoai-xiaomi-18-fold.html
mobile,Camon Slim 4G 8GB 256GB,Giá Liên Hệ,,,https://cellphones.com.vn/dien-thoai-tecno-camon-slim-4g-8gb-256gb.html
mobile,Xiaomi Redmi 13X,Giá Liên Hệ,,,https://cellphones.com.vn/dien-thoai-xiaomi-redmi-13x.html
mobile,Infinix Smart 9 3GB 64GB,Giá Liên Hệ,,,https://cellphones.com.vn/dien-thoai-infinix-smart-9.html
mobile,Nothing Phone 3,Giá Liên Hệ,,,https://cellphones.com.vn/dien-thoai-nothing-phone-3.html
mobile,OPPO Find X8 mini,Giá Liên Hệ,,,https://cellphones.com.vn/dien-thoai-oppo-find-x8-mini.html
mobile,Honor Power,Giá Liên Hệ,,,https://cellphones.com.vn/dien-thoai-honor-power.html
mobile,Xiaomi 14 Ultra 12GB 256GB,Giá Liên Hệ,,,https://cellphones.com.vn/xiaomi-14-ultra-12gb-256gb.html
mobile,Xiaomi 14 Pro 8GB 256GB,Giá Liên Hệ,,,https://cellphones.com.vn/xiaomi-14-pro-8gb-256gb.html
mobile,Xiaomi 14 12GB 512GB,Giá Liên Hệ,,,https://cellphones.com.vn/xiaomi-14-12gb-512gb.html
mobile,OnePlus 10R,Giá Liên Hệ,,,https://cellphones.com.vn/oneplus-10r.html
mobile,Samsung Galaxy M53 5G,Giá Liên Hệ,,,https://cellphones.com.vn/samsung-galaxy-m53.html
mobile,OnePlus 10,Giá Liên Hệ,,,https://cellphones.com.vn/oneplus-10.html
mobile,Xiaomi Poco C40,Giá Liên Hệ,,,https://cellphones.com.vn/xiaomi-poco-c40.html
mobile,Vivo S15 Pro,Giá Liên Hệ,,,https://cellphones.com.vn/vivo-s15-pro.html
mobile,OPPO Find X7 Ultra 16GB 256GB,Giá Liên Hệ,,,https://cellphones.com.vn/oppo-find-x7-ultra-16gb.html
mobile,Điện thoại Samsung Galaxy Z Fold mới,Giá Liên Hệ,,,https://cellphones.com.vn/dien-thoai-samsung-galaxy-z-fold-moi.html
mobile,Vivo Y11 4G,Giá Liên Hệ,,,https://cellphones.com.vn/vivo-y11-4g.html
mobile,Honor 90 512GB,Giá Liên Hệ,,,https://cellphones.com.vn/honor-90-512gb.html
mobile,vivo X100 Ultra,Giá Liên Hệ,,,https://cellphones.com.vn/dien-thoai-vivo-x100-ultra.html
mobile,OPPO Reno12 FS 5G,Giá Liên Hệ,,,https://cellphones.com.vn/dien-thoai-oppo-reno12-fs-5g.html
mobile,vivo Y36t,Giá Liên Hệ,,,https://cellphones.com.vn/dien-thoai-vivo-y36t.html
mobile,OnePlus 11 Pro,Giá Liên Hệ,,,https://cellphones.com.vn/oneplus-11-pro.html
mobile,Nokia X21 5G,Giá Liên Hệ,,,https://cellphones.com.vn/nokia-x21.html
mobile,Realme C30,Giá Liên Hệ,,,https://cellphones.com.vn/realme-c30.html
mobile,Xiaomi Redmi K50 Ultra,Giá Liên Hệ,,,https://cellphones.com.vn/xiaomi-redmi-k50-ultra.html
mobile,Vivo T2x,Giá Liên Hệ,,,https://cellphones.com.vn/vivo-t2x.html
mobile,Vivo Y33e,Giá Liên Hệ,,,https://cellphones.com.vn/vivo-y33e.html
mobile,Nubia Red Magic 7S,Giá Liên Hệ,,,https://cellphones.com.vn/nubia-red-magic-7s.html
mobile,Tecno Spark 8P,Giá Liên Hệ,,,https://cellphones.com.vn/tecno-spark-8p.html
mobile,Nubia Red Magic 7 Pro,Giá Liên Hệ,,,https://cellphones.com.vn/nubia-red-magic-7-pro.html
mobile,Vivo Y75s,Giá Liên Hệ,,,https://cellphones.com.vn/vivo-y75s.html
mobile,Xiaomi 11i HyperCharge,Giá Liên Hệ,,,https://cellphones.com.vn/xiaomi-11i-hypercharge.html
mobile,Xiaomi Mi 11X,Giá Liên Hệ,,,https://cellphones.com.vn/xiaomi-mi-11x.html
mobile,Vivo Y77T,Giá Liên Hệ,,,https://cellphones.com.vn/vivo-y77t.html
mobile,Vivo Y100A,Giá Liên Hệ,,,https://cellphones.com.vn/vivo-y100a.html
mobile,masstel izi 300,Giá Liên Hệ,,,https://cellphones.com.vn/masstel-izi-300.html
mobile,Oppo Reno4 SE,Giá Liên Hệ,,,https://cellphones.com.vn/oppo-reno-4-se.html
mobile,Realme V3,Giá Liên Hệ,,,https://cellphones.com.vn/realme-v3.html
mobile,Xiaomi Mi 10T Lite,Giá Liên Hệ,,,https://cellphones.com.vn/xiaomi-mi-10t-lite.html
mobile,Realme X7 Pro,Giá Liên Hệ,,,https://cellphones.com.vn/realme-x7-pro.html
mobile,Huawei Mate X2,Giá Liên Hệ,,,https://cellphones.com.vn/huawei-mate-x2.html
mobile,Samsung Galaxy M31s,Giá Liên Hệ,,,https://cellphones.com.vn/samsung-galaxy-m31s.html
mobile,Samsung Galaxy M51,Giá Liên Hệ,,,https://cellphones.com.vn/samsung-galaxy-m51.html
mobile,Huawei Enjoy 20 Pro,Giá Liên Hệ,,,https://cellphones.com.vn/huawei-enjoy-20-pro.html
mobile,vivo S15,Giá Liên Hệ,,,https://cellphones.com.vn/vivo-s15.html
mobile,Redmi A1+,Giá Liên Hệ,,,https://cellphones.com.vn/redmi-a1-plus.html
mobile,Realme 10 8GB 256GB,Giá Liên Hệ,,,https://cellphones.com.vn/realme-10-8gb-256gb.html
mobile,Vivo Y10,Giá Liên Hệ,,,https://cellphones.com.vn/vivo-y10.html
mobile,Vivo Y21e,Giá Liên Hệ,,,https://cellphones.com.vn/vivo-y21e.html
mobile,Nokia G400,Giá Liên Hệ,,,https://cellphones.com.vn/nokia-g400.html
mobile,Vivo Y1s,Giá Liên Hệ,,,https://cellphones.com.vn/vivo-y1s.html
mobile,masstel izi 230,Giá Liên Hệ,,,https://cellphones.com.vn/masstel-izi-230.html
mobile,Xiaomi Redmi 10 Prime,Giá Liên Hệ,,,https://cellphones.com.vn/xiaomi-redmi-10-prime.html
mobile,OnePlus Ace,Giá Liên Hệ,,,https://cellphones.com.vn/oneplus-ace.html
mobile,Xiaomi Redmi Note 10 JE,Giá Liên Hệ,,,https://cellphones.com.vn/xiaomi-redmi-note-10-je.html
mobile,Oppo Reno5 Lite,Giá Liên Hệ,,,https://cellphones.com.vn/oppo-reno-5-lite.html
mobile,Huawei P50 Pro+,Giá Liên Hệ,,,https://cellphones.com.vn/huawei-p50-pro-plus.html
mobile,Samsung Galaxy M42,Giá Liên Hệ,,,https://cellphones.com.vn/samsung-galaxy-m42.html
mobile,Vsmart Joy 2 Plus 2GB,1.990.000đ,,,https://cellphones.com.vn/vsmart-joy-2-plus-ram-2gb.html
mobile,ASUS ZenFone Max Pro M2 3GB,5.290.000đ,,,https://cellphones.com.vn/asus-zenfone-max-pro-m2-3-gb-ram-chinh-hang.html
mobile,Oppo A31,4.190.000đ,,,https://cellphones.com.vn/oppo-a31-2020.html
mobile,Oppo A92,5.740.000đ,6.490.000đ,Giảm12%,https://cellphones.com.vn/oppo-a92.html
mobile,Vsmart Joy 3 2GB,2.090.000đ,2.290.000đ,Giảm9%,https://cellphones.com.vn/vsmart-joy-3.html
mobile,Oppo F11 Pro 128GB,8.490.000đ,,,https://cellphones.com.vn/oppo-f11-pro-128-gb.html
mobile,Bphone B40,Giá Liên Hệ,,,https://cellphones.com.vn/bphone-4.html
mobile,Nokia 7.2,6.190.000đ,,,https://cellphones.com.vn/nokia-72.html
mobile,Nokia 3.2,3.290.000đ,,,https://cellphones.com.vn/dien-thoai-nokia-32.html
mobile,Samsung Galaxy S 2019,20.990.000đ,,,https://cellphones.com.vn/samsung-galaxy-s-2019.html
mobile,HONOR X7e 8GB 128GB,Giá Liên Hệ,,,https://cellphones.com.vn/dien-thoai-honor-x7e.html
mobile,Google Pixel 8A,Giá Liên Hệ,,,https://cellphones.com.vn/dien-thoai-google-pixel-8a.html
mobile,Google Pixel 3,Giá Liên Hệ,,,https://cellphones.com.vn/google-pixel-3.html
mobile,Google Pixel 2 XL,Giá Liên Hệ,,,https://cellphones.com.vn/google-pixel-2-xl.html
mobile,Mobell M139 4G,Giá Liên Hệ,,,https://cellphones.com.vn/mobell-m139-4g.html
mobile,Xiaomi Redmi 11,Giá Liên Hệ,,,https://cellphones.com.vn/xiaomi-redmi-11.html
mobile,realme C65 8GB 128GB,4.430.000đ,,,https://cellphones.com.vn/dien-thoai-realme-c65-8gb-128gb.html
mobile,Samsung Galaxy XCover6 Pro,Giá Liên Hệ,,,https://cellphones.com.vn/samsung-galaxy-xcover6-pro.html
mobile,Samsung Galaxy A37 6GB 128GB,Giá Liên Hệ,,,https://cellphones.com.vn/dien-thoai-samsung-galaxy-a37-6gb-128gb.html
mobile,Samsung Galaxy A37 8GB 256GB,Giá Liên Hệ,,,https://cellphones.com.vn/dien-thoai-samsung-galaxy-a37-8gb-256gb.html
mobile,Samsung Galaxy A70,9.290.000đ,,,https://cellphones.com.vn/samsung-galaxy-a70.html
mobile,Samsung Galaxy S8 Chính hãng,15.990.000đ,,,https://cellphones.com.vn/galaxy-s8-cty.html
tablet,iPad A16 Wifi 128GB 2025 | Chính hãng Apple Việt Nam,11.890.000đ,12.790.000đ,Giảm7%,https://cellphones.com.vn/ipad-a16-11-inch.html
tablet,Samsung Galaxy Tab S11 Wifi 12GB 128GB,19.150.000đ,22.490.000đ,Giảm15%,https://cellphones.com.vn/may-tinh-bang-samsung-galaxy-tab-s11-wifi.html
tablet,"Lenovo Idea Tab Pro Gen 2 Matte Edition 8GB 256GB ZAHD0452VN - Kèm bút, bàn phím",16.190.000đ,16.990.000đ,Giảm5%,https://cellphones.com.vn/may-tinh-bang-lenovo-idea-tab-pro-gen-2-zahd0452vn-kem-but-ban-phim.html
tablet,Samsung Galaxy Tab S10 FE Wifi 12GB 256GB,13.500.000đ,16.690.000đ,Giảm19%,https://cellphones.com.vn/may-tinh-bang-samsung-galaxy-tab-s10-fe-wifi-12gb-256gb.html
tablet,Lenovo Legion Tab Gen 5 12GB 256GB,20.840.000đ,23.990.000đ,Giảm13%,https://cellphones.com.vn/may-tinh-bang-lenovo-legion-tab-gen-5-12gb-256gb-zah20030vn.html
tablet,iPad mini 7 2024 Wifi 128GB | Chính hãng Apple Việt Nam,15.990.000đ,16.490.000đ,Giảm3%,https://cellphones.com.vn/ipad-mini-7.html
tablet,iPad A16 Wifi 256GB 2025 | Chính hãng Apple Việt Nam,14.990.000đ,15.590.000đ,Giảm4%,https://cellphones.com.vn/ipad-a16-11-inch-256gb.html
tablet,HUAWEI MatePad Air 8GB 256GB,21.990.000đ,23.990.000đ,Giảm8%,https://cellphones.com.vn/may-tinh-bang-huawei-matepad-air.html
tablet,Samsung Galaxy Tab A11 Wifi 4GB 64GB,3.440.000đ,4.390.000đ,Giảm22%,https://cellphones.com.vn/may-tinh-bang-samsung-galaxy-tab-a11-wifi.html
tablet,Samsung Galaxy Tab S10 Lite Wifi 6GB 128GB,8.540.000đ,9.990.000đ,Giảm15%,https://cellphones.com.vn/may-tinh-bang-samsung-galaxy-tab-s10-lite-wifi.html
tablet,Xiaomi Redmi Pad 2 9.7 inch Wifi 4GB 64GB,4.190.000đ,4.990.000đ,Giảm16%,https://cellphones.com.vn/may-tinh-bang-xiaomi-redmi-pad-2-9-7-inch.html
tablet,iPad Air 11 inch M4 Wifi 128GB 2026 | Chính hãng,20.290.000đ,20.990.000đ,Giảm3%,https://cellphones.com.vn/apple-ipad-air-m4-11-inch-128gb-wifi.html
tablet,"Lenovo Yoga Tab Wifi 12GB 256GB TB710 ZAG60105VN - Kèm bút, bàn phím",17.490.000đ,17.990.000đ,Giảm3%,https://cellphones.com.vn/may-tinh-bang-lenovo-yoga-tab-tb710.html
tablet,Huawei MatePad 11.5 S 2026 12GB 256GB - Kèm bàn phím,13.990.000đ,18.490.000đ,Giảm24%,https://cellphones.com.vn/may-tinh-bang-huawei-matepad-11-5-s-2026.html
tablet,iPad Pro chip M5 11 inch Wifi 256GB | Chính hãng Apple Việt Nam,34.290.000đ,35.590.000đ,Giảm4%,https://cellphones.com.vn/ipad-pro-m5-11-inch-256gb.html
tablet,"Lenovo Idea Tab Plus Matte Edition Wifi 8GB 128GB ZAG70981VN - Kèm bút, bàn phím",8.990.000đ,9.890.000đ,Giảm9%,https://cellphones.com.vn/may-tinh-bang-lenovo-idea-tab-plus-wifi-8gb-128gb-zag70981vn-kem-but-ban-phim.html
tablet,iPad Air 11 inch M3 Wifi 128GB 2025 | Chính hãng Apple Việt Nam,16.990.000đ,21.490.000đ,Giảm21%,https://cellphones.com.vn/apple-ipad-air-m3.html
tablet,iPad Air 11 inch M4 Wifi 256GB 2026 | Chính hãng,23.490.000đ,23.790.000đ,Giảm1%,https://cellphones.com.vn/apple-ipad-air-m4-11-inch-256gb-wifi.html
tablet,Honor Pad X8b Wifi 6GB 128GB,6.640.000đ,7.490.000đ,Giảm11%,https://cellphones.com.vn/may-tinh-bang-honor-pad-x8b.html
tablet,Huawei MatePad Papermatte 11.5 inch 2025 8GB 256GB - Kèm bàn phím,9.690.000đ,13.490.000đ,Giảm28%,https://cellphones.com.vn/may-tinh-bang-huawei-matepad-papermate-11-5-inch.html
tablet,Samsung Galaxy Tab S10 FE Wifi 8GB 128GB,11.290.000đ,13.690.000đ,Giảm18%,https://cellphones.com.vn/may-tinh-bang-samsung-galaxy-tab-s10-fe-wifi.html
tablet,Xiaomi Pad 8 8GB 128GB,10.990.000đ,11.990.000đ,Giảm8%,https://cellphones.com.vn/may-tinh-bang-xiaomi-pad-8-8gb-128gb.html
tablet,Máy đọc sách Boox Savi 6S,3.390.000đ,3.990.000đ,Giảm15%,https://cellphones.com.vn/may-doc-sach-boox-savi-6s.html
tablet,Huawei MatePad SE 11 inch Wifi 8GB 128GB,6.490.000đ,8.790.000đ,Giảm26%,https://cellphones.com.vn/may-tinh-bang-huawei-matepad-se-11-8gb-128gb.html
tablet,Xiaomi Poco Pad X1 8GB 512GB,9.990.000đ,11.290.000đ,Giảm12%,https://cellphones.com.vn/may-tinh-bang-xiaomi-poco-pad-x1.html
tablet,iPad A16 5G 128GB 2025 | Chính hãng Apple Việt Nam,16.490.000đ,16.990.000đ,Giảm3%,https://cellphones.com.vn/ipad-a16-11-inch-5g.html
tablet,HONOR Pad 10 Wifi 8GB 256GB,10.990.000đ,,,https://cellphones.com.vn/may-tinh-bang-honor-pad-10.html
tablet,"Huawei MatePad 11.5 2026 8GB 128GB, Kèm bàn phím",10.490.000đ,,,https://cellphones.com.vn/may-tinh-bang-huawei-matepad-11-5-2026-8gb-128gb-kem-ban-phim.html
tablet,Xiaomi Pad 8 Pro 8GB 128GB,14.490.000đ,16.990.000đ,Giảm15%,https://cellphones.com.vn/may-tinh-bang-xiaomi-pad-8-pro-8gb-128gb.html
tablet,Xiaomi Poco Pad M1 Wifi 8GB 256GB,8.290.000đ,8.990.000đ,Giảm8%,https://cellphones.com.vn/may-tinh-bang-xiaomi-poco-pad-m1.html
tablet,Xiaomi Pad Mini 8GB 256GB,13.990.000đ,15.990.000đ,Giảm13%,https://cellphones.com.vn/may-tinh-bang-xiaomi-pad-mini.html
tablet,Xiaomi Redmi Pad 2 Wifi 6GB 128GB,6.190.000đ,6.690.000đ,Giảm7%,https://cellphones.com.vn/may-tinh-bang-xiaomi-redmi-pad-2-wifi.html
tablet,Samsung Galaxy Tab S10 Plus Wifi 12GB 256GB,19.990.000đ,25.520.000đ,Giảm22%,https://cellphones.com.vn/may-tinh-bang-samsung-galaxy-tab-s10-plus-wifi.html
tablet,Xiaomi Redmi Pad 2 Pro 5G 6GB 128GB,8.490.000đ,9.490.000đ,Giảm11%,https://cellphones.com.vn/may-tinh-bang-xiaomi-redmi-pad-2-pro.html
tablet,Xiaomi Pad 7 Wifi 8GB 256GB,11.290.000đ,,,https://cellphones.com.vn/may-tinh-bang-xiaomi-pad-7-8gb-256gb.html
tablet,Xiaomi Redmi Pad 2 Wifi 4GB 256GB,5.290.000đ,6.690.000đ,Giảm21%,https://cellphones.com.vn/may-tinh-bang-xiaomi-redmi-pad-2-wifi-4gb-256gb.html
tablet,iPad mini 7 2024 Wifi 256GB | Chính hãng Apple Việt Nam,19.090.000đ,19.290.000đ,Giảm1%,https://cellphones.com.vn/ipad-mini-7-256gb.html
tablet,Nubia Pad Pro 12GB 256GB,12.990.000đ,13.990.000đ,Giảm7%,https://cellphones.com.vn/may-tinh-bang-nubia-pad-pro.html
tablet,Xiaomi Pad 7 Wifi 8GB 128GB,10.300.000đ,,,https://cellphones.com.vn/may-tinh-bang-xiaomi-pad-7.html
tablet,iPad Air 11 inch M3 5G 128GB 2025 | Chính hãng Apple Việt Nam,19.990.000đ,25.290.000đ,Giảm21%,https://cellphones.com.vn/ipad-air-m3-11-inch-5g.html
tablet,Xiaomi Redmi Pad 2 9.7 inch 4G 4GB 64GB,4.690.000đ,5.990.000đ,Giảm22%,https://cellphones.com.vn/may-tinh-bang-xiaomi-redmi-pad-2-9-7-inch-4g.html
tablet,Huawei MatePad SE 11 inch Wifi 6GB 128GB,5.490.000đ,,,https://cellphones.com.vn/may-tinh-bang-huawei-matepad-se-11-inch.html
tablet,iPad A16 5G 256GB 2025 | Chính hãng Apple Việt Nam,19.290.000đ,19.790.000đ,Giảm3%,https://cellphones.com.vn/ipad-a16-11-inch-256gb-5g.html
tablet,Huawei MatePad Pro 12.2 2025 12GB 512GB - Kèm bàn phím,22.990.000đ,23.990.000đ,Giảm4%,https://cellphones.com.vn/may-tinh-bang-huawei-matepad-pro-12-2-inch-2025.html
tablet,iPad Pro chip M5 11 inch Wifi 512GB | Chính hãng Apple Việt Nam,39.790.000đ,41.190.000đ,Giảm3%,https://cellphones.com.vn/ipad-pro-m5-11-inch-512gb.html
tablet,"Lenovo Idea Tab Plus Matte Edition Wifi 12GB 256GB ZAG70980VN - Kèm bút, bàn phím",11.390.000đ,12.390.000đ,Giảm8%,https://cellphones.com.vn/may-tinh-bang-lenovo-idea-tab-plus-wifi-12gb-256gb-zag70980vn-kem-but-ban-phim.html
tablet,Huawei MatePad 12 X 12GB 256GB - Kèm bàn phím,14.990.000đ,15.490.000đ,Giảm3%,https://cellphones.com.vn/may-tinh-bang-huawei-matepad-12-x-kem-ban-phim.html
tablet,Lenovo Legion Tab Gen 3 12GB 256GB,11.940.000đ,15.990.000đ,Giảm25%,https://cellphones.com.vn/may-tinh-bang-lenovo-legion-tab-gen-3.html
tablet,Samsung Galaxy Tab S10 FE 5G 8GB 128GB,13.090.000đ,16.190.000đ,Giảm19%,https://cellphones.com.vn/may-tinh-bang-samsung-galaxy-tab-s10-fe-5g.html
tablet,"Lenovo Idea Tab Pro Gen 2 Matte Edition 12GB 512GB ZAHD0469VN - Kèm bút, bàn phím",18.290.000đ,19.890.000đ,Giảm8%,https://cellphones.com.vn/may-tinh-bang-idea-legion-tab-pro-gen-2-12gb-512gb-zahd0469vn-kem-but-ban-phim.html
tablet,Huawei MatePad 11.5 inch 6GB 128GB,5.990.000đ,6.568.000đ,Giảm9%,https://cellphones.com.vn/may-tinh-bang-huawei-matepad-11-5-inch-6gb-128gb-khong-ban-phim.html
tablet,iPad mini 7 2024 5G 128GB | Chính hãng Apple Việt Nam,20.490.000đ,20.690.000đ,Giảm1%,https://cellphones.com.vn/ipad-mini-7-5g.html
tablet,Samsung Galaxy Tab S10 FE Plus Wifi 12GB 256GB,17.650.000đ,20.490.000đ,Giảm14%,https://cellphones.com.vn/may-tinh-bang-samsung-galaxy-tab-s10-fe-plus-wifi-12gb-256gb.html
tablet,Samsung Galaxy Tab A11 Plus Wifi 8GB 256GB,8.240.000đ,9.390.000đ,Giảm12%,https://cellphones.com.vn/may-tinh-bang-samsung-galaxy-tab-a11-plus-wifi.html
tablet,Samsung Galaxy Tab A11 4GB 64GB,4.540.000đ,5.490.000đ,Giảm17%,https://cellphones.com.vn/may-tinh-bang-samsung-galaxy-tab-a11-4gb-64gb.html
tablet,"Lenovo Idea Tab Wifi 8GB 128GB ZAFR0366VN - Kèm bút, ốp lưng",6.490.000đ,7.490.000đ,Giảm13%,https://cellphones.com.vn/may-tinh-bang-lenovo-idea-tab-wifi-zafr0366vn-kem-op-va-but.html
tablet,iPad Pro M4 11 inch 5G 256GB | Chính hãng Apple Việt Nam,30.990.000đ,39.990.000đ,Giảm23%,https://cellphones.com.vn/ipad-pro-m4-11-inch-5g.html
tablet,Samsung Galaxy Tab S11 Wifi 12GB 256GB,21.600.000đ,24.990.000đ,Giảm14%,https://cellphones.com.vn/may-tinh-bang-samsung-galaxy-tab-s11-wifi-12gb-256gb.html
tablet,iPad Air 13 inch M4 Wifi 256GB 2026 | Chính hãng,28.990.000đ,29.290.000đ,Giảm1%,https://cellphones.com.vn/apple-ipad-air-m4-13-inch-256gb-wifi.html
tablet,Huawei MatePad SE 11 inch Wifi 4GB 128GB,5.490.000đ,6.390.000đ,Giảm14%,https://cellphones.com.vn/may-tinh-bang-huawei-matepad-se-11-inch-4gb-128gb.html
tablet,iPad Air 11 inch M3 5G 256GB 2025 | Chính hãng Apple Việt Nam,22.990.000đ,27.790.000đ,Giảm17%,https://cellphones.com.vn/ipad-air-m3-11-inch-256gb-5g.html
tablet,iPad Pro chip M5 13 inch Wifi 256GB | Chính hãng Apple Việt Nam,43.590.000đ,45.590.000đ,Giảm4%,https://cellphones.com.vn/ipad-pro-m5-13-inch-256gb.html
tablet,Nubia Pad Pro 8GB 256GB,10.990.000đ,11.990.000đ,Giảm8%,https://cellphones.com.vn/may-tinh-bang-nubia-pad-pro-8gb-256gb.html
tablet,iPad Air 11 inch M4 Wifi 512GB 2026 | Chính hãng,29.090.000đ,29.390.000đ,Giảm1%,https://cellphones.com.vn/apple-ipad-air-m4-11-inch-512gb-wifi.html
tablet,Samsung Galaxy Tab S10 FE 5G 12GB 256GB,16.290.000đ,19.190.000đ,Giảm15%,https://cellphones.com.vn/may-tinh-bang-samsung-galaxy-tab-s10-fe-5g-12gb-256gb.html
tablet,Máy tính bảng Teclast Wifi P30 4GB 128GB,2.990.000đ,,,https://cellphones.com.vn/may-tinh-bang-teclast-p30-wifi.html
tablet,iPad Air 11 inch M4 5G 128GB 2026 | Chính hãng,24.790.000đ,25.190.000đ,Giảm2%,https://cellphones.com.vn/apple-ipad-air-m4-11-inch-128gb-5g.html
tablet,Máy tính bảng Teclast 4G P50 4GB 128GB,3.790.000đ,4.290.000đ,Giảm12%,https://cellphones.com.vn/may-tinh-bang-teclast-4g-p50-4gb-128gb.html
tablet,iPad Air 13 inch M4 Wifi 128GB 2026 | Chính hãng,26.190.000đ,26.490.000đ,Giảm1%,https://cellphones.com.vn/apple-ipad-air-m4-13-inch-128gb-wifi.html
tablet,iPad Air 13 inch M3 Wifi 128GB 2025 | Chính hãng Apple Việt Nam,21.590.000đ,26.990.000đ,Giảm20%,https://cellphones.com.vn/ipad-air-m3-13-inch.html
tablet,Lenovo Idea Tab 5G 8GB 128GB ZAFM0710VN - Kèm bút,6.990.000đ,8.490.000đ,Giảm18%,https://cellphones.com.vn/may-tinh-bang-lenovo-idea-tab-5g-8gb-128b-xam-kem-but-zafm0710vn.html
tablet,Samsung Galaxy Tab A11 Plus 5G 6GB 128GB,7.990.000đ,8.890.000đ,Giảm10%,https://cellphones.com.vn/may-tinh-bang-samsung-galaxy-tab-a11-plus-5g.html
tablet,iPad Pro chip M5 11 inch Wifi 1TB | Chính hãng Apple Việt Nam,49.990.000đ,52.390.000đ,Giảm5%,https://cellphones.com.vn/ipad-pro-m5-11-inch-1tb.html
tablet,Masstel Tab 10 Edu 4G 3GB 32GB,1.990.000đ,2.490.000đ,Giảm20%,https://cellphones.com.vn/masstel-tab-10-edu-4g.html
tablet,Máy tính bảng Teclast T50 Plus 6GB 256GB,4.590.000đ,5.390.000đ,Giảm15%,https://cellphones.com.vn/may-tinh-bang-teclast-t50-plus.html
tablet,Lenovo Idea Tab Wifi 8GB 256GB ZAFR0402VN - Kèm bút,7.990.000đ,8.490.000đ,Giảm6%,https://cellphones.com.vn/may-tinh-bang-lenovo-idea-tab-wifi-zafr0402vn-kem-but.html
tablet,Samsung Galaxy Tab S10 Plus 5G 12GB 256GB,23.490.000đ,28.470.000đ,Giảm17%,https://cellphones.com.vn/may-tinh-bang-samsung-galaxy-tab-s10-plus-5g.html
tablet,Samsung Galaxy Tab S11 Ultra 5G 12GB 256GB,30.990.000đ,36.490.000đ,Giảm15%,https://cellphones.com.vn/may-tinh-bang-samsung-galaxy-tab-s11-ultra.html
tablet,Huawei MatePad 11.5 inch 8GB 256GB - Kèm bàn phím,8.830.000đ,9.490.000đ,Giảm7%,https://cellphones.com.vn/may-tinh-bang-huawei-matepad-11-5-inch.html
tablet,Máy đọc sách New Kindle Gen 11 2024 16GB (Bản không quảng cáo),4.090.000đ,4.990.000đ,Giảm18%,https://cellphones.com.vn/may-doc-sach-kindle-new-2024-gen-11-16gb-khong-quang-cao.html
tablet,iPad Air 11 inch M4 5G 256GB 2026 | Chính hãng,26.190.000đ,27.990.000đ,Giảm6%,https://cellphones.com.vn/apple-ipad-air-m4-11-inch-256gb-5g.html
tablet,Lenovo Tab Plus Wifi 8GB 256GB ZADX0130VN - Kèm bao da,6.490.000đ,7.990.000đ,Giảm19%,https://cellphones.com.vn/may-tinh-bang-lenovo-tab-plus-wifi-zadx0130vn.html
tablet,iPad Pro M4 11 inch Wifi 2TB Nano | Chính hãng Apple Việt Nam,47.490.000đ,68.290.000đ,Giảm30%,https://cellphones.com.vn/ipad-pro-m4-11-inch-2tb-nano.html
tablet,HONOR Pad V9 Wifi 8GB 256GB,13.990.000đ,15.990.000đ,Giảm13%,https://cellphones.com.vn/may-tinh-bang-honor-pad-v9-wifi.html
tablet,iPad Pro chip M5 11 inch 5G 256GB | Chính hãng Apple Việt Nam,39.490.000đ,41.490.000đ,Giảm5%,https://cellphones.com.vn/ipad-pro-11-inch-m5-5g-256gb.html
tablet,iPad Air 13 inch M4 5G 128GB 2026 | Chính hãng,30.190.000đ,30.690.000đ,Giảm2%,https://cellphones.com.vn/apple-ipad-air-m4-13-inch-128gb-5g.html
tablet,Samsung Galaxy Tab S9 Wifi 8GB 128GB,13.490.000đ,19.630.000đ,Giảm31%,https://cellphones.com.vn/samsung-galaxy-tab-s9-wifi.html
tablet,iPad Pro chip M5 13 inch 5G 2TB | Chính hãng Apple Việt Nam,77.990.000đ,81.990.000đ,Giảm5%,https://cellphones.com.vn/ipad-pro-m5-13-inch-5g-2tb.html
tablet,Máy đọc sách Kindle Paperwhite 6 16GB (Bản không quảng cáo),5.490.000đ,6.490.000đ,Giảm15%,https://cellphones.com.vn/may-doc-sach-kindle-paperwhite-6-16gb-khong-quang-cao.html
tablet,OPPO Pad 5 8GB 256GB,12.540.000đ,13.990.000đ,Giảm10%,https://cellphones.com.vn/may-tinh-bang-oppo-pad-5.html
tablet,iPad Pro chip M5 13 inch Wifi 512GB | Chính hãng Apple Việt Nam,49.590.000đ,51.190.000đ,Giảm3%,https://cellphones.com.vn/ipad-pro-m5-13-inch-512gb.html
tablet,iPad Pro M4 11 inch Wifi 2TB | Chính hãng Apple Việt Nam,46.490.000đ,65.490.000đ,Giảm29%,https://cellphones.com.vn/ipad-pro-m4-11-inch-2tb.html
tablet,iPad Pro chip M5 13 inch 5G 256GB | Chính hãng Apple Việt Nam,48.990.000đ,51.190.000đ,Giảm4%,https://cellphones.com.vn/ipad-pro-m5-13-inch-5g-256gb.html
tablet,Lenovo Idea Tab 5G 8GB 256GB ZAFM0711VN - Kèm bút,9.390.000đ,9.990.000đ,Giảm6%,https://cellphones.com.vn/may-tinh-bang-lenovo-idea-tab-5g-zafm0711vn-kem-but.html
tablet,iPad Pro M4 13 inch Wifi 2TB,44.690.000đ,74.490.000đ,Giảm40%,https://cellphones.com.vn/ipad-pro-m4-13-inch-2tb.html
tablet,"Lenovo Idea Tab Pro Wifi 8GB 256GB ZAE40190VN - Kèm bút, bàn phím",11.590.000đ,11.990.000đ,Giảm3%,https://cellphones.com.vn/may-tinh-bang-lenovo-idea-tab-pro-kem-but-ban-phim.html
tablet,iPad Pro chip M5 11 inch Wifi 2TB Nano | Chính hãng Apple Việt Nam,65.990.000đ,69.190.000đ,Giảm5%,https://cellphones.com.vn/ipad-pro-chip-m5-11-inch-wifi-2tb-nano.html
tablet,Samsung Galaxy Tab S11 5G 12GB 128GB,22.700.000đ,26.190.000đ,Giảm13%,https://cellphones.com.vn/may-tinh-bang-samsung-galaxy-tab-s11.html
tablet,iPad Pro chip M5 11 inch Wifi 2TB | Chính hãng Apple Việt Nam,63.990.000đ,66.390.000đ,Giảm4%,https://cellphones.com.vn/ipad-pro-m5-11-inch-2tb.html
tablet,iPad Pro chip M5 13 inch 5G 512GB | Chính hãng Apple Việt Nam,55.490.000đ,56.790.000đ,Giảm2%,https://cellphones.com.vn/ipad-pro-m5-13-inch-5g-512gb.html
tablet,OPPO Pad SE WiFi 4GB 128GB,6.090.000đ,7.290.000đ,Giảm16%,https://cellphones.com.vn/may-tinh-bang-oppo-pad-se-wifi-4gb-128gb.html
tablet,Samsung Galaxy Tab S11 5G 12GB 256GB,24.750.000đ,28.690.000đ,Giảm14%,https://cellphones.com.vn/may-tinh-bang-samsung-galaxy-tab-s11-5g-12gb-256gb.html
tablet,iPad Pro M4 13 inch Wifi 2TB Nano I Chính hãng Apple Việt Nam,47.490.000đ,77.290.000đ,Giảm39%,https://cellphones.com.vn/ipad-pro-m4-13-inch-2tb-nano.html
tablet,Máy đọc sách Kindle Scribe 2024 10.3 inch Premium kèm bút 16GB,12.890.000đ,13.990.000đ,Giảm8%,https://cellphones.com.vn/may-doc-sach-kindle-scribe-10-3-inch-premium-kem-but-16gb.html
tablet,iPad Pro M4 13 inch 5G 2TB I Chính hãng Apple Việt Nam,51.490.000đ,79.990.000đ,Giảm36%,https://cellphones.com.vn/ipad-pro-m4-13-inch-2tb-5g.html
tablet,iPad Air 13 inch M3 Wifi 256GB 2025 | Chính hãng Apple Việt Nam,24.490.000đ,29.490.000đ,Giảm17%,https://cellphones.com.vn/ipad-air-m3-13-inch-256gb.html
tablet,iPad Air 13 inch M3 5G 128GB 2025 | Chính hãng Apple Việt Nam,24.990.000đ,30.990.000đ,Giảm19%,https://cellphones.com.vn/ipad-air-m3-13-inch-5g.html
tablet,iPad Pro M4 11 inch 5G 2TB Nano | Chính hãng Apple Việt Nam,47.990.000đ,73.990.000đ,Giảm35%,https://cellphones.com.vn/ipad-pro-m4-11-inch-2tb-5g-nano.html
tablet,Máy đọc sách Boox Savi 6,4.990.000đ,5.590.000đ,Giảm11%,https://cellphones.com.vn/may-doc-sach-boox-savi-6.html
tablet,iPad Pro M4 11 inch 5G 2TB I Chính hãng Apple Việt Nam,46.990.000đ,69.990.000đ,Giảm33%,https://cellphones.com.vn/ipad-pro-m4-11-inch-2tb-5g.html
tablet,iPad Pro M4 13 inch 5G 2TB Nano I Chính hãng Apple Việt Nam,53.990.000đ,82.490.000đ,Giảm35%,https://cellphones.com.vn/ipad-pro-m4-13-inch-2tb-5g-nano.html
tablet,iPad Pro chip M5 13 inch Wifi 2TB | Chính hãng Apple Việt Nam,73.990.000đ,76.390.000đ,Giảm3%,https://cellphones.com.vn/ipad-pro-m5-13-inch-2tb.html
tablet,Lenovo Legion Y700,Giá Liên Hệ,,,https://cellphones.com.vn/lenovo-legion-y700.html
tablet,iPad Pro chip M5 11 inch 5G 512GB | Chính hãng Apple Việt Nam,45.490.000đ,46.490.000đ,Giảm2%,https://cellphones.com.vn/ipad-pro-m5-11-inch-5g-512gb.html
tablet,Máy đọc sách Onyx Boox Palma,6.990.000đ,8.390.000đ,Giảm17%,https://cellphones.com.vn/may-doc-sach-onyx-boox-palma.html
tablet,Máy đọc sách Boox Go 10.3,11.390.000đ,14.390.000đ,Giảm21%,https://cellphones.com.vn/may-doc-sach-boox-go-10-3.html
tablet,Samsung Galaxy Tab S10 Lite 5G,Giá Liên Hệ,,,https://cellphones.com.vn/may-tinh-bang-samsung-galaxy-tab-s10-lite-5g.html
tablet,Máy đọc sách Kindle Paperwhite 4 Gen 10 8GB,3.990.000đ,,,https://cellphones.com.vn/may-doc-sach-kindle-paperwhite-4-gen-10-2019.html
tablet,Máy đọc sách Boox Palma 2,7.790.000đ,8.590.000đ,Giảm9%,https://cellphones.com.vn/may-doc-sach-boox-palma-2.html
tablet,Mi pad 6 8GB 256GB,Giá Liên Hệ,,,https://cellphones.com.vn/xiaomi-pad-6-8gb-256gb-64056.html
tablet,Lenovo Tab M11 4G 8GB 128GB ZADB0162VN,5.690.000đ,6.690.000đ,Giảm15%,https://cellphones.com.vn/may-tinh-bang-lenovo-tab-m11-8gb-128gb.html
tablet,Máy đọc sách Boox Go Color 7 Gen 2,Giá Liên Hệ,,,https://cellphones.com.vn/may-doc-sach-boox-go-color-7-gen-2.html
tablet,Lenovo Tab M10 Gen 2 2GB 32GB,3.490.000đ,5.190.000đ,Giảm33%,https://cellphones.com.vn/lenovo-tab-m10-gen-2.html
tablet,"Lenovo Tab M11 4G (4GB 64GB) ZADB0134VN - Kèm bút, bao da",4.590.000đ,5.790.000đ,Giảm21%,https://cellphones.com.vn/may-tinh-bang-lenovo-tab-m11.html
tablet,Máy tính bảng Teclast 4G T50 PLUS 8GB 128GB,4.590.000đ,4.990.000đ,Giảm8%,https://cellphones.com.vn/may-tinh-bang-teclast-4g-t50-plus-8gb-128gb.html
tablet,Máy đọc sách Onyx Boox Page,6.590.000đ,7.690.000đ,Giảm14%,https://cellphones.com.vn/may-doc-sach-onyx-boox-page.html
tablet,Máy đọc sách Boox Savi 7,Giá Liên Hệ,,,https://cellphones.com.vn/may-doc-sach-boox-savi-7.html
tablet,Lenovo Tab K11 Wifi,Giá Liên Hệ,,,https://cellphones.com.vn/may-tinh-bang-lenovo-tab-k11.html
tablet,Samsung Galaxy Tab S12 Ultra 5G 12GB 256GB,Giá Liên Hệ,,,https://cellphones.com.vn/may-tinh-bang-samsung-galaxy-tab-s12-ultra-5g.html
tablet,Máy tính bảng TCL Tab 10L WIFI 3GB 32GB,2.290.000đ,,,https://cellphones.com.vn/tcl-tab-10l-wifi.html
tablet,Blackview Active 8 Pro,Giá Liên Hệ,,,https://cellphones.com.vn/blackview-active-8-pro.html
tablet,Máy tính bảng TCL Tab 11 WIFI 4GB 128GB,4.290.000đ,,,https://cellphones.com.vn/tcl-tab-11.html
tablet,Lenovo Tab 4G 4GB 64GB ZAEJ0139VN - Kèm bao da,3.990.000đ,4.190.000đ,Giảm5%,https://cellphones.com.vn/may-tinh-bang-lenovo-tab-4g-zaej0139vn-kem-bao-da.html
tablet,Lenovo Tab Wifi 4GB 64GB ZAEH0147VN - Kèm bao da,3.490.000đ,,,https://cellphones.com.vn/may-tinh-bang-lenovo-tab-4gb-64gb-zaeh0147vn-kem-bao-da.html
tablet,Honor Pad 9 Pro,Giá Liên Hệ,,,https://cellphones.com.vn/may-tinh-bang-honor-pad-9-pro.html
tablet,Samsung Galaxy Tab S12 Plus 5G 12GB 256GB,Giá Liên Hệ,,,https://cellphones.com.vn/may-tinh-bang-samsung-galaxy-tab-s12-plus-5g.html
tablet,Samsung Galaxy Tab S12 Ultra Wifi 12GB 256GB,Giá Liên Hệ,,,https://cellphones.com.vn/may-tinh-bang-samsung-galaxy-tab-s12-ultra-wifi.html
tablet,Lenovo Tab M9 4G 4GB 64GB ZAC50137VN,2.990.000đ,4.390.000đ,Giảm32%,https://cellphones.com.vn/may-tinh-bang-lenovo-tab-m9-4gb-64gb.html
tablet,Samsung Galaxy Tab S12 Plus Wifi 12GB 256GB,Giá Liên Hệ,,,https://cellphones.com.vn/may-tinh-bang-samsung-galaxy-tab-s12-plus-wifi.html
tablet,Máy tính bảng TCL Tab 10 4G 4GB 64GB,3.790.000đ,,,https://cellphones.com.vn/tcl-tab-10.html
tablet,Lenovo Legion Tab Gen 5 12GB 256GB ZAH20093VN,Giá Liên Hệ,,,https://cellphones.com.vn/may-tinh-bang-lenovo-legion-tab-gen-5-12gb-256gb-zah20093vn.html
tablet,Lenovo Tab One 4G 4GB 128GB ZAF00170VN,Giá Liên Hệ,,,https://cellphones.com.vn/may-tinh-bang-lenovo-tab-one-4gb-128gb-zaf00170vn.html
tablet,Lenovo Tab M8 Gen 2 3GB 32GB (ZA630033VN),1.990.000đ,2.990.000đ,Giảm33%,https://cellphones.com.vn/lenovo-tab-m8-gen-2-3gb-32gb.html
tablet,HONOR Pad X9a,Giá Liên Hệ,,,https://cellphones.com.vn/may-tinh-bang-honor-pad-x9a.html
tablet,"Lenovo Tab M11 Wifi 4GB 128GB ZADA0311VN - Kèm bút, bao da",4.690.000đ,5.790.000đ,Giảm19%,https://cellphones.com.vn/may-tinh-bang-lenovo-tab-m11-128gb.html
tablet,Xiaomi Redmi Pad 2 3GB 32GB,Giá Liên Hệ,,,https://cellphones.com.vn/xiaomi-redmi-pad-2.html
tablet,Xiaomi POCO Pad,Giá Liên Hệ,,,https://cellphones.com.vn/may-tinh-bang-xiaomi-poco-pad.html
tablet,OnePlus Pad,Giá Liên Hệ,,,https://cellphones.com.vn/oneplus-pad.html
tablet,Máy đọc sách All New Kindle 2019 8GB (Gen 10th),2.990.000đ,,,https://cellphones.com.vn/may-doc-sach-all-new-kindle-gen-10-2019.html
tablet,vivo iQOO Pad Air,Giá Liên Hệ,,,https://cellphones.com.vn/may-tinh-bang-vivo-iqoo-pad-air.html
tablet,Xiaomi Redmi Pad 2022,Giá Liên Hệ,,,https://cellphones.com.vn/xiaomi-redmi-pad-2022.html
tablet,Lenovo Tab One 4GB 64GB ZAF00020VN,2.990.000đ,,,https://cellphones.com.vn/may-tinh-bang-lenovo-tab-one-zaf00020vn.html
tablet,Xiaomi Redmi Pad,Giá Liên Hệ,,,https://cellphones.com.vn/xiaomi-redmi-pad-54290.html
tablet,Mi pad 6 8GB 128GB,Giá Liên Hệ,,,https://cellphones.com.vn/xiaomi-pad-6-8gb-128gb-64055.html
tablet,Lenovo Tab One 4G 4GB 128GB ZAF10179VN,Giá Liên Hệ,,,https://cellphones.com.vn/may-tinh-bang-lenovo-tab-one-4g-4gb-128gb-zaf10179vn.html
tablet,Honor Pad X8 Lite,Giá Liên Hệ,,,https://cellphones.com.vn/honor-pad-x8-lite.html
tablet,OPPO Pad SE,Giá Liên Hệ,,,https://cellphones.com.vn/may-tinh-bang-oppo-pad-se.html
tablet,Lenovo Tab M8 Gen 4 3GB 32GB ZABV0108VN,2.490.000đ,3.190.000đ,Giảm22%,https://cellphones.com.vn/may-tinh-bang-lenovo-tab-m8-gen-4.html
tablet,Lenovo Tab M10 Gen 3 4GB 64GB ZAAF0009VN,3.990.000đ,6.190.000đ,Giảm36%,https://cellphones.com.vn/lenovo-tab-m10-gen-3-4gb-64gb.html
tablet,Masstel Tab 10M,Giá Liên Hệ,,,https://cellphones.com.vn/masstel-tab-10m.html
tablet,Alldocube iPlay 70E,Giá Liên Hệ,,,https://cellphones.com.vn/may-tinh-bang-alldocube-iplay-70e.html
tablet,Redmi Writing Pad,Giá Liên Hệ,,,https://cellphones.com.vn/xiaomi-redmi-writing-pad.html
tablet,Lenovo Xiaoxin Pad Pro 8GB 256GB,Giá Liên Hệ,,,https://cellphones.com.vn/may-tinh-bang-lenovo-xiaoxin-pad-pro.html
tablet,Xiaomi Pad 8 Pro 12GB 512GB Wifi,Giá Liên Hệ,,,https://cellphones.com.vn/may-tinh-bang-xiaomi-pad-8-pro-12gb-512gb.html
tablet,Xiaomi Pad 8 Pro 8GB 256GB Wifi,Giá Liên Hệ,,,https://cellphones.com.vn/may-tinh-bang-xiaomi-pad-8-pro-8gb-256gb.html
tablet,Xiaomi Pad 8 8GB 256GB Wifi,Giá Liên Hệ,,,https://cellphones.com.vn/may-tinh-bang-xiaomi-pad-8-8gb-256gb.html
tablet,Masstel Tab 10,Giá Liên Hệ,,,https://cellphones.com.vn/masstel-tab-10-4g.html
tablet,Huawei MatePad C7,Giá Liên Hệ,,,https://cellphones.com.vn/huawei-matepad-c7.html
tablet,Lenovo Tab M8 Wifi,Giá Liên Hệ,,,https://cellphones.com.vn/lenovo-tab-m8.html
tablet,Xiaomi Pad 9 Pro Max,Giá Liên Hệ,,,https://cellphones.com.vn/may-tinh-bang-xiaomi-pad-9-pro-max.html
tablet,Xiaomi Pad 9,Giá Liên Hệ,,,https://cellphones.com.vn/may-tinh-bang-xiaomi-pad-9.html
tablet,Xiaomi Redmi Pad 2 4G,Giá Liên Hệ,,,https://cellphones.com.vn/may-tinh-bang-xiaomi-redmi-pad-2-4g.html
tablet,Xiaomi Pad 8 Pro 12GB 256GB,Giá Liên Hệ,,,https://cellphones.com.vn/may-tinh-bang-xiaomi-pad-8-pro-12gb-256gb.html
tablet,Xiaomi Redmi Pad 6S Pro,Giá Liên Hệ,,,https://cellphones.com.vn/may-tinh-bang-xiaomi-redmi-pad-6-s-pro.html
tablet,MatePad Pro 11,Giá Liên Hệ,,,https://cellphones.com.vn/matepad-pro-11.html
tablet,Acer Iconia Tab M1,Giá Liên Hệ,,,https://cellphones.com.vn/acer-iconia-tab-m1.html
tablet,OPPO Pad Mini 8GB 256GB Wifi,Giá Liên Hệ,,,https://cellphones.com.vn/may-tinh-bang-oppo-pad-mini-wifi.html
tablet,Xiaomi Pad 9 Pro,Giá Liên Hệ,,,https://cellphones.com.vn/may-tinh-bang-xiaomi-pad-9-pro.html
tablet,Alldocube iPlay 80 mini Turbo,Giá Liên Hệ,,,https://cellphones.com.vn/may-tinh-bang-alldocube-iplay-80-mini-turbo.html
