category,product_type,brand,brand_group,name,price_sale,price_original,discount,ram_gb,storage_gb,connectivity,is_official,has_bundle,model_year,is_contact,url
mobile,Phone,Apple,Apple,iPhone 18 Pro 256GB,38790000.0,38990000.0,1.0,,256.0,Unspecified,Not stated,No bundle,,False,https://cellphones.com.vn/iphone-18-pro.html
mobile,Phone,Apple,Apple,iPhone 17 Pro 256GB | Chính hãng,31990000.0,34990000.0,9.0,,256.0,Unspecified,Official,No bundle,,False,https://cellphones.com.vn/iphone-17-pro.html
mobile,Phone,Apple,Apple,iPhone 18 Pro Max 256GB,41990000.0,,,,256.0,Unspecified,Not stated,No bundle,,False,https://cellphones.com.vn/iphone-18-pro-max.html
mobile,Phone,Samsung,Samsung,Samsung Galaxy S26 Ultra 5G 12GB 256GB,30490000.0,36990000.0,18.0,12.0,256.0,5G,Not stated,No bundle,,False,https://cellphones.com.vn/dien-thoai-samsung-galaxy-s26-ultra.html
mobile,Phone,Apple,Apple,iPhone 17 Pro Max 256GB | Chính hãng,34490000.0,37990000.0,9.0,,256.0,Unspecified,Official,No bundle,,False,https://cellphones.com.vn/iphone-17-pro-max.html
mobile,Phone,Apple,Apple,iPhone 17 256GB | Chính hãng,26990000.0,28990000.0,7.0,,256.0,Unspecified,Official,No bundle,,False,https://cellphones.com.vn/iphone-17-256gb.html
mobile,Phone,Apple,Apple,iPhone 18 Pro Max 2TB,80990000.0,,,,2048.0,Unspecified,Not stated,No bundle,,False,https://cellphones.com.vn/iphone-18-pro-max-2tb.html
mobile,Phone,OPPO,Chinese brands,OPPO Reno16 F 5G 8GB 256GB,14540000.0,15990000.0,9.0,8.0,256.0,5G,Not stated,No bundle,,False,https://cellphones.com.vn/dien-thoai-oppo-reno16-f.html
mobile,Phone,Samsung,Samsung,Samsung Galaxy S26 FE 5G 8GB 128GB,16490000.0,18990000.0,13.0,8.0,128.0,5G,Not stated,No bundle,,False,https://cellphones.com.vn/dien-thoai-samsung-galaxy-s26-fe.html
mobile,Phone,Samsung,Samsung,Samsung Galaxy Z Fold8 Ultra 5G 12GB 256GB,46990000.0,52990000.0,11.0,12.0,256.0,5G,Not stated,No bundle,,False,https://cellphones.com.vn/dien-thoai-samsung-galaxy-z-fold-8-ultra.html
mobile,Phone,Xiaomi,Chinese brands,Xiaomi POCO F9 Ultra 5G 12GB 256GB,24290000.0,29990000.0,19.0,12.0,256.0,5G,Not stated,No bundle,,False,https://cellphones.com.vn/dien-thoai-xiaomi-poco-f9-ultra.html
mobile,Phone,Samsung,Samsung,Samsung Galaxy A57 5G 8GB 128GB,11090000.0,12490000.0,11.0,8.0,128.0,5G,Not stated,No bundle,,False,https://cellphones.com.vn/dien-thoai-samsung-galaxy-a57.html
mobile,Phone,Xiaomi,Chinese brands,POCO X8 Pro Max 12GB 256GB,13990000.0,16990000.0,18.0,12.0,256.0,Unspecified,Not stated,No bundle,,False,https://cellphones.com.vn/dien-thoai-xiaomi-poco-x8-pro-max.html
mobile,Phone,Samsung,Samsung,Samsung Galaxy A37 5G 8GB 128GB,9700000.0,10790000.0,10.0,8.0,128.0,5G,Not stated,No bundle,,False,https://cellphones.com.vn/dien-thoai-samsung-galaxy-a37.html
mobile,Phone,Apple,Apple,iPhone Air 256GB | Chính hãng,22990000.0,31990000.0,28.0,,256.0,Unspecified,Official,No bundle,,False,https://cellphones.com.vn/iphone-air-256gb.html
mobile,Phone,Apple,Apple,iPhone 17 Pro Max 512GB | Chính hãng,40990000.0,44490000.0,8.0,,512.0,Unspecified,Official,No bundle,,False,https://cellphones.com.vn/iphone-17-pro-max-512gb.html
mobile,Phone,Xiaomi,Chinese brands,Xiaomi Redmi Note 17 4GB 128GB,5790000.0,6990000.0,17.0,4.0,128.0,4G,Not stated,No bundle,,False,https://cellphones.com.vn/dien-thoai-xiaomi-redmi-note-17.html
mobile,Phone,Samsung,Samsung,Samsung Galaxy S25 Ultra 12GB 256GB,25990000.0,33380000.0,22.0,12.0,256.0,Unspecified,Not stated,No bundle,,False,https://cellphones.com.vn/dien-thoai-samsung-galaxy-s25-ultra.html
mobile,Phone,Apple,Apple,iPhone 18 Pro 2TB,77490000.0,77990000.0,1.0,,2048.0,Unspecified,Not stated,No bundle,,False,https://cellphones.com.vn/iphone-18-pro-2tb.html
mobile,Phone,Apple,Apple,Điện thoại iPhone 16 Pro Max 256GB,30990000.0,34990000.0,11.0,,256.0,Unspecified,Not stated,No bundle,,False,https://cellphones.com.vn/iphone-16-pro-max.html
mobile,Phone,OPPO,Chinese brands,OPPO Find X9s 12GB 256GB,22990000.0,24990000.0,8.0,12.0,256.0,Unspecified,Not stated,No bundle,,False,https://cellphones.com.vn/dien-thoai-oppo-find-x9s.html
mobile,Phone,Samsung,Samsung,Samsung Galaxy Z Fold8 5G 12GB 256GB,40990000.0,46990000.0,13.0,12.0,256.0,5G,Not stated,No bundle,,False,https://cellphones.com.vn/dien-thoai-samsung-galaxy-z-fold-8.html
mobile,Phone,Xiaomi,Chinese brands,Xiaomi Redmi Note 17 Pro Max 5G 8GB 512GB,14290000.0,17990000.0,21.0,8.0,512.0,5G,Not stated,No bundle,,False,https://cellphones.com.vn/dien-thoai-xiaomi-redmi-note-17-pro-max-5g.html
mobile,Phone,Apple,Apple,iPhone 15 128GB | Chính hãng VN/A,19990000.0,22990000.0,13.0,,128.0,Unspecified,Official,No bundle,,False,https://cellphones.com.vn/iphone-15.html
mobile,Phone,Nubia,Chinese brands,Nubia Neo 5 5G 8GB 128GB,6190000.0,7490000.0,17.0,8.0,128.0,5G,Not stated,No bundle,,False,https://cellphones.com.vn/dien-thoai-nubia-neo-5-5g.html
mobile,Phone,Samsung,Samsung,Samsung Galaxy S25 FE 8GB 128GB,13390000.0,16690000.0,20.0,8.0,128.0,Unspecified,Not stated,No bundle,,False,https://cellphones.com.vn/dien-thoai-samsung-galaxy-s25-fe.html
mobile,Phone,Samsung,Samsung,Samsung Galaxy A17 5G 8GB 128GB,6190000.0,8790000.0,30.0,8.0,128.0,5G,Not stated,No bundle,,False,https://cellphones.com.vn/dien-thoai-samsung-galaxy-a17-5g.html
mobile,Phone,Apple,Apple,iPhone 17 Pro 512GB | Chính hãng,38490000.0,41490000.0,7.0,,512.0,Unspecified,Official,No bundle,,False,https://cellphones.com.vn/iphone-17-pro-512gb.html
mobile,Phone,Samsung,Samsung,Samsung Galaxy Z Flip8 5G 12GB 256GB,27490000.0,31990000.0,14.0,12.0,256.0,5G,Not stated,No bundle,,False,https://cellphones.com.vn/dien-thoai-samsung-galaxy-z-flip-8.html
mobile,Phone,Nubia,Chinese brands,Nubia Neo 5 5G 8GB 256GB,7190000.0,8490000.0,15.0,8.0,256.0,5G,Not stated,No bundle,,False,https://cellphones.com.vn/dien-thoai-nubia-neo-5-5g-8gb-256gb.html
mobile,Phone,Xiaomi,Chinese brands,Xiaomi Redmi Note 17 5G 6GB 128GB,7590000.0,8990000.0,16.0,6.0,128.0,5G,Not stated,No bundle,,False,https://cellphones.com.vn/dien-thoai-xiaomi-redmi-note-17-5g.html
mobile,Phone,Apple,Apple,iPhone 13 128GB | Chính hãng VN/A,14990000.0,15990000.0,6.0,,128.0,Unspecified,Official,No bundle,,False,https://cellphones.com.vn/iphone-13.html
mobile,Phone,Apple,Apple,iPhone 16e 128GB | Chính hãng VN/A,14290000.0,,,,128.0,Unspecified,Official,No bundle,,False,https://cellphones.com.vn/iphone-16e.html
mobile,Phone,Samsung,Samsung,Samsung Galaxy S26 5G 12GB 256GB,21990000.0,25990000.0,15.0,12.0,256.0,5G,Not stated,No bundle,,False,https://cellphones.com.vn/dien-thoai-samsung-galaxy-s26.html
mobile,Phone,Xiaomi,Chinese brands,Xiaomi Redmi Note 17 Pro 5G 6GB 256GB,9290000.0,11490000.0,19.0,6.0,256.0,5G,Not stated,No bundle,,False,https://cellphones.com.vn/dien-thoai-xiaomi-redmi-note-17-pro-5g.html
mobile,Phone,Apple,Apple,iPhone 16 128GB | Chính hãng VN/A,22990000.0,24990000.0,8.0,,128.0,Unspecified,Official,No bundle,,False,https://cellphones.com.vn/iphone-16.html
mobile,Phone,Apple,Apple,iPhone 17e 256GB | Chính hãng,20490000.0,21990000.0,7.0,,256.0,Unspecified,Official,No bundle,,False,https://cellphones.com.vn/iphone-17e.html
mobile,Phone,Xiaomi,Chinese brands,Xiaomi 17T 5G 12GB 512GB,15490000.0,20990000.0,26.0,12.0,512.0,5G,Not stated,No bundle,,False,https://cellphones.com.vn/dien-thoai-xiaomi-17t.html
mobile,Phone,Xiaomi,Chinese brands,Xiaomi 17 Ultra 5G 16GB 512GB,30290000.0,39990000.0,24.0,16.0,512.0,5G,Not stated,No bundle,,False,https://cellphones.com.vn/dien-thoai-xiaomi-17-ultra.html
mobile,Phone,Apple,Apple,iPhone 16 Pro Max 512GB | Chính hãng VN/A,38990000.0,40990000.0,5.0,,512.0,Unspecified,Official,No bundle,,False,https://cellphones.com.vn/iphone-16-pro-max-512gb.html
mobile,Phone,Xiaomi,Chinese brands,Xiaomi 17T Pro 5G 12GB 512GB,18790000.0,24990000.0,25.0,12.0,512.0,5G,Not stated,No bundle,,False,https://cellphones.com.vn/dien-thoai-xiaomi-17t-pro.html
mobile,Phone,Apple,Apple,iPhone 14 128GB  | Chính hãng VN/A,16990000.0,17990000.0,6.0,,128.0,Unspecified,Official,No bundle,,False,https://cellphones.com.vn/iphone-14.html
mobile,Phone,Samsung,Samsung,Samsung Galaxy A27 5G 6GB 128GB,7800000.0,8490000.0,8.0,6.0,128.0,5G,Not stated,No bundle,,False,https://cellphones.com.vn/dien-thoai-samsung-galaxy-a27.html
mobile,Phone,Apple,Apple,iPhone 15 256GB | Chính hãng VN/A,24990000.0,25990000.0,4.0,,256.0,Unspecified,Official,No bundle,,False,https://cellphones.com.vn/iphone-15-256gb.html
mobile,Phone,Apple,Apple,iPhone 17 Pro Max 1TB | Chính hãng,47490000.0,50990000.0,7.0,,1024.0,Unspecified,Official,No bundle,,False,https://cellphones.com.vn/iphone-17-pro-max-1tb.html
mobile,Phone,Xiaomi,Chinese brands,Xiaomi POCO F8 Pro 5G 12GB 256GB,15490000.0,18990000.0,18.0,12.0,256.0,5G,Not stated,No bundle,,False,https://cellphones.com.vn/dien-thoai-poco-f8-pro-5g.html
mobile,Phone,Xiaomi,Chinese brands,Xiaomi Redmi Note 15 6GB 128GB,5190000.0,5990000.0,13.0,6.0,128.0,Unspecified,Not stated,No bundle,,False,https://cellphones.com.vn/dien-thoai-xiaomi-redmi-note-15.html
mobile,Phone,Apple,Apple,iPhone 17 512GB | Chính hãng,32990000.0,35490000.0,7.0,,512.0,Unspecified,Official,No bundle,,False,https://cellphones.com.vn/iphone-17-512gb.html
mobile,Phone,Samsung,Samsung,Samsung Galaxy A07 4GB 128GB,3990000.0,4190000.0,5.0,4.0,128.0,4G,Not stated,No bundle,,False,https://cellphones.com.vn/dien-thoai-samsung-galaxy-a07.html
mobile,Phone,OPPO,Chinese brands,OPPO Find N6 16GB 512GB,64490000.0,64990000.0,1.0,16.0,512.0,Unspecified,Not stated,No bundle,,False,https://cellphones.com.vn/dien-thoai-oppo-find-n6.html
mobile,Phone,Samsung,Samsung,Samsung Galaxy S25 Plus 256GB,19990000.0,26500000.0,25.0,,256.0,Unspecified,Not stated,No bundle,,False,https://cellphones.com.vn/dien-thoai-samsung-galaxy-s25-plus.html
mobile,Phone,Apple,Apple,iPhone 16 Plus 128GB | Chính hãng VN/A,24490000.0,27990000.0,13.0,,128.0,Unspecified,Official,No bundle,,False,https://cellphones.com.vn/iphone-16-plus.html
mobile,Phone,Apple,Apple,iPhone 17 Pro Max 2TB | Chính hãng,60290000.0,63990000.0,6.0,,2048.0,Unspecified,Official,No bundle,,False,https://cellphones.com.vn/iphone-17-pro-max-2tb.html
mobile,Phone,Apple,Apple,iPhone 18 Pro Max 512GB,48490000.0,,,,512.0,Unspecified,Not stated,No bundle,,False,https://cellphones.com.vn/iphone-18-pro-max-512gb.html
mobile,Phone,OPPO,Chinese brands,OPPO Find X9 Ultra 12GB 512GB,44490000.0,49990000.0,11.0,12.0,512.0,Unspecified,Not stated,No bundle,,False,https://cellphones.com.vn/dien-thoai-oppo-find-x9-ultra.html
mobile,Phone,Samsung,Samsung,Samsung Galaxy A17 8GB 128GB,5590000.0,6190000.0,10.0,8.0,128.0,Unspecified,Not stated,No bundle,,False,https://cellphones.com.vn/dien-thoai-samsung-galaxy-a17.html
mobile,Phone,Nubia,Chinese brands,Nubia Neo 5 GT 8GB 256GB,8990000.0,9990000.0,10.0,8.0,256.0,Unspecified,Not stated,No bundle,,False,https://cellphones.com.vn/dien-thoai-nubia-neo-5-gt.html
mobile,Phone,Apple,Apple,iPhone 17 Pro 1TB | Chính hãng,44690000.0,47990000.0,7.0,,1024.0,Unspecified,Official,No bundle,,False,https://cellphones.com.vn/iphone-17-pro-1tb.html
mobile,Phone,Honor,Chinese brands,HONOR X9d 5G 12GB 256GB,10240000.0,11990000.0,15.0,12.0,256.0,5G,Not stated,No bundle,,False,https://cellphones.com.vn/dien-thoai-honor-x9d-12gb-256gb.html
mobile,Phone,Xiaomi,Chinese brands,Xiaomi Redmi A7 3GB 64GB,3190000.0,3890000.0,18.0,3.0,64.0,4G,Not stated,No bundle,,False,https://cellphones.com.vn/dien-thoai-xiaomi-redmi-a7.html
mobile,Phone,Xiaomi,Chinese brands,Xiaomi Redmi Note 14 Pro Plus 5G 8GB 256GB,8490000.0,10800000.0,21.0,8.0,256.0,5G,Not stated,No bundle,,False,https://cellphones.com.vn/dien-thoai-xiaomi-redmi-note-14-pro-plus.html
mobile,Phone,Honor,Chinese brands,HONOR 600 5G 8GB 256GB,14490000.0,17990000.0,19.0,8.0,256.0,5G,Not stated,No bundle,,False,https://cellphones.com.vn/dien-thoai-honor-600.html
mobile,Phone,Honor,Chinese brands,HONOR X9d 5G 8GB 256GB,8740000.0,10990000.0,20.0,8.0,256.0,5G,Not stated,No bundle,,False,https://cellphones.com.vn/dien-thoai-honor-x9d-8gb-256gb.html
mobile,Phone,Xiaomi,Chinese brands,Xiaomi Redmi Note 15 5G 6GB 128GB,5990000.0,7490000.0,20.0,6.0,128.0,5G,Not stated,No bundle,,False,https://cellphones.com.vn/dien-thoai-xiaomi-redmi-note-15-5g.html
mobile,Phone,Samsung,Samsung,Samsung Galaxy A56 5G 8GB 128GB,8990000.0,9810000.0,8.0,8.0,128.0,5G,Not stated,No bundle,,False,https://cellphones.com.vn/dien-thoai-samsung-galaxy-a56.html
mobile,Phone,Xiaomi,Chinese brands,Xiaomi Redmi Note 15 Pro 12GB 256GB,7990000.0,10090000.0,21.0,12.0,256.0,Unspecified,Not stated,No bundle,,False,https://cellphones.com.vn/dien-thoai-xiaomi-redmi-note-15-pro.html
mobile,Phone,Xiaomi,Chinese brands,Xiaomi Redmi Note 15 Pro 5G 12GB 256GB,9990000.0,11490000.0,13.0,12.0,256.0,5G,Not stated,No bundle,,False,https://cellphones.com.vn/dien-thoai-xiaomi-redmi-note-15-pro-5g.html
mobile,Phone,Samsung,Samsung,Samsung Galaxy Z Fold8 Ultra 5G 12GB 512GB,52490000.0,58990000.0,11.0,12.0,512.0,5G,Not stated,No bundle,,False,https://cellphones.com.vn/dien-thoai-samsung-galaxy-z-fold-8-ultra-512gb.html
mobile,Phone,Apple,Apple,iPhone 16e 256GB | Chính hãng VN/A,16190000.0,,,,256.0,Unspecified,Official,No bundle,,False,https://cellphones.com.vn/iphone-16e-256gb.html
mobile,Phone,Apple,Apple,iPhone 16 Plus 256GB | Chính hãng VN/A,27890000.0,30990000.0,10.0,,256.0,Unspecified,Official,No bundle,,False,https://cellphones.com.vn/iphone-16-plus-256gb.html
mobile,Phone,Samsung,Samsung,Samsung Galaxy S24 Ultra 12GB 256GB,25290000.0,29450000.0,14.0,12.0,256.0,Unspecified,Not stated,No bundle,,False,https://cellphones.com.vn/samsung-galaxy-s24-ultra.html
mobile,Phone,Samsung,Samsung,Samsung Galaxy A07 5G 4GB 128GB,4990000.0,5890000.0,15.0,4.0,128.0,5G,Not stated,No bundle,,False,https://cellphones.com.vn/dien-thoai-samsung-galaxy-a07-5g.html
mobile,Phone,OPPO,Chinese brands,OPPO Reno15 5G 12GB 256GB,14990000.0,16990000.0,12.0,12.0,256.0,5G,Not stated,No bundle,,False,https://cellphones.com.vn/dien-thoai-oppo-reno15.html
mobile,Phone,Samsung,Samsung,Samsung Galaxy Z Fold7 12GB 256GB,40990000.0,46990000.0,13.0,12.0,256.0,Unspecified,Not stated,No bundle,,False,https://cellphones.com.vn/dien-thoai-samsung-galaxy-z-fold-7.html
mobile,Phone,Samsung,Samsung,Samsung Galaxy Z Fold8 5G 12GB 512GB,46990000.0,52990000.0,11.0,12.0,512.0,5G,Not stated,No bundle,,False,https://cellphones.com.vn/dien-thoai-samsung-galaxy-z-fold-8-512gb.html
mobile,Phone,Xiaomi,Chinese brands,POCO X8 Pro Max 12GB 512GB,14790000.0,17990000.0,18.0,12.0,512.0,Unspecified,Not stated,No bundle,,False,https://cellphones.com.vn/dien-thoai-xiaomi-poco-x8-pro-max-12gb-512gb.html
mobile,Phone,Honor,Chinese brands,HONOR 400 5G 12GB 256GB,10990000.0,13250000.0,17.0,12.0,256.0,5G,Not stated,No bundle,,False,https://cellphones.com.vn/dien-thoai-honor-400-5g.html
mobile,Phone,OPPO,Chinese brands,OPPO Reno15 F 5G 8GB 256GB,11990000.0,,,8.0,256.0,5G,Not stated,No bundle,,False,https://cellphones.com.vn/dien-thoai-oppo-reno15-f.html
mobile,Phone,Apple,Apple,iPhone 17e 512GB | Chính hãng,26990000.0,28490000.0,5.0,,512.0,Unspecified,Official,No bundle,,False,https://cellphones.com.vn/iphone-17e-512gb.html
mobile,Phone,Honor,Chinese brands,HONOR X7d 8GB 128GB,5240000.0,6990000.0,25.0,8.0,128.0,Unspecified,Not stated,No bundle,,False,https://cellphones.com.vn/dien-thoai-honor-x7d-8gb-128gb.html
mobile,Phone,Xiaomi,Chinese brands,Xiaomi POCO F9 Ultra 5G 16GB 512GB,26290000.0,31990000.0,18.0,16.0,512.0,5G,Not stated,No bundle,,False,https://cellphones.com.vn/dien-thoai-xiaomi-poco-f9-ultra-16gb-512gb.html
mobile,Phone,Samsung,Samsung,Samsung Galaxy S24 Plus 12GB 256GB,15490000.0,18650000.0,17.0,12.0,256.0,Unspecified,Not stated,No bundle,,False,https://cellphones.com.vn/samsung-galaxy-s24-plus.html
mobile,Phone,Samsung,Samsung,Samsung Galaxy S26 Plus 5G 12GB 256GB,23990000.0,29990000.0,20.0,12.0,256.0,5G,Not stated,No bundle,,False,https://cellphones.com.vn/dien-thoai-samsung-galaxy-s26-plus.html
mobile,Phone,Meizu,Chinese brands,Điện thoại Meizu Mblu Note 21 Pro NFC 8GB 256GB,4790000.0,4990000.0,4.0,8.0,256.0,Unspecified,Not stated,No bundle,,False,https://cellphones.com.vn/dien-thoai-meizu-mblu-note-21-pro.html
mobile,Phone,Nubia,Chinese brands,Nubia Neo 5 GT Special Edition 12GB 256GB,13990000.0,,,12.0,256.0,Unspecified,Not stated,No bundle,,False,https://cellphones.com.vn/dien-thoai-nubia-neo-5-gt-special-edition.html
mobile,Phone,Nubia,Chinese brands,Nubia Neo 5 Max 5G 8GB 256GB,8790000.0,9290000.0,5.0,8.0,256.0,5G,Not stated,No bundle,,False,https://cellphones.com.vn/dien-thoai-nubia-neo-5-max.html
mobile,Phone,Tecno,Chinese brands,TECNO CAMON 40 8GB 128GB,5190000.0,5890000.0,12.0,8.0,128.0,Unspecified,Not stated,No bundle,,False,https://cellphones.com.vn/dien-thoai-tecno-camon-40.html
mobile,Phone,Honor,Chinese brands,HONOR X8d 8GB 128GB,6340000.0,8090000.0,22.0,8.0,128.0,Unspecified,Not stated,No bundle,,False,https://cellphones.com.vn/dien-thoai-honor-x8d.html
mobile,Phone,Xiaomi,Chinese brands,Xiaomi 17 Ultra 5G 16GB 1TB,34990000.0,42990000.0,19.0,16.0,1024.0,5G,Not stated,No bundle,,False,https://cellphones.com.vn/dien-thoai-xiaomi-17-ultra-16gb-1tb.html
mobile,Phone,Nubia,Chinese brands,Nubia Neo 3 GT 12GB 256GB,7490000.0,,,12.0,256.0,Unspecified,Not stated,No bundle,,False,https://cellphones.com.vn/dien-thoai-nubia-neo-3-gt-12gb-256gb.html
mobile,Phone,Honor,Chinese brands,HONOR 400 Pro 5G 12GB 512GB,15790000.0,18660000.0,15.0,12.0,512.0,5G,Not stated,No bundle,,False,https://cellphones.com.vn/dien-thoai-honor-400-pro-5g.html
mobile,Phone,Samsung,Samsung,Samsung Galaxy A36 5G 8GB 128GB,7490000.0,8140000.0,8.0,8.0,128.0,5G,Not stated,No bundle,,False,https://cellphones.com.vn/dien-thoai-samsung-galaxy-a36.html
mobile,Phone,Nubia,Chinese brands,Nubia V80 Design 8GB 128GB,3990000.0,,,8.0,128.0,Unspecified,Not stated,No bundle,,False,https://cellphones.com.vn/dien-thoai-nubia-v80-design.html
mobile,Phone,Xiaomi,Chinese brands,Xiaomi Redmi 15 5G 8GB 256GB,5990000.0,6690000.0,10.0,8.0,256.0,5G,Not stated,No bundle,,False,https://cellphones.com.vn/dien-thoai-xiaomi-redmi-15-5g-8gb-256gb.html
mobile,Phone,Nothing,Other international,Nothing Phone 2A Plus 5G 12GB 256GB,7990000.0,11490000.0,30.0,12.0,256.0,5G,Not stated,No bundle,,False,https://cellphones.com.vn/dien-thoai-nothing-phone-2a-plus.html
mobile,Phone,Xiaomi,Chinese brands,Xiaomi 17T Pro 12GB 1TB,20390000.0,26990000.0,24.0,12.0,1024.0,Unspecified,Not stated,No bundle,,False,https://cellphones.com.vn/dien-thoai-xiaomi-17t-pro-12gb-1tb.html
mobile,Phone,Xiaomi,Chinese brands,Xiaomi 15 Ultra 5G 16GB 1TB,28490000.0,38250000.0,26.0,16.0,1024.0,5G,Not stated,No bundle,,False,https://cellphones.com.vn/dien-thoai-xiaomi-15-ultra-1tb.html
mobile,Phone,Samsung,Samsung,Samsung Galaxy S26 Ultra 5G 12GB 512GB,35990000.0,42990000.0,16.0,12.0,512.0,5G,Not stated,No bundle,,False,https://cellphones.com.vn/dien-thoai-samsung-galaxy-s26-ultra-12gb-512gb.html
mobile,Phone,Apple,Apple,iPhone 18 Pro Max 1TB,61490000.0,,,,1024.0,Unspecified,Not stated,No bundle,,False,https://cellphones.com.vn/iphone-18-pro-max-1tb.html
mobile,Phone,OPPO,Chinese brands,OPPO Reno12 5G 12GB 256GB,9690000.0,12990000.0,25.0,12.0,256.0,5G,Not stated,No bundle,,False,https://cellphones.com.vn/dien-thoai-oppo-reno12-5g.html
mobile,Phone,Samsung,Samsung,Samsung Galaxy Z Fold8 Ultra 5G 16GB 1TB,61390000.0,70990000.0,14.0,16.0,1024.0,5G,Not stated,No bundle,,False,https://cellphones.com.vn/dien-thoai-samsung-galaxy-z-fold-8-ultra-1tb.html
mobile,Phone,Samsung,Samsung,Samsung Galaxy S26 5G 12GB 512GB,28990000.0,31990000.0,9.0,12.0,512.0,5G,Not stated,No bundle,,False,https://cellphones.com.vn/dien-thoai-samsung-galaxy-s26-12gb-512gb.html
mobile,Phone,Xiaomi,Chinese brands,Xiaomi POCO F9 Ultra 5G 16GB 1TB,30290000.0,39990000.0,24.0,16.0,1024.0,5G,Not stated,No bundle,,False,https://cellphones.com.vn/dien-thoai-xiaomi-poco-f9-ultra-16gb-1tb.html
mobile,Phone,Samsung,Samsung,Samsung Galaxy S25 256GB,17490000.0,22580000.0,23.0,,256.0,Unspecified,Not stated,No bundle,,False,https://cellphones.com.vn/dien-thoai-samsung-galaxy-s25.html
mobile,Phone,Apple,Apple,iPhone 18 Pro 512GB,45490000.0,,,,512.0,Unspecified,Not stated,No bundle,,False,https://cellphones.com.vn/iphone-18-pro-512gb.html
mobile,Phone,Sony,Other international,Sony Xperia 1 VIII 5G 12GB 256GB,37990000.0,38990000.0,3.0,12.0,256.0,5G,Not stated,No bundle,,False,https://cellphones.com.vn/dien-thoai-sony-xperia-1-viii.html
mobile,Phone,Samsung,Samsung,Samsung Galaxy Z Fold 6 12GB 256GB,29990000.0,43990000.0,32.0,12.0,256.0,Unspecified,Not stated,No bundle,,False,https://cellphones.com.vn/samsung-galaxy-z-fold-6.html
mobile,Phone,Samsung,Samsung,Samsung Galaxy S25 Edge 5G 12GB 256GB,18990000.0,29450000.0,36.0,12.0,256.0,5G,Not stated,No bundle,,False,https://cellphones.com.vn/dien-thoai-samsung-galaxy-s25-edge.html
mobile,Phone,Apple,Apple,iPhone 18 Pro 1TB,57990000.0,58490000.0,1.0,,1024.0,Unspecified,Not stated,No bundle,,False,https://cellphones.com.vn/iphone-18-pro-1tb.html
mobile,Phone,Xiaomi,Chinese brands,Xiaomi Redmi Note 14 6GB 128GB,4690000.0,4900000.0,4.0,6.0,128.0,Unspecified,Not stated,No bundle,,False,https://cellphones.com.vn/dien-thoai-xiaomi-redmi-note-14.html
mobile,Phone,Xiaomi,Chinese brands,Xiaomi Redmi Note 14 5G 8GB 256GB,6490000.0,7160000.0,9.0,8.0,256.0,5G,Not stated,No bundle,,False,https://cellphones.com.vn/dien-thoai-xiaomi-redmi-note-14-5g.html
mobile,Phone,Samsung,Samsung,Samsung Galaxy S25 FE 8GB 512GB,18990000.0,25690000.0,26.0,8.0,512.0,Unspecified,Not stated,No bundle,,False,https://cellphones.com.vn/dien-thoai-samsung-galaxy-s25-fe-8gb-512gb.html
mobile,Phone,Xiaomi,Chinese brands,Xiaomi Redmi 15C 4GB 128GB NFC,3790000.0,4690000.0,19.0,4.0,128.0,4G,Not stated,No bundle,,False,https://cellphones.com.vn/dien-thoai-xiaomi-redmi-15c.html
mobile,Phone,Xiaomi,Chinese brands,Xiaomi Redmi 17 6GB 256GB,6290000.0,7490000.0,16.0,6.0,256.0,Unspecified,Not stated,No bundle,,False,https://cellphones.com.vn/dien-thoai-xiaomi-redmi-17.html
mobile,Phone,Samsung,Samsung,Samsung Galaxy A06 5G 4GB 128GB,2590000.0,3920000.0,34.0,4.0,128.0,5G,Not stated,No bundle,,False,https://cellphones.com.vn/dien-thoai-samsung-galaxy-a06-5g.html
mobile,Phone,Samsung,Samsung,Samsung Galaxy S25 Ultra 512GB,28990000.0,39490000.0,27.0,,512.0,Unspecified,Not stated,No bundle,,False,https://cellphones.com.vn/dien-thoai-samsung-galaxy-s25-ultra-512gb.html
mobile,Phone,Xiaomi,Chinese brands,Xiaomi Redmi 15C 8GB 256GB NFC,4990000.0,5690000.0,12.0,8.0,256.0,Unspecified,Not stated,No bundle,,False,https://cellphones.com.vn/dien-thoai-xiaomi-redmi-15c-8gb-256gb.html
mobile,Phone,Xiaomi,Chinese brands,Xiaomi Redmi A7 Pro 4GB 128GB NFC,3890000.0,4490000.0,13.0,4.0,128.0,4G,Not stated,No bundle,,False,https://cellphones.com.vn/dien-thoai-xiaomi-redmi-a7-pro.html
mobile,Phone,Itel,Chinese brands,Điện thoại Itel P55 Plus NFC 8GB 256GB,3590000.0,3990000.0,10.0,8.0,256.0,Unspecified,Not stated,No bundle,,False,https://cellphones.com.vn/dien-thoai-itel-p55-plus-8gb-256gb.html
mobile,Phone,OPPO,Chinese brands,OPPO Find X8 16GB 512GB,19490000.0,22990000.0,15.0,16.0,512.0,Unspecified,Not stated,No bundle,,False,https://cellphones.com.vn/dien-thoai-oppo-find-x8.html
mobile,Phone,Honor,Chinese brands,HONOR Magic V5 16GB 512GB,33490000.0,44990000.0,26.0,16.0,512.0,Unspecified,Not stated,No bundle,,False,https://cellphones.com.vn/dien-thoai-honor-magic-v5.html
mobile,Phone,Honor,Chinese brands,HONOR X7d 8GB 256GB,5540000.0,7190000.0,23.0,8.0,256.0,Unspecified,Not stated,No bundle,,False,https://cellphones.com.vn/dien-thoai-honor-x7d.html
mobile,Phone,Samsung,Samsung,Samsung Galaxy Z Fold8 5G 16GB 1TB,56090000.0,64990000.0,14.0,16.0,1024.0,5G,Not stated,No bundle,,False,https://cellphones.com.vn/dien-thoai-samsung-galaxy-z-fold-8-1tb.html
mobile,Phone,Xiaomi,Chinese brands,Xiaomi 15 Ultra 5G 16GB 512GB,25990000.0,34360000.0,24.0,16.0,512.0,5G,Not stated,No bundle,,False,https://cellphones.com.vn/dien-thoai-xiaomi-15-ultra.html
mobile,Phone,Meizu,Chinese brands,Meizu Lucky 08 5G 12GB 256GB,6290000.0,7490000.0,16.0,12.0,256.0,5G,Not stated,No bundle,,False,https://cellphones.com.vn/dien-thoai-meizu-lucky-08.html
mobile,Phone,Tecno,Chinese brands,Tecno Pova Curve 2 5G 8GB 128GB,8990000.0,10990000.0,18.0,8.0,128.0,5G,Not stated,No bundle,,False,https://cellphones.com.vn/dien-thoai-tecno-pova-curve-2-5g.html
mobile,Phone,OPPO,Chinese brands,OPPO Reno10 Pro+ 5G 12GB 256GB,10490000.0,13990000.0,25.0,12.0,256.0,5G,Not stated,No bundle,,False,https://cellphones.com.vn/oppo-reno10-pro-plus.html
mobile,Phone,Nubia,Chinese brands,Nubia Neo 5 GT 12GB 256GB,9990000.0,11490000.0,13.0,12.0,256.0,Unspecified,Not stated,No bundle,,False,https://cellphones.com.vn/dien-thoai-nubia-neo-5-gt-12gb-256gb.html
mobile,Phone,Nubia,Chinese brands,Nubia V80 Max 8GB 256GB,4690000.0,4990000.0,6.0,8.0,256.0,Unspecified,Not stated,No bundle,,False,https://cellphones.com.vn/dien-thoai-nubia-v80-max.html
mobile,Phone,Honor,Chinese brands,HONOR X9d 5G 12GB 512GB,11290000.0,12990000.0,13.0,12.0,512.0,5G,Not stated,No bundle,,False,https://cellphones.com.vn/dien-thoai-honor-x9d.html
mobile,Phone,Xiaomi,Chinese brands,Xiaomi Redmi 17 5G 4GB 128GB,5190000.0,6490000.0,20.0,4.0,128.0,5G,Not stated,No bundle,,False,https://cellphones.com.vn/dien-thoai-xiaomi-redmi-17-5g.html
mobile,Phone,Samsung,Samsung,Samsung Galaxy S26 Ultra 5G 16GB 1TB,41990000.0,51990000.0,19.0,16.0,1024.0,5G,Not stated,No bundle,,False,https://cellphones.com.vn/dien-thoai-samsung-galaxy-s26-ultra-16gb-1tb.html
mobile,Phone,OPPO,Chinese brands,OPPO A6c 4GB 128GB,5490000.0,5690000.0,4.0,4.0,128.0,4G,Not stated,No bundle,,False,https://cellphones.com.vn/dien-thoai-oppo-a6c-4gb-128gb.html
mobile,Phone,Sony,Other international,Sony Xperia 1 VII 12GB 256GB,23990000.0,34990000.0,31.0,12.0,256.0,Unspecified,Not stated,No bundle,,False,https://cellphones.com.vn/dien-thoai-sony-xperia-1-vii.html
mobile,Phone,Samsung,Samsung,Samsung Galaxy A55 5G 8GB 128GB,7590000.0,9990000.0,24.0,8.0,128.0,5G,Not stated,No bundle,,False,https://cellphones.com.vn/samsung-galaxy-a55.html
mobile,Phone,Xiaomi,Chinese brands,Xiaomi 15T Pro 5G 12GB 512GB,15990000.0,19490000.0,18.0,12.0,512.0,5G,Not stated,No bundle,,False,https://cellphones.com.vn/dien-thoai-xiaomi-15t-pro-5g.html
mobile,Phone,Honor,Chinese brands,HONOR Win RT,,,,,,Unspecified,Not stated,No bundle,,True,https://cellphones.com.vn/dien-thoai-honor-win-rt.html
mobile,Phone,Tecno,Chinese brands,TECNO Spark 40 Pro+ 8GB 256GB,5190000.0,5690000.0,9.0,8.0,256.0,Unspecified,Not stated,No bundle,,False,https://cellphones.com.vn/dien-thoai-tecno-spark-40-pro-plus.html
mobile,Phone,OPPO,Chinese brands,OPPO A6t Pro 8GB 128GB,10990000.0,,,8.0,128.0,Unspecified,Not stated,No bundle,,False,https://cellphones.com.vn/dien-thoai-oppo-a6t-pro.html
mobile,Phone,Sony,Other international,Sony Xperia 10 VII 8GB 128GB,9990000.0,13490000.0,26.0,8.0,128.0,Unspecified,Not stated,No bundle,,False,https://cellphones.com.vn/dien-thoai-sony-xperia-10-vii.html
mobile,Phone,OPPO,Chinese brands,OPPO A6t 4GB 128GB,6230000.0,7090000.0,12.0,4.0,128.0,4G,Not stated,No bundle,,False,https://cellphones.com.vn/dien-thoai-oppo-a6t-4gb-128gb.html
mobile,Phone,Meizu,Chinese brands,Điện thoại Meizu Mblu 22 Pro NFC 4GB 128GB,3490000.0,3990000.0,13.0,4.0,128.0,4G,Not stated,No bundle,,False,https://cellphones.com.vn/dien-thoai-meizu-mblu-22-pro.html
mobile,Phone,OPPO,Chinese brands,OPPO A6c 4GB 64GB,4490000.0,4690000.0,4.0,4.0,64.0,4G,Not stated,No bundle,,False,https://cellphones.com.vn/dien-thoai-oppo-a6c.html
mobile,Phone,ZTE,Chinese brands,ZTE Nubia Z60S Pro 16GB 512GB,11490000.0,12000000.0,4.0,16.0,512.0,Unspecified,Not stated,No bundle,,False,https://cellphones.com.vn/dien-thoai-zte-nubia-z60s-pro-16gb-512gb.html
mobile,Phone,Apple,Apple,iPhone Duo 256GB,64990000.0,,,,256.0,Unspecified,Not stated,No bundle,,False,https://cellphones.com.vn/iphone-duo-256gb.html
mobile,Phone,OPPO,Chinese brands,OPPO Reno14 5G 12GB 256GB,15500000.0,15990000.0,3.0,12.0,256.0,5G,Not stated,No bundle,,False,https://cellphones.com.vn/dien-thoai-oppo-reno14.html
mobile,Phone,Nothing,Other international,Nothing Phone 3A 8GB 128GB,8790000.0,8990000.0,2.0,8.0,128.0,Unspecified,Not stated,No bundle,,False,https://cellphones.com.vn/dien-thoai-nothing-phone-3a.html
mobile,Phone,OPPO,Chinese brands,OPPO A6t 6GB 256GB,7940000.0,8990000.0,12.0,6.0,256.0,Unspecified,Not stated,No bundle,,False,https://cellphones.com.vn/dien-thoai-oppo-a6t-6gb-256gb.html
mobile,Phone,Realme,Chinese brands,realme GT Neo 3,,,,,,Unspecified,Not stated,No bundle,,True,https://cellphones.com.vn/realme-gt-neo-3.html
mobile,Phone,Apple,Apple,iPhone 16 Pro 1TB | Chính hãng VN/A,35990000.0,43990000.0,18.0,,1024.0,Unspecified,Official,No bundle,,False,https://cellphones.com.vn/iphone-16-pro-1tb.html
mobile,Phone,Huawei,Chinese brands,Huawei Mate X7 16GB 512GB,42990000.0,54990000.0,22.0,16.0,512.0,Unspecified,Not stated,No bundle,,False,https://cellphones.com.vn/dien-thoai-huawei-mate-x7.html
mobile,Phone,OPPO,Chinese brands,OPPO Find X9 16GB 512GB,26990000.0,,,16.0,512.0,Unspecified,Not stated,No bundle,,False,https://cellphones.com.vn/dien-thoai-oppo-find-x9-16gb-512gb.html
mobile,Phone,OPPO,Chinese brands,OPPO A79 5G 8GB 256GB,7060000.0,7490000.0,6.0,8.0,256.0,5G,Not stated,No bundle,,False,https://cellphones.com.vn/oppo-a79.html
mobile,Phone,OPPO,Chinese brands,OPPO A6t 4GB 64GB,4840000.0,4990000.0,3.0,4.0,64.0,4G,Not stated,No bundle,,False,https://cellphones.com.vn/dien-thoai-oppo-a6t.html
mobile,Phone,OPPO,Chinese brands,OPPO Find X5 Pro 5G 12GB 256GB,12990000.0,15990000.0,19.0,12.0,256.0,5G,Not stated,No bundle,,False,https://cellphones.com.vn/oppo-find-x5-pro.html
mobile,Phone,Xiaomi,Chinese brands,Xiaomi 15 5G 12GB 512GB,18990000.0,26500000.0,28.0,12.0,512.0,5G,Not stated,No bundle,,False,https://cellphones.com.vn/dien-thoai-xiaomi-15-12gb-512gb.html
mobile,Phone,Samsung,Samsung,Samsung Galaxy Note 10+ (Plus),26990000.0,,,,,Unspecified,Not stated,No bundle,,False,https://cellphones.com.vn/samsung-galaxy-note-10-plus.html
mobile,Phone,Nubia,Chinese brands,Nubia V80 Max 6GB 128GB,3890000.0,3990000.0,3.0,6.0,128.0,Unspecified,Not stated,No bundle,,False,https://cellphones.com.vn/dien-thoai-nubia-v80-max-6gb-128gb.html
mobile,Phone,Meizu,Chinese brands,Điện thoại Meizu Mblu 22 4GB 128GB,2990000.0,3390000.0,12.0,4.0,128.0,4G,Not stated,No bundle,,False,https://cellphones.com.vn/dien-thoai-meizu-mblu-22-4gb-128gb.html
mobile,Phone,Tecno,Chinese brands,TECNO Spark 50 4GB 128GB,4790000.0,4990000.0,4.0,4.0,128.0,4G,Not stated,No bundle,,False,https://cellphones.com.vn/dien-thoai-tecno-spark-50.html
mobile,Phone,OPPO,Chinese brands,OPPO Find N3 16GB 512GB,26990000.0,44990000.0,40.0,16.0,512.0,Unspecified,Not stated,No bundle,,False,https://cellphones.com.vn/oppo-find-n3.html
mobile,Phone,Masstel,Vietnamese brands,Điện thoại trẻ em Masstel Alfa 5,1050000.0,1390000.0,24.0,,,Unspecified,Not stated,No bundle,,False,https://cellphones.com.vn/dien-thoai-masstel-alfa-5.html
mobile,Phone,Meizu,Chinese brands,Meizu Lucky 08 5G 8GB 256GB,5790000.0,6490000.0,11.0,8.0,256.0,5G,Not stated,No bundle,,False,https://cellphones.com.vn/dien-thoai-meizu-lucky-08-8gb-256gb.html
mobile,Phone,OPPO,Chinese brands,OPPO A6 8GB 256GB,10740000.0,11990000.0,10.0,8.0,256.0,Unspecified,Not stated,No bundle,,False,https://cellphones.com.vn/dien-thoai-oppo-a6.html
mobile,Phone,Samsung,Samsung,Samsung Galaxy S20,21490000.0,,,,,Unspecified,Not stated,No bundle,,False,https://cellphones.com.vn/samsung-galaxy-s20.html
mobile,Phone,Nubia,Chinese brands,Nubia Neo 3 4G 8GB 128GB,5290000.0,6490000.0,18.0,8.0,128.0,4G,Not stated,No bundle,,False,https://cellphones.com.vn/dien-thoai-nubia-neo-3-4g.html
mobile,Phone,Honor,Chinese brands,HONOR X7d 5G 8GB 256GB,6540000.0,7990000.0,18.0,8.0,256.0,5G,Not stated,No bundle,,False,https://cellphones.com.vn/dien-thoai-honor-x7d-5g-8gb-256gb.html
mobile,Phone,Nubia,Chinese brands,Nubia V80 Design 4GB 128GB,3690000.0,3990000.0,8.0,4.0,128.0,4G,Not stated,No bundle,,False,https://cellphones.com.vn/dien-thoai-nubia-v80-design-4gb-128gb.html
mobile,Phone,OPPO,Chinese brands,OPPO Reno12 F 5G 8GB 256GB,7120000.0,9490000.0,25.0,8.0,256.0,5G,Not stated,No bundle,,False,https://cellphones.com.vn/dien-thoai-oppo-reno12-f.html
mobile,Phone,Samsung,Samsung,Samsung Galaxy S26 Plus 5G 12GB 512GB,29990000.0,35990000.0,17.0,12.0,512.0,5G,Not stated,No bundle,,False,https://cellphones.com.vn/dien-thoai-samsung-galaxy-s26-plus-12gb-512gb.html
mobile,Phone,Nubia,Chinese brands,Nubia Air 5G 8GB 256GB,5490000.0,5990000.0,8.0,8.0,256.0,5G,Not stated,No bundle,,False,https://cellphones.com.vn/dien-thoai-nubia-air-5g.html
mobile,Phone,OPPO,Chinese brands,OPPO A6 Pro 8GB 128GB,8290000.0,,,8.0,128.0,Unspecified,Not stated,No bundle,,False,https://cellphones.com.vn/dien-thoai-oppo-a6-pro-8gb-128gb.html
mobile,Phone,Meizu,Chinese brands,Điện thoại Meizu Mblu 21 6GB 128GB,2790000.0,2990000.0,7.0,6.0,128.0,Unspecified,Not stated,No bundle,,False,https://cellphones.com.vn/dien-thoai-meizu-mblu-21-128gb.html
mobile,Phone,Nubia,Chinese brands,Nubia Neo 3 5G 8GB 256GB,5090000.0,5490000.0,7.0,8.0,256.0,5G,Not stated,No bundle,,False,https://cellphones.com.vn/dien-thoai-nubia-neo-3-5g.html
mobile,Phone,Meizu,Chinese brands,Điện thoại Meizu Mblu 22 Pro NFC 6GB 256GB,3690000.0,3990000.0,8.0,6.0,256.0,Unspecified,Not stated,No bundle,,False,https://cellphones.com.vn/dien-thoai-meizu-mblu-22-pro-6gb-256gb.html
mobile,Phone,Nokia,Other international,Nokia 220 4G,980000.0,1100000.0,11.0,,,4G,Not stated,No bundle,,False,https://cellphones.com.vn/nokia-220-4g.html
mobile,Phone,Samsung,Samsung,Samsung Galaxy S25 Plus 512GB,21590000.0,29490000.0,27.0,,512.0,Unspecified,Not stated,No bundle,,False,https://cellphones.com.vn/dien-thoai-samsung-galaxy-s25-plus-512gb.html
mobile,Phone,Nothing,Other international,Nothing Phone 2A 5G 8GB 128GB,7190000.0,8990000.0,20.0,8.0,128.0,5G,Not stated,No bundle,,False,https://cellphones.com.vn/dien-thoai-nothing-phone-2a.html
mobile,Phone,Tecno,Chinese brands,TECNO CAMON 40 Pro 8GB 256GB,5790000.0,6870000.0,16.0,8.0,256.0,Unspecified,Not stated,No bundle,,False,https://cellphones.com.vn/dien-thoai-tecno-camon-40-pro.html
mobile,Phone,Nubia,Chinese brands,Nubia Neo 5 Max 5G 8GB 512GB,9790000.0,10290000.0,5.0,8.0,512.0,5G,Not stated,No bundle,,False,https://cellphones.com.vn/dien-thoai-nubia-neo-5-max-8gb-512gb.html
mobile,Phone,Vivo,Chinese brands,vivo iQOO Z9 Turbo,,,,,,Unspecified,Not stated,No bundle,,True,https://cellphones.com.vn/dien-thoai-vivo-qioo-z9-turbo.html
mobile,Phone,Honor,Chinese brands,HONOR X6c 6GB 128GB NFC,4190000.0,4590000.0,9.0,6.0,128.0,Unspecified,Not stated,No bundle,,False,https://cellphones.com.vn/dien-thoai-honor-x6c.html
mobile,Phone,OPPO,Chinese brands,OPPO Find N,,,,,,Unspecified,Not stated,No bundle,,True,https://cellphones.com.vn/oppo-find-n.html
mobile,Phone,OPPO,Chinese brands,OPPO Reno13 F 5G 12GB 256GB,8990000.0,10990000.0,18.0,12.0,256.0,5G,Not stated,No bundle,,False,https://cellphones.com.vn/dien-thoai-oppo-reno13f-5g.html
mobile,Phone,Samsung,Samsung,Samsung Galaxy A08 4GB 64GB,4640000.0,4790000.0,3.0,4.0,64.0,4G,Not stated,No bundle,,False,https://cellphones.com.vn/dien-thoai-samsung-galaxy-a08.html
mobile,Phone,Samsung,Samsung,Samsung Galaxy M55 12GB 256GB,7990000.0,10990000.0,27.0,12.0,256.0,Unspecified,Not stated,No bundle,,False,https://cellphones.com.vn/dien-thoai-samsung-galaxy-m55.html
mobile,Phone,Samsung,Samsung,Samsung Galaxy S24 8GB 512GB,14990000.0,26490000.0,43.0,8.0,512.0,Unspecified,Not stated,No bundle,,False,https://cellphones.com.vn/samsung-galaxy-s24-512gb.html
mobile,Phone,Meizu,Chinese brands,Điện thoại Meizu Mblu 22 3GB 64GB,2990000.0,,,3.0,64.0,4G,Not stated,No bundle,,False,https://cellphones.com.vn/dien-thoai-meizu-mblu-22.html
mobile,Phone,Honor,Chinese brands,HONOR 400 5G 12GB 512GB,12990000.0,14230000.0,9.0,12.0,512.0,5G,Not stated,No bundle,,False,https://cellphones.com.vn/dien-thoai-honor-400-5g-12gb-512gb.html
mobile,Phone,Nokia,Other international,Nokia HMD 105 4G,750000.0,,,,,4G,Not stated,No bundle,,False,https://cellphones.com.vn/nokia-hmd-105-4g.html
mobile,Phone,Samsung,Samsung,Samsung Galaxy Z Fold7 12GB 512GB,42290000.0,52990000.0,20.0,12.0,512.0,Unspecified,Not stated,No bundle,,False,https://cellphones.com.vn/dien-thoai-samsung-galaxy-z-fold-7-12gb-512gb.html
mobile,Phone,Tecno,Chinese brands,TECNO CAMON 40 8GB 256GB,5390000.0,6380000.0,16.0,8.0,256.0,Unspecified,Not stated,No bundle,,False,https://cellphones.com.vn/dien-thoai-tecno-camon-40-8gb-256gb.html
mobile,Phone,Tecno,Chinese brands,TECNO Spark Go 3 4GB 64GB,3490000.0,3690000.0,5.0,4.0,64.0,4G,Not stated,No bundle,,False,https://cellphones.com.vn/dien-thoai-tecno-spark-go-3.html
mobile,Phone,Nothing,Other international,Nothing Phone 2A 5G 12GB 256GB,8490000.0,10190000.0,17.0,12.0,256.0,5G,Not stated,No bundle,,False,https://cellphones.com.vn/dien-thoai-nothing-phone-2a-12gb-256gb.html
mobile,Phone,Samsung,Samsung,Samsung Galaxy Z Flip7 12GB 512GB,24990000.0,34990000.0,29.0,12.0,512.0,Unspecified,Not stated,No bundle,,False,https://cellphones.com.vn/dien-thoai-samsung-galaxy-z-flip-7-12gb-512gb.html
mobile,Phone,Xiaomi,Chinese brands,Redmi K50 Gaming Edition,,,,,,Unspecified,Not stated,No bundle,,True,https://cellphones.com.vn/redmi-k50-gaming-edition.html
mobile,Phone,Samsung,Samsung,Samsung Galaxy Note 10,13800000.0,22990000.0,40.0,,,Unspecified,Not stated,No bundle,,False,https://cellphones.com.vn/samsung-galaxy-note-10-chinh-hang.html
mobile,Phone,Meizu,Chinese brands,Điện thoại Meizu Mblu 22 Pro NFC 8GB 256GB,4090000.0,4990000.0,18.0,8.0,256.0,Unspecified,Not stated,No bundle,,False,https://cellphones.com.vn/dien-thoai-meizu-mblu-22-pro-8gb-256gb.html
mobile,Phone,Realme,Chinese brands,realme 13+ 5G 8GB 256GB,6590000.0,9490000.0,31.0,8.0,256.0,5G,Not stated,No bundle,,False,https://cellphones.com.vn/dien-thoai-realme-13-plus-5g.html
mobile,Phone,Samsung,Samsung,Samsung Galaxy A06 4GB 128GB,2590000.0,3430000.0,24.0,4.0,128.0,4G,Not stated,No bundle,,False,https://cellphones.com.vn/dien-thoai-samsung-galaxy-a06.html
mobile,Phone,Xiaomi,Chinese brands,Xiaomi Redmi Note 11,3890000.0,4690000.0,17.0,,,Unspecified,Not stated,No bundle,,False,https://cellphones.com.vn/xiaomi-redmi-note-11.html
mobile,Phone,Xiaomi,Chinese brands,Redmi Turbo 5 Max,,,,,,Unspecified,Not stated,No bundle,,True,https://cellphones.com.vn/dien-thoai-xiaomi-redmi-turbo-5-max.html
mobile,Phone,Nokia,Other international,Nokia 3210 4G,1470000.0,1490000.0,1.0,,,4G,Not stated,No bundle,,False,https://cellphones.com.vn/nokia-3210-4g.html
mobile,Phone,Masstel,Vietnamese brands,Masstel Izi 15 4G,420000.0,450000.0,7.0,,,4G,Not stated,No bundle,,False,https://cellphones.com.vn/masstel-izi-15.html
mobile,Phone,OPPO,Chinese brands,OPPO A58 4G 6GB 128GB,4090000.0,4990000.0,18.0,6.0,128.0,4G,Not stated,No bundle,,False,https://cellphones.com.vn/oppo-a58.html
mobile,Phone,Tecno,Chinese brands,Tecno Pova Curve 2 5G 8GB 256GB,9990000.0,12690000.0,21.0,8.0,256.0,5G,Not stated,No bundle,,False,https://cellphones.com.vn/dien-thoai-tecno-pova-curve-2-5g-8gb-256gb.html
mobile,Phone,Vivo,Chinese brands,vivo Y28 8GB 256GB,6490000.0,,,8.0,256.0,Unspecified,Not stated,No bundle,,False,https://cellphones.com.vn/dien-thoai-vivo-y28-8gb-256gb.html
mobile,Phone,OPPO,Chinese brands,OPPO A3 8GB 256GB,5780000.0,6490000.0,11.0,8.0,256.0,Unspecified,Not stated,No bundle,,False,https://cellphones.com.vn/dien-thoai-oppo-a3-8gb-256gb.html
mobile,Phone,Nokia,Other international,Nokia 105 4G Pro,780000.0,,,,,4G,Not stated,No bundle,,False,https://cellphones.com.vn/nokia-105-4g-pro.html
mobile,Phone,Honor,Chinese brands,HONOR Power 2,,,,,,Unspecified,Not stated,No bundle,,True,https://cellphones.com.vn/dien-thoai-honor-power-2.html
mobile,Phone,Xiaomi,Chinese brands,Xiaomi Redmi Note 12 Pro 4G,,,,,,4G,Not stated,No bundle,,True,https://cellphones.com.vn/xiaomi-redmi-note-12-pro-56074.html
mobile,Phone,Nokia,Other international,Nokia 110 4G Pro,850000.0,,,,,4G,Not stated,No bundle,,False,https://cellphones.com.vn/nokia-110-4g-pro.html
mobile,Phone,Xiaomi,Chinese brands,Xiaomi POCO F8 Ultra 12GB 256GB,,,,12.0,256.0,Unspecified,Not stated,No bundle,,True,https://cellphones.com.vn/dien-thoai-xiaomi-poco-f8-ultra.html
mobile,Phone,OPPO,Chinese brands,OPPO A5i Pro 8GB 128GB,6290000.0,,,8.0,128.0,Unspecified,Not stated,No bundle,,False,https://cellphones.com.vn/dien-thoai-oppo-a5i-pro.html
mobile,Phone,OPPO,Chinese brands,OPPO A3 6GB 128GB,4500000.0,4990000.0,10.0,6.0,128.0,Unspecified,Not stated,No bundle,,False,https://cellphones.com.vn/dien-thoai-oppo-a3.html
mobile,Phone,Samsung,Samsung,Điện thoại Samsung Galaxy gập mới,,,,,,Unspecified,Not stated,No bundle,,True,https://cellphones.com.vn/dien-thoai-samsung-galaxy-gap-moi.html
mobile,Phone,OPPO,Chinese brands,OPPO Reno8 5G (8GB 256GB),13990000.0,,,8.0,256.0,5G,Not stated,No bundle,,False,https://cellphones.com.vn/oppo-reno-8-5g.html
mobile,Phone,Xiaomi,Chinese brands,Xiaomi 13 Pro (12GB - 256GB),24490000.0,29990000.0,18.0,12.0,256.0,Unspecified,Not stated,No bundle,,False,https://cellphones.com.vn/xiaomi-13-pro.html
mobile,Phone,Nubia,Chinese brands,Điện thoại Nubia A56 4GB 128GB,3390000.0,,,4.0,128.0,4G,Not stated,No bundle,,False,https://cellphones.com.vn/dien-thoai-nubia-a56-4gb-128gb.html
mobile,Phone,Nubia,Chinese brands,Nubia V70 Max 6GB 128GB,2590000.0,,,6.0,128.0,Unspecified,Not stated,No bundle,,False,https://cellphones.com.vn/dien-thoai-nubia-v70-max-6gb-128gb.html
mobile,Phone,Nubia,Chinese brands,Nubia V80 Max 8GB 128GB,4990000.0,,,8.0,128.0,Unspecified,Not stated,No bundle,,False,https://cellphones.com.vn/dien-thoai-nubia-v80-max-8gb-128gb.html
mobile,Phone,Xiaomi,Chinese brands,Xiaomi Redmi Note 12 Turbo,,,,,,Unspecified,Not stated,No bundle,,True,https://cellphones.com.vn/redmi-note-12-turbo.html
mobile,Phone,Xiaomi,Chinese brands,Xiaomi Redmi Turbo 4,,,,,,Unspecified,Not stated,No bundle,,True,https://cellphones.com.vn/dien-thoai-xiaomi-redmi-turbo-4.html
mobile,Phone,Huawei,Chinese brands,Huawei Mate XT Ultimate,,,,,,Unspecified,Not stated,No bundle,,True,https://cellphones.com.vn/dien-thoai-huawei-mate-xt-ultimate.html
mobile,Phone,Vivo,Chinese brands,vivo iQOO Z9,,,,,,Unspecified,Not stated,No bundle,,True,https://cellphones.com.vn/dien-thoai-vivo-qioo-z9.html
mobile,Phone,Meizu,Chinese brands,Điện thoại Meizu Mblu 21 4GB 64GB,2290000.0,2490000.0,8.0,4.0,64.0,4G,Not stated,No bundle,,False,https://cellphones.com.vn/dien-thoai-meizu-mblu-21.html
mobile,Phone,OPPO,Chinese brands,OPPO A58 8GB 128GB,4500000.0,5490000.0,18.0,8.0,128.0,Unspecified,Not stated,No bundle,,False,https://cellphones.com.vn/oppo-a58-8gb-128gb.html
mobile,Phone,Xiaomi,Chinese brands,Xiaomi Redmi 13,3990000.0,,,,,Unspecified,Not stated,No bundle,,False,https://cellphones.com.vn/dien-thoai-xiaomi-redmi-13.html
mobile,Phone,Xiaomi,Chinese brands,Xiaomi Poco F7 Pro,,,,,,Unspecified,Not stated,No bundle,,True,https://cellphones.com.vn/dien-thoai-xiaomi-poco-f7-pro.html
mobile,Phone,Honor,Chinese brands,Honor X5c Plus 4GB 64GB,3390000.0,3690000.0,8.0,4.0,64.0,4G,Not stated,No bundle,,False,https://cellphones.com.vn/dien-thoai-honor-x5c-plus.html
mobile,Phone,Vivo,Chinese brands,vivo Y16 4GB 128GB,4490000.0,,,4.0,128.0,4G,Not stated,No bundle,,False,https://cellphones.com.vn/vivo-y16.html
mobile,Phone,Honor,Chinese brands,HONOR Play 10 4GB 128GB,3690000.0,4390000.0,16.0,4.0,128.0,4G,Not stated,No bundle,,False,https://cellphones.com.vn/dien-thoai-honor-play-10-4gb-128gb.html
mobile,Phone,Huawei,Chinese brands,Huawei P60 Pro,,,,,,Unspecified,Not stated,No bundle,,True,https://cellphones.com.vn/huawei-p60-pro.html
mobile,Phone,Honor,Chinese brands,Honor X5c Plus 4GB 128GB,3790000.0,3990000.0,5.0,4.0,128.0,4G,Not stated,No bundle,,False,https://cellphones.com.vn/dien-thoai-honor-x5c-plus-4gb-128gb.html
mobile,Phone,Google,Other international,Google Pixel 6,,,,,,Unspecified,Not stated,No bundle,,True,https://cellphones.com.vn/google-pixel-6.html
mobile,Phone,Huawei,Chinese brands,Huawei P60,,,,,,Unspecified,Not stated,No bundle,,True,https://cellphones.com.vn/huawei-p60.html
mobile,Phone,Xiaomi,Chinese brands,Xiaomi Black Shark 5,,,,,,Unspecified,Not stated,No bundle,,True,https://cellphones.com.vn/xiaomi-black-shark-5.html
mobile,Phone,Xiaomi,Chinese brands,POCO F6,,,,,,Unspecified,Not stated,No bundle,,True,https://cellphones.com.vn/dien-thoai-xiaomi-poco-f6.html
mobile,Phone,Benco,Vietnamese brands,Benco S1 Pro 8GB 256GB,,,,8.0,256.0,Unspecified,Not stated,No bundle,,True,https://cellphones.com.vn/dien-thoai-benco-s1-pro.html
mobile,Phone,TCL,Chinese brands,TCL 40 NXT PAPER 8GB 256GB,4490000.0,,,8.0,256.0,Unspecified,Not stated,No bundle,,False,https://cellphones.com.vn/tcl-40-nxt-paper.html
mobile,Phone,OPPO,Chinese brands,OPPO A7 Pro 5G,,,,,,5G,Not stated,No bundle,,True,https://cellphones.com.vn/dien-thoai-oppo-a7-pro-5g.html
mobile,Phone,Masstel,Vietnamese brands,Masstel izi T8,530000.0,550000.0,4.0,,,Unspecified,Not stated,No bundle,,False,https://cellphones.com.vn/dien-thoai-masstel-izi-t8.html
mobile,Phone,Honor,Chinese brands,Honor Magic 5 Pro,,,,,,Unspecified,Not stated,No bundle,,True,https://cellphones.com.vn/honor-magic-5-pro.html
mobile,Phone,Nubia,Chinese brands,Nubia Red Magic 9 Pro,,,,,,Unspecified,Not stated,No bundle,,True,https://cellphones.com.vn/dien-thoai-nubia-red-magic-9-pro.html
mobile,Phone,Masstel,Vietnamese brands,Masstel Fami 8 4G,580000.0,600000.0,3.0,,,4G,Not stated,No bundle,,False,https://cellphones.com.vn/dien-thoai-masstel-fami-8.html
mobile,Phone,Xiaomi,Chinese brands,Xiaomi 15 Pro,,,,,,Unspecified,Not stated,No bundle,,True,https://cellphones.com.vn/dien-thoai-xiaomi-15-pro.html
mobile,Phone,Xiaomi,Chinese brands,Điện thoại Xiaomi 17 Pro Max,,,,,,Unspecified,Not stated,No bundle,,True,https://cellphones.com.vn/dien-thoai-xiaomi-17-pro-max.html
mobile,Phone,Viettel,Vietnamese brands,Viettel T2 4G,530000.0,550000.0,4.0,,,4G,Not stated,No bundle,,False,https://cellphones.com.vn/dien-thoai-viettel-t2-4g.html
mobile,Phone,Honor,Chinese brands,Honor Magic 6 Pro,,,,,,Unspecified,Not stated,No bundle,,True,https://cellphones.com.vn/dien-thoai-honor-magic-6-pro-77856.html
mobile,Phone,Masstel,Vietnamese brands,Masstel izi T5 plus 4G,530000.0,550000.0,4.0,,,4G,Not stated,No bundle,,False,https://cellphones.com.vn/dien-thoai-masstel-izi-t5-plus.html
mobile,Phone,Honor,Chinese brands,Honor Magic 5,,,,,,Unspecified,Not stated,No bundle,,True,https://cellphones.com.vn/honor-magic-5.html
mobile,Phone,Google,Other international,Google Pixel 7 Pro,,,,,,Unspecified,Not stated,No bundle,,True,https://cellphones.com.vn/google-pixel-7-pro.html
mobile,Phone,Masstel,Vietnamese brands,Masstel Izi S8,485000.0,505000.0,4.0,,,Unspecified,Not stated,No bundle,,False,https://cellphones.com.vn/dien-thoai-masstel-izi-s8.html
mobile,Phone,OPPO,Chinese brands,OPPO A56,,,,,,Unspecified,Not stated,No bundle,,True,https://cellphones.com.vn/oppo-a56.html
mobile,Phone,Xiaomi,Chinese brands,Xiaomi 13 Ultra,,,,,,Unspecified,Not stated,No bundle,,True,https://cellphones.com.vn/xiaomi-13-ultra.html
mobile,Phone,Xiaomi,Chinese brands,Xiaomi 18 Pro Max 5G 12GB 256GB,,,,12.0,256.0,5G,Not stated,No bundle,,True,https://cellphones.com.vn/dien-thoai-xiaomi-18-pro-max.html
mobile,Phone,Xiaomi,Chinese brands,Xiaomi Redmi K70,,,,,,Unspecified,Not stated,No bundle,,True,https://cellphones.com.vn/xiaomi-redmi-k70.html
mobile,Phone,Xiaomi,Chinese brands,Xiaomi 17 5G,,,,,,5G,Not stated,No bundle,,True,https://cellphones.com.vn/dien-thoai-xiaomi-17-5g.html
mobile,Phone,Xiaomi,Chinese brands,Xiaomi 18 Pro Max 5G 16GB 512GB,,,,16.0,512.0,5G,Not stated,No bundle,,True,https://cellphones.com.vn/dien-thoai-xiaomi-18-pro-max-16gb-512gb.html
mobile,Phone,Masstel,Vietnamese brands,Masstel izi  22,470000.0,490000.0,4.0,,,Unspecified,Not stated,No bundle,,False,https://cellphones.com.vn/dien-thoai-masstel-izi-22.html
mobile,Phone,Masstel,Vietnamese brands,Masstel Fami 25,650000.0,680000.0,4.0,,,Unspecified,Not stated,No bundle,,False,https://cellphones.com.vn/dien-thoai-masstel-fami-25.html
mobile,Phone,Honor,Chinese brands,Honor X40 5G,,,,,,5G,Not stated,No bundle,,True,https://cellphones.com.vn/honor-x40.html
mobile,Phone,Tecno,Chinese brands,TECNO Pova 8 8GB 128GB,,,,8.0,128.0,Unspecified,Not stated,No bundle,,True,https://cellphones.com.vn/dien-thoai-tecno-pova-8.html
mobile,Phone,Nothing,Other international,Nothing Phone 2,,,,,,Unspecified,Not stated,No bundle,,True,https://cellphones.com.vn/nothing-phone-2.html
mobile,Phone,Google,Other international,Google Pixel 9 Pro,,,,,,Unspecified,Not stated,No bundle,,True,https://cellphones.com.vn/dien-thoai-google-pixel-9-pro.html
mobile,Phone,Huawei,Chinese brands,Huawei Mate X6,,,,,,Unspecified,Not stated,No bundle,,True,https://cellphones.com.vn/dien-thoai-huawei-mate-x6.html
mobile,Phone,Realme,Chinese brands,realme GT Neo 5,,,,,,Unspecified,Not stated,No bundle,,True,https://cellphones.com.vn/realme-gt-neo-5.html
mobile,Phone,Xiaomi,Chinese brands,Xiaomi 17 5G 12GB 512GB,,,,12.0,512.0,5G,Not stated,No bundle,,True,https://cellphones.com.vn/dien-thoai-xiaomi-17-12gb-512gb.html
mobile,Phone,Infinix,Chinese brands,Infinix HOT 50i 4GB 128GB,,,,4.0,128.0,4G,Not stated,No bundle,,True,https://cellphones.com.vn/dien-thoai-infinix-hot-50i.html
mobile,Phone,Masstel,Vietnamese brands,Masstel izi S5 4G,440000.0,,,,,4G,Not stated,No bundle,,False,https://cellphones.com.vn/dien-thoai-masstel-izi-s5.html
mobile,Phone,Apple,Apple,iPhone Duo 512GB,71490000.0,,,,512.0,Unspecified,Not stated,No bundle,,False,https://cellphones.com.vn/iphone-duo-512gb.html
mobile,Phone,OPPO,Chinese brands,OPPO Find X7 Pro,,,,,,Unspecified,Not stated,No bundle,,True,https://cellphones.com.vn/oppo-find-x7-pro.html
mobile,Phone,Realme,Chinese brands,Realme V30,,,,,,Unspecified,Not stated,No bundle,,True,https://cellphones.com.vn/realme-v30.html
mobile,Phone,Google,Other international,Google Pixel 7,,,,,,Unspecified,Not stated,No bundle,,True,https://cellphones.com.vn/google-pixel-7.html
mobile,Phone,Google,Other international,Google Pixel 9,,,,,,Unspecified,Not stated,No bundle,,True,https://cellphones.com.vn/dien-thoai-google-pixel-9.html
mobile,Phone,Huawei,Chinese brands,Huawei Mate 60 Pro,,,,,,Unspecified,Not stated,No bundle,,True,https://cellphones.com.vn/huawei-mate-60-pro.html
mobile,Phone,Samsung,Samsung,Samsung Galaxy Buddy2,,,,,,Unspecified,Not stated,No bundle,,True,https://cellphones.com.vn/samsung-galaxy-buddy2.html
mobile,Phone,Xiaomi,Chinese brands,Điện thoại Xiaomi 17 Pro,,,,,,Unspecified,Not stated,No bundle,,True,https://cellphones.com.vn/dien-thoai-xiaomi-17-pro.html
mobile,Phone,Meizu,Chinese brands,Meizu 20,,,,,,Unspecified,Not stated,No bundle,,True,https://cellphones.com.vn/meizu-20.html
mobile,Phone,Honor,Chinese brands,HONOR 600S 6GB 128GB,,,,6.0,128.0,Unspecified,Not stated,No bundle,,True,https://cellphones.com.vn/dien-thoai-honor-600s.html
mobile,Phone,Nothing,Other international,Nothing Phone (4a) Pro 5G 12GB/256GB,,,,12.0,256.0,5G,Not stated,No bundle,,True,https://cellphones.com.vn/dien-thoai-nothing-phone-4a-pro.html
mobile,Phone,Google,Other international,Google Pixel Fold,,,,,,Unspecified,Not stated,No bundle,,True,https://cellphones.com.vn/google-pixel-fold.html
mobile,Phone,Google,Other international,Google Pixel 8 Pro,,,,,,Unspecified,Not stated,No bundle,,True,https://cellphones.com.vn/google-pixel-8-pro.html
mobile,Phone,Xiaomi,Chinese brands,Xiaomi Redmi K70 Pro,,,,,,Unspecified,Not stated,No bundle,,True,https://cellphones.com.vn/xiaomi-redmi-k70-pro.html
mobile,Phone,OnePlus,Chinese brands,OnePlus Nord N30,,,,,,Unspecified,Not stated,No bundle,,True,https://cellphones.com.vn/oneplus-nord-n30.html
mobile,Phone,Xiaomi,Chinese brands,Xiaomi Mix Fold 3,,,,,,Unspecified,Not stated,No bundle,,True,https://cellphones.com.vn/xiaomi-mix-fold-3.html
mobile,Phone,Honor,Chinese brands,Honor 200 Pro,,,,,,Unspecified,Not stated,No bundle,,True,https://cellphones.com.vn/dien-thoai-honor-200-pro.html
mobile,Phone,Xiaomi,Chinese brands,Redmi K60,,,,,,Unspecified,Not stated,No bundle,,True,https://cellphones.com.vn/xiaomi-redmi-k60.html
mobile,Phone,Samsung,Samsung,Samsung Galaxy M44,,,,,,Unspecified,Not stated,No bundle,,True,https://cellphones.com.vn/samsung-galaxy-m44.html
mobile,Phone,Infinix,Chinese brands,Infinix GT 20 Pro 12GB 256GB,,,,12.0,256.0,Unspecified,Not stated,No bundle,,True,https://cellphones.com.vn/dien-thoai-infinix-gt-20-pro.html
mobile,Phone,Xiaomi,Chinese brands,Xiaomi 18 Pro 5G 12GB 256GB,,,,12.0,256.0,5G,Not stated,No bundle,,True,https://cellphones.com.vn/dien-thoai-xiaomi-18-pro.html
mobile,Phone,Xiaomi,Chinese brands,Redmi K60 Pro 5G,,,,,,5G,Not stated,No bundle,,True,https://cellphones.com.vn/xiaomi-redmi-k60-pro.html
mobile,Phone,OPPO,Chinese brands,OPPO Find X8 Pro 5G 16GB 512GB,,,,16.0,512.0,5G,Not stated,No bundle,,True,https://cellphones.com.vn/dien-thoai-oppo-find-x8-pro.html
mobile,Phone,Huawei,Chinese brands,huawei p60 art,,,,,,Unspecified,Not stated,No bundle,,True,https://cellphones.com.vn/huawei-p60-art.html
mobile,Phone,Xiaomi,Chinese brands,Xiaomi 18 Pro Max 5G 16GB 1TB,,,,16.0,1024.0,5G,Not stated,No bundle,,True,https://cellphones.com.vn/dien-thoai-xiaomi-18-pro-max-16gb-1tb.html
mobile,Phone,Xiaomi,Chinese brands,Xiaomi 18 Pro 5G 12GB 512GB,,,,12.0,512.0,5G,Not stated,No bundle,,True,https://cellphones.com.vn/dien-thoai-xiaomi-18-pro-12gb-512gb.html
mobile,Phone,Xiaomi,Chinese brands,Xiaomi POCO M7,,,,,,Unspecified,Not stated,No bundle,,True,https://cellphones.com.vn/dien-thoai-xiaomi-poco-m7.html
mobile,Phone,Honor,Chinese brands,Honor X8A,,,,,,Unspecified,Not stated,No bundle,,True,https://cellphones.com.vn/honor-x8a.html
mobile,Phone,Vivo,Chinese brands,vivo X90 Pro,,,,,,Unspecified,Not stated,No bundle,,True,https://cellphones.com.vn/vivo-x90-pro.html
mobile,Phone,Xiaomi,Chinese brands,Xiaomi Redmi Note 13 Turbo,,,,,,Unspecified,Not stated,No bundle,,True,https://cellphones.com.vn/dien-thoai-xiaomi-redmi-note-13-turbo.html
mobile,Phone,Realme,Chinese brands,realme GT6 Pro,,,,,,Unspecified,Not stated,No bundle,,True,https://cellphones.com.vn/dien-thoai-realme-gt6-pro.html
mobile,Phone,Xiaomi,Chinese brands,Xiaomi 14 Pro,,,,,,Unspecified,Not stated,No bundle,,True,https://cellphones.com.vn/xiaomi-14-pro.html
mobile,Phone,OPPO,Chinese brands,OPPO Find X7 5G 12GB 256GB,,,,12.0,256.0,5G,Not stated,No bundle,,True,https://cellphones.com.vn/oppo-find-x7.html
mobile,Phone,Xiaomi,Chinese brands,Xiaomi Mi 10 Ultra,,,,,,Unspecified,Not stated,No bundle,,True,https://cellphones.com.vn/xiaomi-mi-10-ultra.html
mobile,Phone,Vivo,Chinese brands,ViVo iQOO 10 Pro,,,,,,Unspecified,Not stated,No bundle,,True,https://cellphones.com.vn/vivo-iqoo-10-pro.html
mobile,Phone,Realme,Chinese brands,realme C75X 8GB-128GB,,,,8.0,128.0,Unspecified,Not stated,No bundle,,True,https://cellphones.com.vn/dien-thoai-realme-c75x.html
mobile,Phone,Vivo,Chinese brands,iQOO 11,,,,,,Unspecified,Not stated,No bundle,,True,https://cellphones.com.vn/iqoo-11.html
mobile,Phone,Nubia,Chinese brands,Red Magic 7S Pro,,,,,,Unspecified,Not stated,No bundle,,True,https://cellphones.com.vn/nubia-red-magic-7s-pro.html
mobile,Phone,Samsung,Samsung,Samsung Galaxy A21s 6GB,4690000.0,,,6.0,,Unspecified,Not stated,No bundle,,False,https://cellphones.com.vn/samsung-galaxy-a21s-6gb.html
mobile,Phone,Nothing,Other international,Nothing Phone 3A 12GB 256GB,9990000.0,10190000.0,2.0,12.0,256.0,Unspecified,Not stated,No bundle,,False,https://cellphones.com.vn/dien-thoai-nothing-phone-3a-12gb-256gb.html
mobile,Phone,Samsung,Samsung,Samsung Galaxy A75,,,,,,Unspecified,Not stated,No bundle,,True,https://cellphones.com.vn/samsung-galaxy-a75.html
mobile,Phone,Google,Other international,Google Pixel 9 Pro XL,,,,,,Unspecified,Not stated,No bundle,,True,https://cellphones.com.vn/dien-thoai-google-pixel-9-pro-xl.html
mobile,Phone,Xiaomi,Chinese brands,Điện thoại Xiaomi Poco F7,,,,,,Unspecified,Not stated,No bundle,,True,https://cellphones.com.vn/dien-thoai-xiaomi-poco-f7.html
mobile,Phone,Vivo,Chinese brands,Vivo X90,,,,,,Unspecified,Not stated,No bundle,,True,https://cellphones.com.vn/vivo-x90.html
mobile,Phone,OPPO,Chinese brands,OPPO Reno16 Pro,,,,,,Unspecified,Not stated,No bundle,,True,https://cellphones.com.vn/dien-thoai-oppo-reno16-pro.html
mobile,Phone,Xiaomi,Chinese brands,Xiaomi POCO F5 Pro,,,,,,Unspecified,Not stated,No bundle,,True,https://cellphones.com.vn/xiaomi-poco-f5-pro.html
mobile,Phone,OPPO,Chinese brands,OPPO Reno9 Pro,,,,,,Unspecified,Not stated,No bundle,,True,https://cellphones.com.vn/oppo-reno-9-pro.html
mobile,Phone,Vivo,Chinese brands,ViVo iQOO 10,,,,,,Unspecified,Not stated,No bundle,,True,https://cellphones.com.vn/vivo-iqoo-10.html
mobile,Phone,OPPO,Chinese brands,OPPO A2m,,,,,,Unspecified,Not stated,No bundle,,True,https://cellphones.com.vn/oppo-a2m.html
mobile,Phone,ZTE,Chinese brands,ZTE Nubia Z60 Ultra,,,,,,Unspecified,Not stated,No bundle,,True,https://cellphones.com.vn/zte-nubia-z60-ultra.html
mobile,Phone,Samsung,Samsung,Samsung Galaxy Tab S10 FE 5G,,,,,,5G,Not stated,No bundle,,True,https://cellphones.com.vn/dien-thoai-samsung-galaxy-tab-s10-fe-5g-99771.html
mobile,Phone,Xiaomi,Chinese brands,Xiaomi Redmi Note 14 Pro 5G 8GB 256GB,,,,8.0,256.0,5G,Not stated,No bundle,,True,https://cellphones.com.vn/xiaomi-redmi-note-14-pro-5g-8gb-256gb.html
mobile,Phone,OPPO,Chinese brands,OPPO Find N2,,,,,,Unspecified,Not stated,No bundle,,True,https://cellphones.com.vn/oppo-find-n2.html
mobile,Phone,Xiaomi,Chinese brands,Xiaomi 18 Pro 5G 16GB 512GB,,,,16.0,512.0,5G,Not stated,No bundle,,True,https://cellphones.com.vn/dien-thoai-xiaomi-18-pro-16gb-512gb.html
mobile,Phone,Realme,Chinese brands,Realme GT Neo 6,,,,,,Unspecified,Not stated,No bundle,,True,https://cellphones.com.vn/realme-gt-neo-6.html
mobile,Phone,Motorola,Other international,Motorola Razr 40 Ultra,,,,,,Unspecified,Not stated,No bundle,,True,https://cellphones.com.vn/motorola-razr-40-ultra.html
mobile,Phone,Samsung,Samsung,Samsung Galaxy M16 5G,,,,,,5G,Not stated,No bundle,,True,https://cellphones.com.vn/dien-thoai-samsung-galaxy-m16-5g.html
mobile,Phone,Samsung,Samsung,Samsung Galaxy A24,,,,,,Unspecified,Not stated,No bundle,,True,https://cellphones.com.vn/samsung-galaxy-a24.html
mobile,Phone,Vivo,Chinese brands,Vivo Y56,,,,,,Unspecified,Not stated,No bundle,,True,https://cellphones.com.vn/vivo-y56.html
mobile,Phone,OPPO,Chinese brands,OPPO Find X8 Ultra,,,,,,Unspecified,Not stated,No bundle,,True,https://cellphones.com.vn/dien-thoai-oppo-find-x8-ultra.html
mobile,Phone,Samsung,Samsung,Samsung Galaxy A06s,,,,,,Unspecified,Not stated,No bundle,,True,https://cellphones.com.vn/dien-thoai-samsung-galaxy-a06s.html
mobile,Phone,Samsung,Samsung,Samsung A56 5G 12GB - 256GB,,,,12.0,256.0,5G,Not stated,No bundle,,True,https://cellphones.com.vn/dien-thoai-samsung-galaxy-a56-12gb-256gb.html
mobile,Phone,Xiaomi,Chinese brands,Xiaomi Mix Alpha,,,,,,Unspecified,Not stated,No bundle,,True,https://cellphones.com.vn/xiaomi-mix-alpha.html
mobile,Phone,Nothing,Other international,Nothing Phone (4a) 5G 8GB/128GB,,,,8.0,128.0,5G,Not stated,No bundle,,True,https://cellphones.com.vn/dien-thoai-nothing-phone-4a.html
mobile,Phone,Samsung,Samsung,Samsung Galaxy A74,,,,,,Unspecified,Not stated,No bundle,,True,https://cellphones.com.vn/samsung-galaxy-a74.html
mobile,Phone,Honor,Chinese brands,Honor X9,,,,,,Unspecified,Not stated,No bundle,,True,https://cellphones.com.vn/honor-x9.html
mobile,Phone,Motorola,Other international,Moto G Power 5G,,,,,,5G,Not stated,No bundle,,True,https://cellphones.com.vn/moto-g-power-5g.html
mobile,Phone,Sharp,Other international,Sharp Aquos R8,,,,,,Unspecified,Not stated,No bundle,,True,https://cellphones.com.vn/sharp-aquos-r8.html
mobile,Phone,Samsung,Samsung,Samsung Galaxy A18 6GB 128GB,,,,6.0,128.0,Unspecified,Not stated,No bundle,,True,https://cellphones.com.vn/dien-thoai-samsung-galaxy-a18.html
mobile,Phone,Vivo,Chinese brands,vivo iQOO Z9x,,,,,,Unspecified,Not stated,No bundle,,True,https://cellphones.com.vn/dien-thoai-vivo-qioo-z9x.html
mobile,Phone,Honor,Chinese brands,HONOR Magic V Flip 2,,,,,,Unspecified,Not stated,No bundle,,True,https://cellphones.com.vn/dien-thoai-honor-magic-v-flip-2.html
mobile,Phone,OnePlus,Chinese brands,Oneplus Ace 2 Pro,,,,,,Unspecified,Not stated,No bundle,,True,https://cellphones.com.vn/oneplus-ace-2-pro.html
mobile,Phone,Doogee,Chinese brands,Doogee V30 Pro,,,,,,Unspecified,Not stated,No bundle,,True,https://cellphones.com.vn/doogee-v30-pro.html
mobile,Phone,Samsung,Samsung,Samsung Galaxy A16 5G 8GB 256GB,,,,8.0,256.0,5G,Not stated,No bundle,,True,https://cellphones.com.vn/dien-thoai-samsung-galaxy-a16-256gb.html
mobile,Phone,Xiaomi,Chinese brands,Xiaomi Redmi Note 14 Pro,,,,,,Unspecified,Not stated,No bundle,,True,https://cellphones.com.vn/dien-thoai-xiaomi-redmi-note-14-pro.html
mobile,Phone,Realme,Chinese brands,realme C75 (8GB-128GB),,,,8.0,128.0,Unspecified,Not stated,No bundle,,True,https://cellphones.com.vn/dien-thoai-realme-c75.html
mobile,Phone,Vivo,Chinese brands,Vivo S1,,,,,,Unspecified,Not stated,No bundle,,True,https://cellphones.com.vn/vivo-s1.html
mobile,Phone,Vivo,Chinese brands,Vivo Y01,,,,,,Unspecified,Not stated,No bundle,,True,https://cellphones.com.vn/vivo-y01.html
mobile,Phone,Sony,Other international,Sony Xperia 10 VIII,,,,,,Unspecified,Not stated,No bundle,,True,https://cellphones.com.vn/dien-thoai-sony-xperia-10-viii.html
mobile,Phone,OPPO,Chinese brands,OPPO A58 8GB 256GB,,,,8.0,256.0,Unspecified,Not stated,No bundle,,True,https://cellphones.com.vn/oppo-a58-256gb.html
mobile,Phone,Vivo,Chinese brands,Vivo iQOO 9 Pro,,,,,,Unspecified,Not stated,No bundle,,True,https://cellphones.com.vn/vivo-iqoo-9-pro.html
mobile,Phone,Realme,Chinese brands,Realme GT3,,,,,,Unspecified,Not stated,No bundle,,True,https://cellphones.com.vn/realme-gt3.html
mobile,Phone,OPPO,Chinese brands,OPPO A97,,,,,,Unspecified,Not stated,No bundle,,True,https://cellphones.com.vn/oppo-a97.html
mobile,Phone,Huawei,Chinese brands,Huawei Nova 11i,,,,,,Unspecified,Not stated,No bundle,,True,https://cellphones.com.vn/huawei-nova-11i.html
mobile,Phone,Realme,Chinese brands,realme 10 Pro Plus,,,,,,Unspecified,Not stated,No bundle,,True,https://cellphones.com.vn/realme-10-pro-plus.html
mobile,Phone,Honor,Chinese brands,Honor 200 Lite,,,,,,Unspecified,Not stated,No bundle,,True,https://cellphones.com.vn/dien-thoai-honor-200-lite.html
mobile,Phone,Vivo,Chinese brands,Vivo X90 Pro Plus,,,,,,Unspecified,Not stated,No bundle,,True,https://cellphones.com.vn/vivo-x90-pro-plus.html
mobile,Phone,Vivo,Chinese brands,Vivo Y66,,,,,,Unspecified,Not stated,No bundle,,True,https://cellphones.com.vn/vivo-y66.html
mobile,Phone,Honor,Chinese brands,Honor X7,,,,,,Unspecified,Not stated,No bundle,,True,https://cellphones.com.vn/honor-x7.html
mobile,Phone,Vivo,Chinese brands,vivo X Note,,,,,,Unspecified,Not stated,No bundle,,True,https://cellphones.com.vn/vivo-x-note.html
mobile,Phone,Meizu,Chinese brands,Meizu 20 Pro,,,,,,Unspecified,Not stated,No bundle,,True,https://cellphones.com.vn/meizu-20-pro.html
mobile,Phone,Xiaomi,Chinese brands,Xiaomi Redmi Note 12T Pro,,,,,,Unspecified,Not stated,No bundle,,True,https://cellphones.com.vn/xiaomi-redmi-note-12t-pro.html
mobile,Phone,OPPO,Chinese brands,OPPO Find X6 Pro,,,,,,Unspecified,Not stated,No bundle,,True,https://cellphones.com.vn/oppo-find-x6-pro.html
mobile,Phone,Tecno,Chinese brands,Tecno Spark 7,,,,,,Unspecified,Not stated,No bundle,,True,https://cellphones.com.vn/tecno-spark-7.html
mobile,Phone,Sony,Other international,Xperia 10 V,,,,,,Unspecified,Not stated,No bundle,,True,https://cellphones.com.vn/sony-xperia-10v-72444.html
mobile,Phone,Google,Other international,Google Pixel 6a,,,,,,Unspecified,Not stated,No bundle,,True,https://cellphones.com.vn/google-pixel-6-a.html
mobile,Phone,Xiaomi,Chinese brands,Xiaomi Redmi A5 4G,,,,,,4G,Not stated,No bundle,,True,https://cellphones.com.vn/dien-thoai-xiaomi-redmi-a5-4g.html
mobile,Phone,Sharp,Other international,Leitz Phone 1,,,,,,Unspecified,Not stated,No bundle,,True,https://cellphones.com.vn/leitz-phone.html
mobile,Phone,ASUS,Other international,ZenFone 10,,,,,,Unspecified,Not stated,No bundle,,True,https://cellphones.com.vn/asus-zenfone-10.html
mobile,Phone,Nothing,Other international,Nothing Phone 3A Pro,,,,,,Unspecified,Not stated,No bundle,,True,https://cellphones.com.vn/dien-thoai-nothing-phone-3a-pro.html
mobile,Phone,OPPO,Chinese brands,OPPO K10x,,,,,,Unspecified,Not stated,No bundle,,True,https://cellphones.com.vn/oppo-k10x.html
mobile,Phone,Samsung,Samsung,Samsung Galaxy S24FE 5G 8GB 256GB,,,,8.0,256.0,5G,Not stated,No bundle,,True,https://cellphones.com.vn/dien-thoai-samsung-galaxy-s24-fe-256gb.html
mobile,Phone,Vivo,Chinese brands,iQOO Neo 7 Pro,,,,,,Unspecified,Not stated,No bundle,,True,https://cellphones.com.vn/vivo-iqoo-neo-7-pro.html
mobile,Phone,Huawei,Chinese brands,Huawei Mate 50E,,,,,,Unspecified,Not stated,No bundle,,True,https://cellphones.com.vn/huawei-mate-50e.html
mobile,Phone,Xiaomi,Chinese brands,Xiaomi 14 Lite,,,,,,Unspecified,Not stated,No bundle,,True,https://cellphones.com.vn/xiaomi-14-lite.html
mobile,Phone,Realme,Chinese brands,Realme GT Neo 5 SE,,,,,,Unspecified,Not stated,No bundle,,True,https://cellphones.com.vn/realme-gt-neo-5-se.html
mobile,Phone,OPPO,Chinese brands,OPPO Reno12 F 4G 8GB 256GB,,,,8.0,256.0,4G,Not stated,No bundle,,True,https://cellphones.com.vn/dien-thoai-oppo-reno-12f-4g.html
mobile,Phone,Xiaomi,Chinese brands,Xiaomi Poco F4 GT,,,,,,Unspecified,Not stated,No bundle,,True,https://cellphones.com.vn/xiaomi-poco-f4-gt.html
mobile,Phone,Xiaomi,Chinese brands,Xiaomi Redmi Note 14 Pro 8GB 128GB,,,,8.0,128.0,Unspecified,Not stated,No bundle,,True,https://cellphones.com.vn/dien-thoai-xiaomi-redmi-note-14-pro-8gb-128gb.html
mobile,Phone,Realme,Chinese brands,Realme Narzo 50i Prime,,,,,,Unspecified,Not stated,No bundle,,True,https://cellphones.com.vn/realme-narzo-50i-prime.html
mobile,Phone,Xiaomi,Chinese brands,Xiaomi Civi 1S,,,,,,Unspecified,Not stated,No bundle,,True,https://cellphones.com.vn/xiaomi-civi-1s.html
mobile,Phone,Huawei,Chinese brands,Huawei Enjoy 60X,,,,,,Unspecified,Not stated,No bundle,,True,https://cellphones.com.vn/huawei-enjoy-60x.html
mobile,Phone,Google,Other international,Google Pixel 5,,,,,,Unspecified,Not stated,No bundle,,True,https://cellphones.com.vn/google-pixel-5.html
mobile,Phone,Vivo,Chinese brands,vivo X100 Pro,,,,,,Unspecified,Not stated,No bundle,,True,https://cellphones.com.vn/dien-thoai-vivo-x100-pro.html
mobile,Phone,Xiaomi,Chinese brands,Xiaomi Mi 10T,,,,,,Unspecified,Not stated,No bundle,,True,https://cellphones.com.vn/xiaomi-mi-10t.html
mobile,Phone,OPPO,Chinese brands,OPPO Reno 11 A,,,,,,Unspecified,Not stated,No bundle,,True,https://cellphones.com.vn/dien-thoai-oppo-reno-11-a.html
mobile,Phone,Realme,Chinese brands,Realme V30t,,,,,,Unspecified,Not stated,No bundle,,True,https://cellphones.com.vn/realme-v30t.html
mobile,Phone,TCL,Chinese brands,TCL 406S 4GB 64GB,1990000.0,,,4.0,64.0,4G,Not stated,No bundle,,False,https://cellphones.com.vn/dien-thoai-tcl-406s.html
mobile,Phone,Xiaomi,Chinese brands,Xiaomi Redmi Note 14 8GB 128GB,,,,8.0,128.0,Unspecified,Not stated,No bundle,,True,https://cellphones.com.vn/dien-thoai-xiaomi-redmi-note-14-8gb-128gb.html
mobile,Phone,ZTE,Chinese brands,ZTE Nubia Z50 Ultra,,,,,,Unspecified,Not stated,No bundle,,True,https://cellphones.com.vn/zte-nubia-z50-ultra.html
mobile,Phone,Samsung,Samsung,Samsung Galaxy A55 5G 12GB 256GB,,,,12.0,256.0,5G,Not stated,No bundle,,True,https://cellphones.com.vn/dien-thoai-samsung-galaxy-a55-5g-12gb-256gb.html
mobile,Phone,TCL,Chinese brands,TCL 40SE 4GB 128GB,3390000.0,,,4.0,128.0,4G,Not stated,No bundle,,False,https://cellphones.com.vn/tcl-40-se.html
mobile,Phone,Xiaomi,Chinese brands,Redmi Note 12T Pro,,,,,,Unspecified,Not stated,No bundle,,True,https://cellphones.com.vn/redmi-note-12t-pro-64076.html
mobile,Phone,Samsung,Samsung,Samsung W22,,,,,,Unspecified,Not stated,No bundle,,True,https://cellphones.com.vn/samsung-galaxy-w22.html
mobile,Phone,Samsung,Samsung,Samsung Galaxy A15 5G,,,,,,5G,Not stated,No bundle,,True,https://cellphones.com.vn/dien-thoai-samsung-galaxy-a15-5g.html
mobile,Phone,Xiaomi,Chinese brands,Xiaomi Redmi Note 14S,,,,,,Unspecified,Not stated,No bundle,,True,https://cellphones.com.vn/dien-thoai-xiaomi-redmi-note-14s.html
mobile,Phone,OPPO,Chinese brands,OPPO A2,,,,,,Unspecified,Not stated,No bundle,,True,https://cellphones.com.vn/oppo-a2.html
mobile,Phone,Nokia,Other international,Nokia X30 5G,,,,,,5G,Not stated,No bundle,,True,https://cellphones.com.vn/nokia-x30.html
mobile,Phone,OPPO,Chinese brands,OPPO A2x,,,,,,Unspecified,Not stated,No bundle,,True,https://cellphones.com.vn/oppo-a2x.html
mobile,Phone,Honor,Chinese brands,Honor 90 Pro,,,,,,Unspecified,Not stated,No bundle,,True,https://cellphones.com.vn/honor-90-pro.html
mobile,Phone,Honor,Chinese brands,Honor Magic 2,,,,,,Unspecified,Not stated,No bundle,,True,https://cellphones.com.vn/honor-magic-2.html
mobile,Phone,Samsung,Samsung,Samsung A06 5G 4GB-64GB,,,,4.0,64.0,5G,Not stated,No bundle,,True,https://cellphones.com.vn/dien-thoai-samsung-galaxy-a06-4gb-64gb.html
mobile,Phone,ASUS,Other international,Asus Rog Phone 8 ultimate,,,,,,Unspecified,Not stated,No bundle,,True,https://cellphones.com.vn/asus-rog-phone-8-ultimate.html
mobile,Phone,Xiaomi,Chinese brands,Xiaomi POCO C65,,,,,,Unspecified,Not stated,No bundle,,True,https://cellphones.com.vn/xiaomi-poco-c65.html
mobile,Phone,Huawei,Chinese brands,Huawei Nova Y91,,,,,,Unspecified,Not stated,No bundle,,True,https://cellphones.com.vn/huawei-nova-y91.html
mobile,Phone,Nokia,Other international,Nokia 150,,,,,,Unspecified,Not stated,No bundle,,True,https://cellphones.com.vn/nokia-150.html
mobile,Phone,Motorola,Other international,Motorola Moto G73,,,,,,Unspecified,Not stated,No bundle,,True,https://cellphones.com.vn/motorola-moto-g73.html
mobile,Phone,Tecno,Chinese brands,Tecno Camon Slim 4G 8GB 128GB,,,,8.0,128.0,4G,Not stated,No bundle,,True,https://cellphones.com.vn/dien-thoai-tecno-camon-slim-4g.html
mobile,Phone,Xiaomi,Chinese brands,Xiaomi 18 Pro 5G 16GB 1TB,,,,16.0,1024.0,5G,Not stated,No bundle,,True,https://cellphones.com.vn/dien-thoai-xiaomi-18-pro-16gb-1tb.html
mobile,Phone,OPPO,Chinese brands,OPPO Reno13F 5G 12GB-512GB,,,,12.0,512.0,5G,Not stated,No bundle,,True,https://cellphones.com.vn/dien-thoai-oppo-reno13f-5g-12gb-512gb.html
mobile,Phone,Honor,Chinese brands,Honor 80 GT,,,,,,Unspecified,Not stated,No bundle,,True,https://cellphones.com.vn/honor-80-gt.html
mobile,Phone,Vivo,Chinese brands,Vivo V27,,,,,,Unspecified,Not stated,No bundle,,True,https://cellphones.com.vn/vivo-v27.html
mobile,Phone,OPPO,Chinese brands,OPPO A1 Pro,,,,,,Unspecified,Not stated,No bundle,,True,https://cellphones.com.vn/oppo-a1-pro.html
mobile,Phone,Itel,Chinese brands,Itel A70,,,,,,Unspecified,Not stated,No bundle,,True,https://cellphones.com.vn/itel-a70.html
mobile,Phone,Google,Other international,Google Pixel 6 Pro,,,,,,Unspecified,Not stated,No bundle,,True,https://cellphones.com.vn/google-pixel-6-pro.html
mobile,Phone,HTC,Other international,HTC Wildfire E3 Lite,,,,,,Unspecified,Not stated,No bundle,,True,https://cellphones.com.vn/htc-wildfire-e3-lite.html
mobile,Phone,Vivo,Chinese brands,vivo Y36 8GB 256GB,,,,8.0,256.0,Unspecified,Not stated,No bundle,,True,https://cellphones.com.vn/dien-thoai-vivo-y36-8gb-256gb-79124.html
mobile,Phone,Nubia,Chinese brands,Nubia Red Magic 10,,,,,,Unspecified,Not stated,No bundle,,True,https://cellphones.com.vn/dien-thoai-nubia-red-magic-10.html
mobile,Phone,Xiaomi,Chinese brands,Xiaomi Redmi Note 10T,,,,,,Unspecified,Not stated,No bundle,,True,https://cellphones.com.vn/xiaomi-redmi-note-10t.html
mobile,Phone,Vivo,Chinese brands,Vivo V7,,,,,,Unspecified,Not stated,No bundle,,True,https://cellphones.com.vn/vivo-v7.html
mobile,Phone,Realme,Chinese brands,Realme V20 5G,,,,,,5G,Not stated,No bundle,,True,https://cellphones.com.vn/realme-v20.html
mobile,Phone,Xiaomi,Chinese brands,Xiaomi Redmi K70e,,,,,,Unspecified,Not stated,No bundle,,True,https://cellphones.com.vn/xiaomi-redmi-k70e.html
mobile,Phone,Nothing,Other international,Nothing Phone 1,,,,,,Unspecified,Not stated,No bundle,,True,https://cellphones.com.vn/nothing-phone-1.html
mobile,Phone,Vivo,Chinese brands,Vivo Nex 3,,,,,,Unspecified,Not stated,No bundle,,True,https://cellphones.com.vn/vivo-nex-3.html
mobile,Phone,Infinix,Chinese brands,Infinix Note 30 Pro,,,,,,Unspecified,Not stated,No bundle,,True,https://cellphones.com.vn/infinix-note-30-pro.html
mobile,Phone,Google,Other international,Google Pixel 9 Pro Fold,,,,,,Unspecified,Not stated,No bundle,,True,https://cellphones.com.vn/dien-thoai-google-pixel-9-pro-fold.html
mobile,Phone,Sony,Other international,Xperia 5 V,,,,,,Unspecified,Not stated,No bundle,,True,https://cellphones.com.vn/sony-xperia-5v.html
mobile,Phone,Xiaomi,Chinese brands,Điện thoại Xiaomi 15T Pro 12GB 256GB,,,,12.0,256.0,Unspecified,Not stated,No bundle,,True,https://cellphones.com.vn/dien-thoai-xiaomi-15t-pro-12gb-256gb.html
mobile,Phone,Honor,Chinese brands,Honor X9B,,,,,,Unspecified,Not stated,No bundle,,True,https://cellphones.com.vn/dien-thoai-honor-x9b.html
mobile,Phone,Xiaomi,Chinese brands,Xiaomi 14T Pro 8GB 256GB,,,,8.0,256.0,Unspecified,Not stated,No bundle,,True,https://cellphones.com.vn/xiaomi-14t-pro-8gb-256gb.html
mobile,Phone,OPPO,Chinese brands,OPPO K10 Pro,,,,,,Unspecified,Not stated,No bundle,,True,https://cellphones.com.vn/oppo-k10-pro.html
mobile,Phone,OPPO,Chinese brands,OPPO A1x,,,,,,Unspecified,Not stated,No bundle,,True,https://cellphones.com.vn/oppo-a1x.html
mobile,Phone,Nubia,Chinese brands,Nubia Redmagic 8s Pro 16GB 512GB Transparent,,,,16.0,512.0,Unspecified,Not stated,No bundle,,True,https://cellphones.com.vn/nubia-redmagic-8s-pro-16gb-512gb-transparent.html
mobile,Phone,Xiaomi,Chinese brands,Xiaomi 14 12GB 256GB,,,,12.0,256.0,Unspecified,Not stated,No bundle,,True,https://cellphones.com.vn/xiaomi-14-12gb-256gb-76428.html
mobile,Phone,Xiaomi,Chinese brands,Xiaomi Redmi Note 12R Pro,,,,,,Unspecified,Not stated,No bundle,,True,https://cellphones.com.vn/xiaomi-redmi-note-12r-pro.html
mobile,Phone,Realme,Chinese brands,realme 11X 5G,,,,,,5G,Not stated,No bundle,,True,https://cellphones.com.vn/realme-11x-5g.html
mobile,Phone,Huawei,Chinese brands,Huawei Nova 10,,,,,,Unspecified,Not stated,No bundle,,True,https://cellphones.com.vn/huawei-nova-10.html
mobile,Phone,Xiaomi,Chinese brands,Xiaomi Redmi Note 13 12GB 256GB,,,,12.0,256.0,Unspecified,Not stated,No bundle,,True,https://cellphones.com.vn/dien-thoai-xiaomi-redmi-note-13-12gb-256.html
mobile,Phone,Xiaomi,Chinese brands,Xiaomi Redmi Note 13R Pro,,,,,,Unspecified,Not stated,No bundle,,True,https://cellphones.com.vn/dien-thoai-xiaomi-redmi-note-13r-pro.html
mobile,Phone,Vivo,Chinese brands,Vivo Y52,,,,,,Unspecified,Not stated,No bundle,,True,https://cellphones.com.vn/vivo-y52.html
mobile,Phone,Xiaomi,Chinese brands,Xiaomi 18 Pro Max 5G 12GB 512GB,,,,12.0,512.0,5G,Not stated,No bundle,,True,https://cellphones.com.vn/dien-thoai-xiaomi-18-pro-max-12gb-523gb.html
mobile,Phone,Sharp,Other international,Leitz Phone 2,,,,,,Unspecified,Not stated,No bundle,,True,https://cellphones.com.vn/leitz-phone-2.html
mobile,Phone,Vivo,Chinese brands,Vivo iQOO Neo 8 Pro,,,,,,Unspecified,Not stated,No bundle,,True,https://cellphones.com.vn/vivo-iqoo-neo-8-pro.html
mobile,Phone,Tecno,Chinese brands,Tecno Phantom V Fold,,,,,,Unspecified,Not stated,No bundle,,True,https://cellphones.com.vn/tecno-phantom-v-fold.html
mobile,Phone,ASUS,Other international,Asus ROG Phone 7 Pro,,,,,,Unspecified,Not stated,No bundle,,True,https://cellphones.com.vn/asus-rog-phone-7-pro.html
mobile,Phone,Nokia,Other international,Nokia 130,,,,,,Unspecified,Not stated,No bundle,,True,https://cellphones.com.vn/nokia-130.html
mobile,Phone,OPPO,Chinese brands,OPPO Find X6,,,,,,Unspecified,Not stated,No bundle,,True,https://cellphones.com.vn/oppo-find-x6.html
mobile,Phone,Realme,Chinese brands,realme 12 Pro,,,,,,Unspecified,Not stated,No bundle,,True,https://cellphones.com.vn/dien-thoai-realme-12-pro.html
mobile,Phone,Google,Other international,Google Pixel 5a,,,,,,Unspecified,Not stated,No bundle,,True,https://cellphones.com.vn/google-pixel-5-a.html
mobile,Phone,TCL,Chinese brands,TCL 408 4GB 64GB,2290000.0,,,4.0,64.0,4G,Not stated,No bundle,,False,https://cellphones.com.vn/tcl-408.html
mobile,Phone,TCL,Chinese brands,TCL 505,,,,,,Unspecified,Not stated,No bundle,,True,https://cellphones.com.vn/dien-thoai-tcl-505.html
mobile,Phone,OPPO,Chinese brands,OPPO Find X7 Ultra 12GB 256GB,,,,12.0,256.0,Unspecified,Not stated,No bundle,,True,https://cellphones.com.vn/oppo-find-x7-ultra.html
mobile,Phone,Xiaomi,Chinese brands,Xiaomi 14 Ultra 12GB 512GB,,,,12.0,512.0,Unspecified,Not stated,No bundle,,True,https://cellphones.com.vn/xiaomi-14-ultra-12gb-512gb.html
mobile,Phone,Xiaomi,Chinese brands,Xiaomi 14 8GB 256GB,,,,8.0,256.0,Unspecified,Not stated,No bundle,,True,https://cellphones.com.vn/xiaomi-14-8gb-256gb.html
mobile,Phone,Huawei,Chinese brands,Huawei Nova 12 Pro,,,,,,Unspecified,Not stated,No bundle,,True,https://cellphones.com.vn/huawei-nova-12-pro.html
mobile,Phone,Blackview,Chinese brands,Blackview N6000,,,,,,Unspecified,Not stated,No bundle,,True,https://cellphones.com.vn/blackview-n6000.html
mobile,Phone,Vivo,Chinese brands,vivo S19,,,,,,Unspecified,Not stated,No bundle,,True,https://cellphones.com.vn/dien-thoai-vivo-s19.html
mobile,Phone,Xiaomi,Chinese brands,Xiaomi Redmi Note 14 Pro Plus 12GB 512GB,,,,12.0,512.0,Unspecified,Not stated,No bundle,,True,https://cellphones.com.vn/dien-thoai-xiaomi-redmi-note-14-pro-plus-12gb-512gb.html
mobile,Phone,Tecno,Chinese brands,Tecno Pova 7 Neo,,,,,,Unspecified,Not stated,No bundle,,True,https://cellphones.com.vn/dien-thoai-tecno-pova-7-neo.html
mobile,Phone,Honor,Chinese brands,Honor 80 Pro,,,,,,Unspecified,Not stated,No bundle,,True,https://cellphones.com.vn/honor-80-pro.html
mobile,Phone,Samsung,Samsung,Samsung Galaxy Z Flip 5 8GB 512GB,,,,8.0,512.0,Unspecified,Not stated,No bundle,,True,https://cellphones.com.vn/samsung-galaxy-z-flip-5-512gb-63941.html-1
mobile,Phone,Motorola,Other international,Motorola Edge plus,,,,,,Unspecified,Not stated,No bundle,,True,https://cellphones.com.vn/motorola-edge-plus.html
mobile,Phone,OnePlus,Chinese brands,Oneplus Nord N300,,,,,,Unspecified,Not stated,No bundle,,True,https://cellphones.com.vn/oneplus-nord-n300.html
mobile,Phone,Motorola,Other international,Motorola Edge 40,,,,,,Unspecified,Not stated,No bundle,,True,https://cellphones.com.vn/motorola-edge-40.html
mobile,Phone,Sony,Other international,Sony Xperia 5 IV,,,,,,Unspecified,Not stated,No bundle,,True,https://cellphones.com.vn/sony-xperia-5-iv.html
mobile,Phone,Vivo,Chinese brands,vivo V30 Pro,,,,,,Unspecified,Not stated,No bundle,,True,https://cellphones.com.vn/dien-thoai-vivo-v30-pro.html
mobile,Phone,Honor,Chinese brands,Honor X6,,,,,,Unspecified,Not stated,No bundle,,True,https://cellphones.com.vn/honor-x6.html
mobile,Phone,Infinix,Chinese brands,Infinix Hot 50 Pro 8GB 256GB,,,,8.0,256.0,Unspecified,Not stated,No bundle,,True,https://cellphones.com.vn/dien-thoai-infinix-hot-50-pro-94168.html
mobile,Phone,Vivo,Chinese brands,vivo Y200 Pro,,,,,,Unspecified,Not stated,No bundle,,True,https://cellphones.com.vn/dien-thoai-vivo-y200-pro.html
mobile,Phone,Realme,Chinese brands,realme 13+ 5G 12GB 256GB,,,,12.0,256.0,5G,Not stated,No bundle,,True,https://cellphones.com.vn/dien-thoai-realme-13-plus-5g-12gb-256gb.html
mobile,Phone,Vivo,Chinese brands,Vivo X80 Pro Plus,,,,,,Unspecified,Not stated,No bundle,,True,https://cellphones.com.vn/vivo-x80-pro-plus.html
mobile,Phone,Huawei,Chinese brands,Huawei Pocket S,,,,,,Unspecified,Not stated,No bundle,,True,https://cellphones.com.vn/huawei-pocket-s.html
mobile,Phone,OPPO,Chinese brands,OPPO PHF110,,,,,,Unspecified,Not stated,No bundle,,True,https://cellphones.com.vn/oppo-phf110.html
mobile,Phone,Vivo,Chinese brands,Vivo Y85,,,,,,Unspecified,Not stated,No bundle,,True,https://cellphones.com.vn/vivo-y85.html
mobile,Phone,Vivo,Chinese brands,Vivo Y91,,,,,,Unspecified,Not stated,No bundle,,True,https://cellphones.com.vn/vivo-y91.html
mobile,Phone,Tecno,Chinese brands,Tecno Spark 10C,,,,,,Unspecified,Not stated,No bundle,,True,https://cellphones.com.vn/tecno-spark-10c.html
mobile,Phone,Google,Other international,Google Pixel 4 XL,,,,,,Unspecified,Not stated,No bundle,,True,https://cellphones.com.vn/google-pixel-4-xl.html
mobile,Phone,OnePlus,Chinese brands,OnePlus Nord CE 4 Lite,,,,,,Unspecified,Not stated,No bundle,,True,https://cellphones.com.vn/dien-thoai-oneplus-nord-ce-4-lite.html
mobile,Phone,Samsung,Samsung,Samsung A06 5G 6GB - 128GB,,,,6.0,128.0,5G,Not stated,No bundle,,True,https://cellphones.com.vn/dien-thoai-samsung-galaxy-a06-6gb-128gb.html
mobile,Phone,Samsung,Samsung,Samsung A36 5G 8GB - 256GB,,,,8.0,256.0,5G,Not stated,No bundle,,True,https://cellphones.com.vn/dien-thoai-samsung-galaxy-a36-8gb-256gb.html
mobile,Phone,Vivo,Chinese brands,Vivo Y95,,,,,,Unspecified,Not stated,No bundle,,True,https://cellphones.com.vn/vivo-y95.html
mobile,Phone,Xiaomi,Chinese brands,Xiaomi 13S Ultra,,,,,,Unspecified,Not stated,No bundle,,True,https://cellphones.com.vn/xiaomi-13s-ultra.html
mobile,Phone,OnePlus,Chinese brands,Oneplus 12,,,,,,Unspecified,Not stated,No bundle,,True,https://cellphones.com.vn/oneplus-12.html
mobile,Phone,Honor,Chinese brands,Honor 90,,,,,,Unspecified,Not stated,No bundle,,True,https://cellphones.com.vn/honor-90.html
mobile,Phone,Vivo,Chinese brands,vivo IQOO Neo 8,,,,,,Unspecified,Not stated,No bundle,,True,https://cellphones.com.vn/vivo-iqoo-neo-8.html
mobile,Phone,Motorola,Other international,Motorola Edge 40 Pro,,,,,,Unspecified,Not stated,No bundle,,True,https://cellphones.com.vn/motorola-edge-40-pro.html
mobile,Phone,Xiaomi,Chinese brands,Redmi K60 Ultra,,,,,,Unspecified,Not stated,No bundle,,True,https://cellphones.com.vn/redmi-k60-ultra.html
mobile,Phone,Realme,Chinese brands,realme GT 5 Pro,,,,,,Unspecified,Not stated,No bundle,,True,https://cellphones.com.vn/realme-gt-5-pro.html
mobile,Phone,Vivo,Chinese brands,vivo y100i,,,,,,Unspecified,Not stated,No bundle,,True,https://cellphones.com.vn/dien-thoai-vivo-y100i.html
mobile,Phone,Vivo,Chinese brands,Vivo Y77,,,,,,Unspecified,Not stated,No bundle,,True,https://cellphones.com.vn/vivo-y77.html
mobile,Phone,Mobell,Vietnamese brands,Mobell M539 4G,,,,,,4G,Not stated,No bundle,,True,https://cellphones.com.vn/dien-thoai-mobell-m539-4g.html
mobile,Phone,Samsung,Samsung,Samsung Galaxy Note 20 Ultra 5G 512GB,32990000.0,,,,512.0,5G,Not stated,No bundle,,False,https://cellphones.com.vn/samsung-galaxy-note-20-ultra-5g-512-gb.html
mobile,Phone,Doogee,Chinese brands,Doogee S100 Pro,,,,,,Unspecified,Not stated,No bundle,,True,https://cellphones.com.vn/doogee-s100-pro.html
mobile,Phone,Samsung,Samsung,Samsung A26 5G 8GB - 256GB,,,,8.0,256.0,5G,Not stated,No bundle,,True,https://cellphones.com.vn/dien-thoai-samsung-galaxy-a26-8gb-256gb.html
mobile,Phone,OPPO,Chinese brands,OPPO K11,,,,,,Unspecified,Not stated,No bundle,,True,https://cellphones.com.vn/oppo-k11.html
mobile,Phone,Masstel,Vietnamese brands,Masstel Izi 10 4G,,,,,,4G,Not stated,No bundle,,True,https://cellphones.com.vn/masstel-izi-10-4g.html
mobile,Phone,Sony,Other international,Sony Xperia X Compact,,,,,,Unspecified,Not stated,No bundle,,True,https://cellphones.com.vn/sony-xperia-x-compact.html
mobile,Phone,Honor,Chinese brands,Honor Magic V2,,,,,,Unspecified,Not stated,No bundle,,True,https://cellphones.com.vn/honor-magic-v2.html
mobile,Phone,OPPO,Chinese brands,OPPO A56s,,,,,,Unspecified,Not stated,No bundle,,True,https://cellphones.com.vn/oppo-a56s.html
mobile,Phone,Xiaomi,Chinese brands,Điện thoại Xiaomi 15T 12GB 256GB,,,,12.0,256.0,Unspecified,Not stated,No bundle,,True,https://cellphones.com.vn/dien-thoai-xiaomi-15t-12gb-256gb.html
mobile,Phone,Honor,Chinese brands,Honor Magic V3,,,,,,Unspecified,Not stated,No bundle,,True,https://cellphones.com.vn/dien-thoai-honor-magic-v3.html
mobile,Phone,Vivo,Chinese brands,vivo S19 Pro,,,,,,Unspecified,Not stated,No bundle,,True,https://cellphones.com.vn/dien-thoai-vivo-s19-pro.html
mobile,Phone,Xiaomi,Chinese brands,Xiaomi Redmi Note 12 Pro+,,,,,,Unspecified,Not stated,No bundle,,True,https://cellphones.com.vn/xiaomi-redmi-note-12-pro-plus.html
mobile,Phone,Lenovo,Chinese brands,Lenovo Legion Y70,,,,,,Unspecified,Not stated,No bundle,,True,https://cellphones.com.vn/lenovo-legion-y70.html
mobile,Phone,Vivo,Chinese brands,Vivo Y97,,,,,,Unspecified,Not stated,No bundle,,True,https://cellphones.com.vn/vivo-y97.html
mobile,Phone,Vivo,Chinese brands,Vivo Y67,,,,,,Unspecified,Not stated,No bundle,,True,https://cellphones.com.vn/vivo-y67.html
mobile,Phone,Vivo,Chinese brands,Vivo X100,,,,,,Unspecified,Not stated,No bundle,,True,https://cellphones.com.vn/vivo-x100.html
mobile,Phone,Vivo,Chinese brands,Vivo V29,,,,,,Unspecified,Not stated,No bundle,,True,https://cellphones.com.vn/vivo-v29.html
mobile,Phone,Vivo,Chinese brands,Vivo S17,,,,,,Unspecified,Not stated,No bundle,,True,https://cellphones.com.vn/vivo-s17.html
mobile,Phone,Vivo,Chinese brands,Vivo iQOO Z7x,,,,,,Unspecified,Not stated,No bundle,,True,https://cellphones.com.vn/vivo-iqoo-z7x.html
mobile,Phone,Vivo,Chinese brands,Vivo Y71,,,,,,Unspecified,Not stated,No bundle,,True,https://cellphones.com.vn/vivo-y71.html
mobile,Phone,Vivo,Chinese brands,Vivo Y27s,,,,,,Unspecified,Not stated,No bundle,,True,https://cellphones.com.vn/dien-thoai-vivo-y27s.html
mobile,Phone,Google,Other international,Google Pixel 4a,,,,,,Unspecified,Not stated,No bundle,,True,https://cellphones.com.vn/google-pixel-4a.html
mobile,Phone,Samsung,Samsung,Samsung Galaxy C55,,,,,,Unspecified,Not stated,No bundle,,True,https://cellphones.com.vn/dien-thoai-samsung-galaxy-c55.html
mobile,Phone,Samsung,Samsung,Samsung Galaxy A06 4GB 64GB,,,,4.0,64.0,4G,Not stated,No bundle,,True,https://cellphones.com.vn/dien-thoai-samsung-galaxy-a06-64gb.html
mobile,Phone,OPPO,Chinese brands,OPPO Reno13F 4G 12GB - 256GB,,,,12.0,256.0,4G,Not stated,No bundle,,True,https://cellphones.com.vn/dien-thoai-oppo-reno13f-4g-12gb-256gb.html
mobile,Phone,Xiaomi,Chinese brands,Xiaomi Redmi Note 14 Pro 12GB 512GB,,,,12.0,512.0,Unspecified,Not stated,No bundle,,True,https://cellphones.com.vn/dien-thoai-xiaomi-redmi-note-14-pro-12gb-512gb.html
mobile,Phone,Realme,Chinese brands,realme 12 Pro plus,,,,,,Unspecified,Not stated,No bundle,,True,https://cellphones.com.vn/dien-thoai-realme-12-pro-plus.html
mobile,Phone,Infinix,Chinese brands,Infinix Zero 5G,,,,,,5G,Not stated,No bundle,,True,https://cellphones.com.vn/infinix-zero-5g.html
mobile,Phone,Blackview,Chinese brands,Blackview A95,,,,,,Unspecified,Not stated,No bundle,,True,https://cellphones.com.vn/blackview-a95.html
mobile,Phone,Huawei,Chinese brands,Huawei Enjoy 60 Pro,,,,,,Unspecified,Not stated,No bundle,,True,https://cellphones.com.vn/huawei-enjoy-60-pro.html
mobile,Phone,ASUS,Other international,ASUS ROG Phone 6 Mediatek,,,,,,Unspecified,Not stated,No bundle,,True,https://cellphones.com.vn/asus-rog-phone-6-mediatek.html
mobile,Phone,Vivo,Chinese brands,Vivo iQOO Z6,,,,,,Unspecified,Not stated,No bundle,,True,https://cellphones.com.vn/vivo-iqoo-z6.html
mobile,Phone,Vivo,Chinese brands,vivo Y200i,,,,,,Unspecified,Not stated,No bundle,,True,https://cellphones.com.vn/dien-thoai-vivo-y200i.html
mobile,Phone,Honor,Chinese brands,Honor X50i,,,,,,Unspecified,Not stated,No bundle,,True,https://cellphones.com.vn/honor-x50i.html
mobile,Phone,Masstel,Vietnamese brands,Masstel Tab 10.4,,,,,,Unspecified,Not stated,No bundle,,True,https://cellphones.com.vn/masstel-tab-10-4.html
mobile,Phone,OPPO,Chinese brands,OPPO Reno9 Z,,,,,,Unspecified,Not stated,No bundle,,True,https://cellphones.com.vn/oppo-reno9-z.html
mobile,Phone,OPPO,Chinese brands,OPPO A1,,,,,,Unspecified,Not stated,No bundle,,True,https://cellphones.com.vn/oppo-a1.html
mobile,Phone,Realme,Chinese brands,realme GT 5,,,,,,Unspecified,Not stated,No bundle,,True,https://cellphones.com.vn/realme-gt-5.html
mobile,Phone,Nokia,Other international,Nokia C12,,,,,,Unspecified,Not stated,No bundle,,True,https://cellphones.com.vn/nokia-c12.html
mobile,Phone,Realme,Chinese brands,Realme 9 SE 5G,,,,,,5G,Not stated,No bundle,,True,https://cellphones.com.vn/realme-9-se.html
mobile,Phone,OnePlus,Chinese brands,Oneplus Nord CE2,,,,,,Unspecified,Not stated,No bundle,,True,https://cellphones.com.vn/oneplus-nord-ce-2.html
mobile,Phone,TCL,Chinese brands,TCL 50SE,,,,,,Unspecified,Not stated,No bundle,,True,https://cellphones.com.vn/dien-thoai-tcl-50se.html
mobile,Phone,OnePlus,Chinese brands,OnePlus Ace 3 Pro,,,,,,Unspecified,Not stated,No bundle,,True,https://cellphones.com.vn/dien-thoai-oneplus-ace-3-pro.html
mobile,Phone,Xiaomi,Chinese brands,Xiaomi Redmi Note 14 Pro 8GB 256GB,,,,8.0,256.0,Unspecified,Not stated,No bundle,,True,https://cellphones.com.vn/dien-thoai-xiaomi-redmi-note-14-pro-8gb-256gb.html
mobile,Phone,Vivo,Chinese brands,vivo Y200 GT,,,,,,Unspecified,Not stated,No bundle,,True,https://cellphones.com.vn/dien-thoai-vivo-y200-gt.html
mobile,Phone,OPPO,Chinese brands,OPPO Reno12 F 5G 12GB-256GB,,,,12.0,256.0,5G,Not stated,No bundle,,True,https://cellphones.com.vn/dien-thoai-oppo-reno12-f-12gb-256gb.html
mobile,Phone,Samsung,Samsung,Samsung A36 5G 12GB - 256GB,,,,12.0,256.0,5G,Not stated,No bundle,,True,https://cellphones.com.vn/dien-thoai-samsung-galaxy-a36-12gb-256gb.html
mobile,Phone,Vivo,Chinese brands,vivo T3x,,,,,,Unspecified,Not stated,No bundle,,True,https://cellphones.com.vn/dien-thoai-vivo-t3x.html
mobile,Phone,OnePlus,Chinese brands,OnePlus V Fold,,,,,,Unspecified,Not stated,No bundle,,True,https://cellphones.com.vn/oneplus-v-fold.html
mobile,Phone,Vivo,Chinese brands,Vivo Y30 5G,,,,,,5G,Not stated,No bundle,,True,https://cellphones.com.vn/vivo-y30-5g.html
mobile,Phone,Masstel,Vietnamese brands,Masstel Play 50,,,,,,Unspecified,Not stated,No bundle,,True,https://cellphones.com.vn/masstel-play-50.html
mobile,Phone,Huawei,Chinese brands,Huawei Nova 10 Pro,,,,,,Unspecified,Not stated,No bundle,,True,https://cellphones.com.vn/huawei-nova-10-pro.html
mobile,Phone,Xiaomi,Chinese brands,Xiaomi 14 Pro 12GB 512GB,,,,12.0,512.0,Unspecified,Not stated,No bundle,,True,https://cellphones.com.vn/xiaomi-14-pro-12gb-512gb.html
mobile,Phone,Honor,Chinese brands,Honor X5 Plus,,,,,,Unspecified,Not stated,No bundle,,True,https://cellphones.com.vn/honor-x5-plus.html
mobile,Phone,TCL,Chinese brands,TCL 40SE 6GB 256GB,3990000.0,,,6.0,256.0,Unspecified,Not stated,No bundle,,False,https://cellphones.com.vn/tcl-40-se-256gb.html
mobile,Phone,Xiaomi,Chinese brands,Xiaomi Redmi Note 13 8GB 128GB,,,,8.0,128.0,Unspecified,Not stated,No bundle,,True,https://cellphones.com.vn/xiaomi-redmi-note-13-8gb.html
mobile,Phone,Xiaomi,Chinese brands,Xiaomi Redmi A4,,,,,,Unspecified,Not stated,No bundle,,True,https://cellphones.com.vn/dien-thoai-xiaomi-redmi-a4.html
mobile,Phone,Realme,Chinese brands,Realme 9i 5G,,,,,,5G,Not stated,No bundle,,True,https://cellphones.com.vn/realme-9i-5g.html
mobile,Phone,Vivo,Chinese brands,vivo Y22,,,,,,Unspecified,Not stated,No bundle,,True,https://cellphones.com.vn/vivo-y22.html
mobile,Phone,Realme,Chinese brands,Realme V23 5G,,,,,,5G,Not stated,No bundle,,True,https://cellphones.com.vn/realme-v23.html
mobile,Phone,Huawei,Chinese brands,Huawei P50 Pocket S,,,,,,Unspecified,Not stated,No bundle,,True,https://cellphones.com.vn/huawei-p50-pocket-s.html
mobile,Phone,Xiaomi,Chinese brands,Xiaomi CIVI 3,,,,,,Unspecified,Not stated,No bundle,,True,https://cellphones.com.vn/xiaomi-civi-3.html
mobile,Phone,Vivo,Chinese brands,Vivo S17e,,,,,,Unspecified,Not stated,No bundle,,True,https://cellphones.com.vn/vivo-s17e.html
mobile,Phone,Nokia,Other international,Nokia Hero 5G,,,,,,5G,Not stated,No bundle,,True,https://cellphones.com.vn/nokia-hero-5g.html
mobile,Phone,Motorola,Other international,Motorola Moto G13,,,,,,Unspecified,Not stated,No bundle,,True,https://cellphones.com.vn/motorola-moto-g13.html
mobile,Phone,OPPO,Chinese brands,OPPO Reno9 Pro Plus,,,,,,Unspecified,Not stated,No bundle,,True,https://cellphones.com.vn/oppo-reno-9-pro-plus.html
mobile,Phone,Realme,Chinese brands,Realme C55 8GB 128GB,,,,8.0,128.0,Unspecified,Not stated,No bundle,,True,https://cellphones.com.vn/realme-c55-8gb-128gb-54813.html
mobile,Phone,OPPO,Chinese brands,OPPO A98 5G,,,,,,5G,Not stated,No bundle,,True,https://cellphones.com.vn/oppo-a98-5g-63072.html
mobile,Phone,Tecno,Chinese brands,TECNO Pova 8 8GB 256GB,,,,8.0,256.0,Unspecified,Not stated,No bundle,,True,https://cellphones.com.vn/dien-thoai-tecno-pova-8-8gb-256gb.html
mobile,Phone,Tecno,Chinese brands,TECNO Spark Go 3,,,,,,Unspecified,Not stated,No bundle,,True,https://cellphones.com.vn/dien-thoai-tecno-spark-go-3-4gb-128gb.html
mobile,Phone,Infinix,Chinese brands,Infinix Note 40 5G,,,,,,5G,Not stated,No bundle,,True,https://cellphones.com.vn/dien-thoai-infinix-note-40-5g.html
mobile,Phone,Honor,Chinese brands,Honor 200,,,,,,Unspecified,Not stated,No bundle,,True,https://cellphones.com.vn/dien-thoai-honor-200.html
mobile,Phone,Xiaomi,Chinese brands,Xiaomi Redmi Note 13s,,,,,,Unspecified,Not stated,No bundle,,True,https://cellphones.com.vn/dien-thoai-xiaomi-redmi-note-13s.html
mobile,Phone,Tecno,Chinese brands,TECNO CAMON 20 Pro 5G,,,,,,5G,Not stated,No bundle,,True,https://cellphones.com.vn/tecno-camon-20-pro-5g.html
mobile,Phone,Vivo,Chinese brands,Vivo iQOO 11s,,,,,,Unspecified,Not stated,No bundle,,True,https://cellphones.com.vn/vivo-iqoo-11s.html
mobile,Phone,Samsung,Samsung,Samsung Galaxy F54 5G,,,,,,5G,Not stated,No bundle,,True,https://cellphones.com.vn/samsung-galaxy-f54-5g.html
mobile,Phone,Honor,Chinese brands,Honor Play 30,,,,,,Unspecified,Not stated,No bundle,,True,https://cellphones.com.vn/honor-play-30.html
mobile,Phone,Tecno,Chinese brands,Tecno Spark 9T,,,,,,Unspecified,Not stated,No bundle,,True,https://cellphones.com.vn/tecno-spark-9t.html
mobile,Phone,OnePlus,Chinese brands,OnePlus Nord N20 SE,,,,,,Unspecified,Not stated,No bundle,,True,https://cellphones.com.vn/oneplus-nord-n20-se.html
mobile,Phone,Vivo,Chinese brands,Vivo Y77e 5G,,,,,,5G,Not stated,No bundle,,True,https://cellphones.com.vn/vivo-y77e.html
mobile,Phone,Xiaomi,Chinese brands,Xiaomi POCO C51,,,,,,Unspecified,Not stated,No bundle,,True,https://cellphones.com.vn/xiaomi-poco-c51.html
mobile,Phone,Xiaomi,Chinese brands,Xiaomii 14 Lite 12GB 512GB,,,,12.0,512.0,Unspecified,Not stated,No bundle,,True,https://cellphones.com.vn/xiaomi-14-lite-12gb-512gb.html
mobile,Phone,Huawei,Chinese brands,Huawei Nova 9 SE,,,,,,Unspecified,Not stated,No bundle,,True,https://cellphones.com.vn/huawei-nova-9-se-46952.html
mobile,Phone,Google,Other international,Google Pixel 3 XL,,,,,,Unspecified,Not stated,No bundle,,True,https://cellphones.com.vn/google-pixel-3-xl.html
mobile,Phone,Doogee,Chinese brands,Doogee V30T,,,,,,Unspecified,Not stated,No bundle,,True,https://cellphones.com.vn/doogee-v30t.html
mobile,Phone,Xiaomi,Chinese brands,Xiaomi 14 Pro 12GB 256GB,,,,12.0,256.0,Unspecified,Not stated,No bundle,,True,https://cellphones.com.vn/xiaomi-14-pro-12gb-256gb.html
mobile,Phone,Vivo,Chinese brands,Vivo iQOO Z7,,,,,,Unspecified,Not stated,No bundle,,True,https://cellphones.com.vn/vivo-iqoo-z7.html
mobile,Phone,Vivo,Chinese brands,Vivo X Fold 3,,,,,,Unspecified,Not stated,No bundle,,True,https://cellphones.com.vn/vivo-x-fold-3.html
mobile,Phone,Vivo,Chinese brands,Vivo Y22T,,,,,,Unspecified,Not stated,No bundle,,True,https://cellphones.com.vn/vivo-y22t.html
mobile,Phone,Vivo,Chinese brands,Vivo Y81,,,,,,Unspecified,Not stated,No bundle,,True,https://cellphones.com.vn/vivo-y81.html
mobile,Phone,Masstel,Vietnamese brands,Masstel Tab 10A,,,,,,Unspecified,Not stated,No bundle,,True,https://cellphones.com.vn/masstel-tab-10a.html
mobile,Phone,Masstel,Vietnamese brands,Masstel x1,,,,,,Unspecified,Not stated,No bundle,,True,https://cellphones.com.vn/masstel-x1.html
mobile,Phone,Masstel,Vietnamese brands,masstel x6,,,,,,Unspecified,Not stated,No bundle,,True,https://cellphones.com.vn/masstel-x6.html
mobile,Phone,Honor,Chinese brands,Honor Magic V,,,,,,Unspecified,Not stated,No bundle,,True,https://cellphones.com.vn/honor-magic-v.html
mobile,Phone,Realme,Chinese brands,realme 10T,,,,,,Unspecified,Not stated,No bundle,,True,https://cellphones.com.vn/realme-10t.html
mobile,Phone,Honor,Chinese brands,Honor 70 Lite,,,,,,Unspecified,Not stated,No bundle,,True,https://cellphones.com.vn/honor-70-lite.html
mobile,Phone,Samsung,Samsung,Samsung Galaxy F13,,,,,,Unspecified,Not stated,No bundle,,True,https://cellphones.com.vn/samsung-galaxy-f13.html
mobile,Phone,Motorola,Other international,Motorola Moto G22,,,,,,Unspecified,Not stated,No bundle,,True,https://cellphones.com.vn/motorola-moto-g22.html
mobile,Phone,Honor,Chinese brands,Honor 80,,,,,,Unspecified,Not stated,No bundle,,True,https://cellphones.com.vn/honor-80.html
mobile,Phone,Tecno,Chinese brands,Tecno Camon 19,,,,,,Unspecified,Not stated,No bundle,,True,https://cellphones.com.vn/tecno-camon-19.html
mobile,Phone,TCL,Chinese brands,TCL 408 4GB 128GB,2390000.0,,,4.0,128.0,4G,Not stated,No bundle,,False,https://cellphones.com.vn/tcl-408-128gb.html
mobile,Phone,Xiaomi,Chinese brands,Xiaomi POCO F9 Ultra 5G 12GB 512GB,,,,12.0,512.0,5G,Not stated,No bundle,,True,https://cellphones.com.vn/dien-thoai-xiaomi-poco-f9-ultra-12gb-512gb.html
mobile,Phone,Samsung,Samsung,Samsung Galaxy A34 5G 8GB 256GB,,,,8.0,256.0,5G,Not stated,No bundle,,True,https://cellphones.com.vn/samsung-galaxy-a34-8gb-256gb.html
mobile,Phone,OPPO,Chinese brands,OPPO F27 Pro Plus,,,,,,Unspecified,Not stated,No bundle,,True,https://cellphones.com.vn/dien-thoai-oppo-f27-pro-plus.html
mobile,Phone,Xiaomi,Chinese brands,Xiaomi 15 5G 12GB 256GB,,,,12.0,256.0,5G,Not stated,No bundle,,True,https://cellphones.com.vn/dien-thoai-xiaomi-15-5g-12gb-256gb.html
mobile,Phone,Tecno,Chinese brands,Tecno Spark 30 5G 6GB-128GB,,,,6.0,128.0,5G,Not stated,No bundle,,True,https://cellphones.com.vn/dien-thoai-tecno-spark-30.html
mobile,Phone,Honor,Chinese brands,Honor X7a,,,,,,Unspecified,Not stated,No bundle,,True,https://cellphones.com.vn/honor-x7a.html
mobile,Phone,Xiaomi,Chinese brands,Xiaomi POCO C55,,,,,,Unspecified,Not stated,No bundle,,True,https://cellphones.com.vn/xiaomi-poco-c55.html
mobile,Phone,Lenovo,Chinese brands,Lenovo ThinkPhone,,,,,,Unspecified,Not stated,No bundle,,True,https://cellphones.com.vn/lenovo-thinkphone.html
mobile,Phone,Vivo,Chinese brands,Vivo X80 Lite,,,,,,Unspecified,Not stated,No bundle,,True,https://cellphones.com.vn/vivo-x80-lite.html
mobile,Phone,Huawei,Chinese brands,Huawei Enjoy 50 Pro,,,,,,Unspecified,Not stated,No bundle,,True,https://cellphones.com.vn/huawei-enjoy-50-pro.html
mobile,Phone,Xiaomi,Chinese brands,Xiaomi Redmi K50S Pro,,,,,,Unspecified,Not stated,No bundle,,True,https://cellphones.com.vn/xiaomi-redmi-k50s.html
mobile,Phone,Masstel,Vietnamese brands,masstel fami 60,,,,,,Unspecified,Not stated,No bundle,,True,https://cellphones.com.vn/masstel-fami-60.html
mobile,Phone,Xiaomi,Chinese brands,Black Shark 5S Pro,,,,,,Unspecified,Not stated,No bundle,,True,https://cellphones.com.vn/xiaomi-black-shark-5s-pro.html
mobile,Phone,Honor,Chinese brands,Honor X40i,,,,,,Unspecified,Not stated,No bundle,,True,https://cellphones.com.vn/honor-x40i.html
mobile,Phone,Honor,Chinese brands,Honor X50i+,,,,,,Unspecified,Not stated,No bundle,,True,https://cellphones.com.vn/honor-x50i-plus.html
mobile,Phone,Vivo,Chinese brands,vivo Y78+,,,,,,Unspecified,Not stated,No bundle,,True,https://cellphones.com.vn/vivo-y78-plus.html
mobile,Phone,Tecno,Chinese brands,TECNO CAMON 20 Premier,,,,,,Unspecified,Not stated,No bundle,,True,https://cellphones.com.vn/tecno-camon-20-premier.html
mobile,Phone,Samsung,Samsung,Samsung Galaxy A14 4G 6GB 128GB,,,,6.0,128.0,4G,Not stated,No bundle,,True,https://cellphones.com.vn/samsung-galaxy-a14-4g-6gb-128gb.html
mobile,Phone,Masstel,Vietnamese brands,Masstel Izi 50 4G,,,,,,4G,Not stated,No bundle,,True,https://cellphones.com.vn/masstel-izi-50-4g.html
mobile,Phone,Tecno,Chinese brands,Tecno Pova Neo 5G,,,,,,5G,Not stated,No bundle,,True,https://cellphones.com.vn/tecno-pova-neo-5g.html
mobile,Phone,Xiaomi,Chinese brands,Redmi Note 11R,,,,,,Unspecified,Not stated,No bundle,,True,https://cellphones.com.vn/redmi-note-11r.html
mobile,Phone,Infinix,Chinese brands,Infinix Hot 20 Play,,,,,,Unspecified,Not stated,No bundle,,True,https://cellphones.com.vn/infinix-hot-20-play.html
mobile,Phone,Honor,Chinese brands,Honor 90 Lite,,,,,,Unspecified,Not stated,No bundle,,True,https://cellphones.com.vn/honor-90-lite.html
mobile,Phone,Huawei,Chinese brands,Huawei Nova Y70 Plus,,,,,,Unspecified,Not stated,No bundle,,True,https://cellphones.com.vn/huawei-nova-y70-plus.html
mobile,Phone,OnePlus,Chinese brands,OnePlus Nord CE 2 Lite 5G,,,,,,5G,Not stated,No bundle,,True,https://cellphones.com.vn/oneplus-nord-ce-2-lite.html
mobile,Phone,Mobell,Vietnamese brands,Mobell M331 4G,,,,,,4G,Not stated,No bundle,,True,https://cellphones.com.vn/mobell-m331-4g.html
mobile,Phone,HTC,Other international,HTC Wildfire E Star,,,,,,Unspecified,Not stated,No bundle,,True,https://cellphones.com.vn/htc-wildfire-e-star.html
mobile,Phone,Samsung,Samsung,Samsung Galaxy A35 5G 8GB-256GB,,,,8.0,256.0,5G,Not stated,No bundle,,True,https://cellphones.com.vn/dien-thoai-samsung-galaxy-a35-5g-8gb-256gb.html
mobile,Phone,Samsung,Samsung,Samsung A26 5G 6GB - 128GB,,,,6.0,128.0,5G,Not stated,No bundle,,True,https://cellphones.com.vn/dien-thoai-samsung-galaxy-a26-6gb-128gb.html
mobile,Phone,Samsung,Samsung,Samsung Galaxy F55 5G,,,,,,5G,Not stated,No bundle,,True,https://cellphones.com.vn/dien-thoai-samsung-galaxy-f55-5g.html
mobile,Phone,Vivo,Chinese brands,vivo Y38 5G,,,,,,5G,Not stated,No bundle,,True,https://cellphones.com.vn/dien-thoai-vivo-y38-5g.html
mobile,Phone,Xiaomi,Chinese brands,Xiaomi Redmi Note 13 Pro 5G,,,,,,5G,Not stated,No bundle,,True,https://cellphones.com.vn/xiaomi-redmi-note-13-pro-4g-77602.html
mobile,Phone,Xiaomi,Chinese brands,Xiaomi 14T 12GB 256GB,,,,12.0,256.0,Unspecified,Not stated,No bundle,,True,https://cellphones.com.vn/xiaomi-14t-12gb-256gb.html
mobile,Phone,Xiaomi,Chinese brands,Xiaomi Redmi 14,,,,,,Unspecified,Not stated,No bundle,,True,https://cellphones.com.vn/dien-thoai-xiaomi-redmi-14.html
mobile,Phone,Tecno,Chinese brands,Tecno Camon 40S,,,,,,Unspecified,Not stated,No bundle,,True,https://cellphones.com.vn/dien-thoai-tecno-camon-40s.html
mobile,Phone,Xiaomi,Chinese brands,POCO M6 Plus 5G,,,,,,5G,Not stated,No bundle,,True,https://cellphones.com.vn/dien-thoai-poco-m6-plus-5g.html
mobile,Phone,OPPO,Chinese brands,OPPO F27 Pro,,,,,,Unspecified,Not stated,No bundle,,True,https://cellphones.com.vn/dien-thoai-oppo-f27-pro.html
mobile,Phone,OPPO,Chinese brands,Oppo Reno8 4G,,,,,,4G,Not stated,No bundle,,True,https://cellphones.com.vn/oppo-reno-8-50226.html
mobile,Phone,Vivo,Chinese brands,Vivo iQOO 9T,,,,,,Unspecified,Not stated,No bundle,,True,https://cellphones.com.vn/vivo-iqoo-9t.html
mobile,Phone,Masstel,Vietnamese brands,Masstel Izi 10,,,,,,Unspecified,Not stated,No bundle,,True,https://cellphones.com.vn/masstel-izi-10.html
mobile,Phone,Samsung,Samsung,Samsung Galaxy F04s,,,,,,Unspecified,Not stated,No bundle,,True,https://cellphones.com.vn/samsung-galaxy-f04s.html
mobile,Phone,Vivo,Chinese brands,Vivo X Fold Plus,,,,,,Unspecified,Not stated,No bundle,,True,https://cellphones.com.vn/vivo-x-fold-plus.html
mobile,Phone,Xiaomi,Chinese brands,Xiaomi Redmi Note 11SE,,,,,,Unspecified,Not stated,No bundle,,True,https://cellphones.com.vn/xiaomi-redmi-note-11se.html
mobile,Phone,Xiaomi,Chinese brands,Redmi 11A,,,,,,Unspecified,Not stated,No bundle,,True,https://cellphones.com.vn/redmi-11a.html
mobile,Phone,Masstel,Vietnamese brands,Masstel Izi 25 4G,,,,,,4G,Not stated,No bundle,,True,https://cellphones.com.vn/masstel-izi-25-4g.html
mobile,Phone,Masstel,Vietnamese brands,masstel izi 20 4g,,,,,,4G,Not stated,No bundle,,True,https://cellphones.com.vn/masstel-izi-20-4g.html
mobile,Phone,Masstel,Vietnamese brands,Masstel Hapi 15,,,,,,Unspecified,Not stated,No bundle,,True,https://cellphones.com.vn/masstel-hapi-15.html
mobile,Phone,Masstel,Vietnamese brands,Masstel Izi 55 4g,,,,,,4G,Not stated,No bundle,,True,https://cellphones.com.vn/masstel-izi-55-4g.html
mobile,Phone,OPPO,Chinese brands,OPPO Reno13F 5G 8GB-256GB,,,,8.0,256.0,5G,Not stated,No bundle,,True,https://cellphones.com.vn/dien-thoai-oppo-reno13f-5g-8gb-256gb.html
mobile,Phone,Nokia,Other international,Nokia T10,,,,,,Unspecified,Not stated,No bundle,,True,https://cellphones.com.vn/nokia-t10.html
mobile,Phone,Honor,Chinese brands,Honor 80 Pro Plus,,,,,,Unspecified,Not stated,No bundle,,True,https://cellphones.com.vn/honor-80-pro-plus.html
mobile,Phone,Realme,Chinese brands,Realme Narzo N53,,,,,,Unspecified,Not stated,No bundle,,True,https://cellphones.com.vn/realme-narzo-n53.html
mobile,Phone,Vivo,Chinese brands,Vivo V29 Pro,,,,,,Unspecified,Not stated,No bundle,,True,https://cellphones.com.vn/vivo-v29-pro.html
mobile,Phone,Google,Other international,Google Pixel 2,,,,,,Unspecified,Not stated,No bundle,,True,https://cellphones.com.vn/google-pixel-2.html
mobile,Phone,HTC,Other international,HTC U11,,,,,,Unspecified,Not stated,No bundle,,True,https://cellphones.com.vn/htc-u11.html
mobile,Phone,Masstel,Vietnamese brands,Masstel Izi 26 4G,,,,,,4G,Not stated,No bundle,,True,https://cellphones.com.vn/masstel-izi-26-4g.html
mobile,Phone,Masstel,Vietnamese brands,Masstel Izi 11,,,,,,Unspecified,Not stated,No bundle,,True,https://cellphones.com.vn/masstel-izi-11.html
mobile,Phone,Masstel,Vietnamese brands,Masstel Hapi 10,,,,,,Unspecified,Not stated,No bundle,,True,https://cellphones.com.vn/masstel-hapi-10.html
mobile,Phone,Masstel,Vietnamese brands,Masstel Tab 8 Pro,,,,,,Unspecified,Not stated,No bundle,,True,https://cellphones.com.vn/masstel-tab-8-pro.html
mobile,Phone,Masstel,Vietnamese brands,Masstel X5,,,,,,Unspecified,Not stated,No bundle,,True,https://cellphones.com.vn/masstel-x5.html
mobile,Phone,Masstel,Vietnamese brands,Masstel Lux 10,,,,,,Unspecified,Not stated,No bundle,,True,https://cellphones.com.vn/masstel-lux-10.html
mobile,Phone,Masstel,Vietnamese brands,masstel izi 12 4g,,,,,,4G,Not stated,No bundle,,True,https://cellphones.com.vn/masstel-izi-12-4g.html
mobile,Phone,Masstel,Vietnamese brands,Masstel Hapi 30,,,,,,Unspecified,Not stated,No bundle,,True,https://cellphones.com.vn/masstel-hapi-30.html
mobile,Phone,Xiaomi,Chinese brands,Xiaomi Redmi A2+,,,,,,Unspecified,Not stated,No bundle,,True,https://cellphones.com.vn/xiaomi-redmi-a2-plus.html
mobile,Phone,OPPO,Chinese brands,OPPO K11x,,,,,,Unspecified,Not stated,No bundle,,True,https://cellphones.com.vn/oppo-k11x.html
mobile,Phone,Vivo,Chinese brands,Vivo Y35 plus,,,,,,Unspecified,Not stated,No bundle,,True,https://cellphones.com.vn/vivo-y35-plus.html
mobile,Phone,Xiaomi,Chinese brands,Xiaomi Redmi Note 13 Pro Plus 4G,,,,,,4G,Not stated,No bundle,,True,https://cellphones.com.vn/xiaomi-redmi-note-13-pro-plus-4g.html
mobile,Phone,OPPO,Chinese brands,OPPO Reno13F 5G 8GB-128GB,,,,8.0,128.0,5G,Not stated,No bundle,,True,https://cellphones.com.vn/dien-thoai-oppo-reno13f-5g-8gb-128gb.html
mobile,Phone,OPPO,Chinese brands,OPPO Find X7 5G 16GB 256GB,,,,16.0,256.0,5G,Not stated,No bundle,,True,https://cellphones.com.vn/oppo-find-x7-256gb.html
mobile,Phone,Vivo,Chinese brands,vivo y12,,,,,,Unspecified,Not stated,No bundle,,True,https://cellphones.com.vn/dien-thoai-vivo-y12.html
mobile,Phone,Vivo,Chinese brands,vivo X Fold2,,,,,,Unspecified,Not stated,No bundle,,True,https://cellphones.com.vn/vivo-x-fold-2.html
mobile,Phone,Nubia,Chinese brands,Nubia Z40S Pro,,,,,,Unspecified,Not stated,No bundle,,True,https://cellphones.com.vn/nubia-z40s-pro.html
mobile,Phone,OPPO,Chinese brands,OPPO A57e,,,,,,Unspecified,Not stated,No bundle,,True,https://cellphones.com.vn/oppo-a57e.html
mobile,Phone,Samsung,Samsung,Samsung Galaxy F34 5G,,,,,,5G,Not stated,No bundle,,True,https://cellphones.com.vn/samsung-galaxy-f34.html
mobile,Phone,Honor,Chinese brands,Honor X6A,,,,,,Unspecified,Not stated,No bundle,,True,https://cellphones.com.vn/honor-x6a.html
mobile,Phone,Xiaomi,Chinese brands,Xiaomi Redmi 13 6GB 128GB - Đã Kích Hoạt,2490000.0,3990000.0,38.0,6.0,128.0,Unspecified,Not stated,No bundle,,False,https://cellphones.com.vn/dien-thoai-xiaomi-redmi-13-6gb-128gb-cu-da-kich-hoat.html
mobile,Phone,Xiaomi,Chinese brands,Xiaomi Redmi Note 9 Pro,5750000.0,6490000.0,11.0,,,Unspecified,Not stated,No bundle,,False,https://cellphones.com.vn/xiaomi-redmi-note-9-pro.html
mobile,Phone,Sharp,Other international,Sharp Rouvo V,,,,,,Unspecified,Not stated,No bundle,,True,https://cellphones.com.vn/sharp-rouvo-v.html
mobile,Phone,HTC,Other international,HTC U23 Pro,,,,,,Unspecified,Not stated,No bundle,,True,https://cellphones.com.vn/htc-u23-pro.html
mobile,Phone,HTC,Other international,HTC A102,,,,,,Unspecified,Not stated,No bundle,,True,https://cellphones.com.vn/htc-a102.html
mobile,Phone,Xiaomi,Chinese brands,Xiaomi Redmi A7 Pro 4GB 64GB,,,,4.0,64.0,4G,Not stated,No bundle,,True,https://cellphones.com.vn/dien-thoai-xiaomi-redmi-a7-pro-4gb-64gb.html
mobile,Phone,Honor,Chinese brands,HONOR Magic 7 Pro,,,,,,Unspecified,Not stated,No bundle,,True,https://cellphones.com.vn/dien-thoai-honor-magic-7-pro.html
mobile,Phone,Honor,Chinese brands,Honor X9C 5G 12GB 256GB,,,,12.0,256.0,5G,Not stated,No bundle,,True,https://cellphones.com.vn/dien-thoai-honor-x9c-5g-12gb-256gb.html
mobile,Phone,Vivo,Chinese brands,vivo V40 Lite,,,,,,Unspecified,Not stated,No bundle,,True,https://cellphones.com.vn/dien-thoai-vivo-v40-lite.html
mobile,Phone,Samsung,Samsung,Samsung A56 5G 8GB - 256GB,,,,8.0,256.0,5G,Not stated,No bundle,,True,https://cellphones.com.vn/dien-thoai-samsung-galaxy-a56-8gb-256gb.html
mobile,Phone,Xiaomi,Chinese brands,Xiaomi Redmi Note 13 8GB 256GB,,,,8.0,256.0,Unspecified,Not stated,No bundle,,True,https://cellphones.com.vn/dien-thoai-xiaomi-redmi-note-13-8gb-256.html
mobile,Phone,Xiaomi,Chinese brands,Xiaomi 14T Pro 12GB 512GB,,,,12.0,512.0,Unspecified,Not stated,No bundle,,True,https://cellphones.com.vn/xiaomi-14t-pro-12gb-512gb.html
mobile,Phone,Xiaomi,Chinese brands,Xiaomi 14T 12GB 512GB,,,,12.0,512.0,Unspecified,Not stated,No bundle,,True,https://cellphones.com.vn/xiaomi-14t-12gb-512gb.html
mobile,Phone,Xiaomi,Chinese brands,Xiaomi 14 Lite 12GB 256GB,,,,12.0,256.0,Unspecified,Not stated,No bundle,,True,https://cellphones.com.vn/xiaomii-14-lite-12gb-256gb.html
mobile,Phone,Xiaomi,Chinese brands,Xiaomi 14 Ultra 8GB 256GB,,,,8.0,256.0,Unspecified,Not stated,No bundle,,True,https://cellphones.com.vn/xiaomi-14-ultra-8gb-256gb.html
mobile,Phone,Samsung,Samsung,Samsung Galaxy Fold5,,,,,,Unspecified,Not stated,No bundle,,True,https://cellphones.com.vn/samsung-galaxy-z-fold-5-512gb-63940.html
mobile,Phone,OPPO,Chinese brands,OPPO F23 5G,,,,,,5G,Not stated,No bundle,,True,https://cellphones.com.vn/oppo-f23-5g.html
mobile,Phone,Vivo,Chinese brands,Vivo V29 Lite 5G,,,,,,5G,Not stated,No bundle,,True,https://cellphones.com.vn/vivo-v29-lite-5g.html
mobile,Phone,Vivo,Chinese brands,Vivo S17t,,,,,,Unspecified,Not stated,No bundle,,True,https://cellphones.com.vn/vivo-s17t.html
mobile,Phone,ASUS,Other international,ASUS ROG Phone 8,,,,,,Unspecified,Not stated,No bundle,,True,https://cellphones.com.vn/asus-rog-phone-8.html
mobile,Phone,Apple,Apple,iPhone 15 Pro Max 2TB | Chính hãng VN/A,,,,,2048.0,Unspecified,Official,No bundle,,True,https://cellphones.com.vn/iphone-15-pro-max-2tb-68865.html
mobile,Phone,Realme,Chinese brands,realme GT 5 Pro SE,,,,,,Unspecified,Not stated,No bundle,,True,https://cellphones.com.vn/realme-gt-5-pro-se.html
mobile,Phone,Masstel,Vietnamese brands,Masstel X9,,,,,,Unspecified,Not stated,No bundle,,True,https://cellphones.com.vn/masstel-x9.html
mobile,Phone,Xiaomi,Chinese brands,Xiaomi Redmi 11 Prime 4G,,,,,,4G,Not stated,No bundle,,True,https://cellphones.com.vn/xiaomi-redmi-11-prime-4g.html
mobile,Phone,Vivo,Chinese brands,vivo iQOO Z6x,,,,,,Unspecified,Not stated,No bundle,,True,https://cellphones.com.vn/vivo-iqoo-z6x.html
mobile,Phone,ASUS,Other international,ROG Phone 6 Pro,,,,,,Unspecified,Not stated,No bundle,,True,https://cellphones.com.vn/asus-rog-phone-6-pro.html
mobile,Phone,OPPO,Chinese brands,Oppo A77 5G,,,,,,5G,Not stated,No bundle,,True,https://cellphones.com.vn/oppo-a77.html
mobile,Phone,Nokia,Other international,Nokia C02,,,,,,Unspecified,Not stated,No bundle,,True,https://cellphones.com.vn/nokia-c02.html
mobile,Phone,OPPO,Chinese brands,OPPO Reno9 Lite,,,,,,Unspecified,Not stated,No bundle,,True,https://cellphones.com.vn/oppo-reno9-lite.html
mobile,Phone,Motorola,Other international,Motorola Rizr Rollable,,,,,,Unspecified,Not stated,No bundle,,True,https://cellphones.com.vn/motorola-rizr-rollable.html
mobile,Phone,Honor,Chinese brands,Honor Play 7T,,,,,,Unspecified,Not stated,No bundle,,True,https://cellphones.com.vn/honor-play-7t.html
mobile,Phone,Realme,Chinese brands,Realme Narzo N55,,,,,,Unspecified,Not stated,No bundle,,True,https://cellphones.com.vn/realme-narzo-n55.html
mobile,Phone,Xiaomi,Chinese brands,Xiaomi Redmi Note 11T 5G,,,,,,5G,Not stated,No bundle,,True,https://cellphones.com.vn/xiaomi-redmi-note-11t.html
mobile,Phone,Vivo,Chinese brands,Vivo Y74s,,,,,,Unspecified,Not stated,No bundle,,True,https://cellphones.com.vn/vivo-y74s.html
mobile,Phone,Honor,Chinese brands,Honor X8 5G,,,,,,5G,Not stated,No bundle,,True,https://cellphones.com.vn/honor-x8.html
mobile,Phone,OnePlus,Chinese brands,OnePlus Ace Pro,,,,,,Unspecified,Not stated,No bundle,,True,https://cellphones.com.vn/oneplus-ace-pro.html
mobile,Phone,Xiaomi,Chinese brands,Xiaomi 12S Ultra,,,,,,Unspecified,Not stated,No bundle,,True,https://cellphones.com.vn/xiaomi-12s-ultra.html
mobile,Phone,OPPO,Chinese brands,OPPO A16e,,,,,,Unspecified,Not stated,No bundle,,True,https://cellphones.com.vn/oppo-a16e.html
mobile,Phone,Huawei,Chinese brands,Huawei Nova 9 SE,,,,,,Unspecified,Not stated,No bundle,,True,https://cellphones.com.vn/huawei-nova-9-se.html
mobile,Phone,Apple,Apple,Apple iPhone 5S 16GB,,,,16.0,,Unspecified,Not stated,No bundle,,True,https://cellphones.com.vn/iphone-5s-16-gb.html
mobile,Phone,Samsung,Samsung,Samsung Galaxy A23 6GB 128GB,,,,6.0,128.0,Unspecified,Not stated,No bundle,,True,https://cellphones.com.vn/samsung-galaxy-a23-6gb.html
mobile,Phone,Samsung,Samsung,Samsung Galaxy A13 6GB 128GB,,,,6.0,128.0,Unspecified,Not stated,No bundle,,True,https://cellphones.com.vn/samsung-galaxy-a13-6gb.html
mobile,Phone,OPPO,Chinese brands,OPPO K9x,,,,,,Unspecified,Not stated,No bundle,,True,https://cellphones.com.vn/oppo-k9x.html
mobile,Phone,Realme,Chinese brands,Realme GT 2,,,,,,Unspecified,Not stated,No bundle,,True,https://cellphones.com.vn/realme-gt-2.html
mobile,Phone,Realme,Chinese brands,Realme Narzo 9i,,,,,,Unspecified,Not stated,No bundle,,True,https://cellphones.com.vn/realme-narzo-9i.html
mobile,Phone,Vivo,Chinese brands,Vivo Y21T,,,,,,Unspecified,Not stated,No bundle,,True,https://cellphones.com.vn/vivo-y21t.html
mobile,Phone,OnePlus,Chinese brands,OnePlus Nord 2 CE,,,,,,Unspecified,Not stated,No bundle,,True,https://cellphones.com.vn/oneplus-nord-2-ce.html
mobile,Phone,OPPO,Chinese brands,Oppo K9s,,,,,,Unspecified,Not stated,No bundle,,True,https://cellphones.com.vn/oppo-k9s.html
mobile,Phone,OnePlus,Chinese brands,OnePlus 10 Ultra,,,,,,Unspecified,Not stated,No bundle,,True,https://cellphones.com.vn/oneplus-10-ultra.html
mobile,Phone,Samsung,Samsung,Samsung Galaxy M23,,,,,,Unspecified,Not stated,No bundle,,True,https://cellphones.com.vn/samsung-galaxy-m23.html
mobile,Phone,Masstel,Vietnamese brands,Masstel Izi 55,,,,,,Unspecified,Not stated,No bundle,,True,https://cellphones.com.vn/masstel-izi-55.html
mobile,Phone,Masstel,Vietnamese brands,Masstel Izi 20,,,,,,Unspecified,Not stated,No bundle,,True,https://cellphones.com.vn/masstel-izi-20.html
mobile,Phone,Vivo,Chinese brands,Vivo T2 5G,,,,,,5G,Not stated,No bundle,,True,https://cellphones.com.vn/vivo-t2.html
mobile,Phone,Vivo,Chinese brands,Vivo Y73t,,,,,,Unspecified,Not stated,No bundle,,True,https://cellphones.com.vn/vivo-y73t.html
mobile,Phone,Xiaomi,Chinese brands,Xiaomi 12X,,,,,,Unspecified,Not stated,No bundle,,True,https://cellphones.com.vn/xiaomi-12x.html
mobile,Phone,Xiaomi,Chinese brands,Xiaomi F9S,,,,,,Unspecified,Not stated,No bundle,,True,https://cellphones.com.vn/xiaomi-f9-lite.html
mobile,Phone,Xiaomi,Chinese brands,Xiaomi Redmi 9 Activ,,,,,,Unspecified,Not stated,No bundle,,True,https://cellphones.com.vn/xiaomi-redmi-9-activ.html
mobile,Phone,Xiaomi,Chinese brands,Xiaomi Civi,,,,,,Unspecified,Not stated,No bundle,,True,https://cellphones.com.vn/xiaomi-civi.html
mobile,Phone,Xiaomi,Chinese brands,Xiaomi 12 Ultra,,,,,,Unspecified,Not stated,No bundle,,True,https://cellphones.com.vn/xiaomi-mi-12-ultra.html
mobile,Phone,OPPO,Chinese brands,Oppo F17 Pro,,,,,,Unspecified,Not stated,No bundle,,True,https://cellphones.com.vn/oppo-f17-pro.html
mobile,Phone,OPPO,Chinese brands,Oppo F17,,,,,,Unspecified,Not stated,No bundle,,True,https://cellphones.com.vn/oppo-f17.html
mobile,Phone,Huawei,Chinese brands,Huawei Enjoy 20 Plus,,,,,,Unspecified,Not stated,No bundle,,True,https://cellphones.com.vn/huawei-enjoy-20-plus.html
mobile,Phone,Huawei,Chinese brands,Huawei Enjoy 20,,,,,,Unspecified,Not stated,No bundle,,True,https://cellphones.com.vn/huawei-enjoy-20.html
mobile,Phone,Realme,Chinese brands,Realme X3 Pro,,,,,,Unspecified,Not stated,No bundle,,True,https://cellphones.com.vn/realme-x3-pro.html
mobile,Phone,Huawei,Chinese brands,Huawei Nova 7 SE,,,,,,Unspecified,Not stated,No bundle,,True,https://cellphones.com.vn/huawei-nova-7-se.html
mobile,Phone,OPPO,Chinese brands,Oppo A32,,,,,,Unspecified,Not stated,No bundle,,True,https://cellphones.com.vn/oppo-a32.html
mobile,Phone,OPPO,Chinese brands,Oppo A52,4990000.0,5990000.0,17.0,,,Unspecified,Not stated,No bundle,,False,https://cellphones.com.vn/oppo-a52.html
mobile,Phone,Xiaomi,Chinese brands,Xiaomi Mi MIX Fold,,,,,,Unspecified,Not stated,No bundle,,True,https://cellphones.com.vn/xiaomi-mi-mix-fold.html
mobile,Phone,Realme,Chinese brands,Realme V13,,,,,,Unspecified,Not stated,No bundle,,True,https://cellphones.com.vn/realme-v13.html
mobile,Phone,Vivo,Chinese brands,Vivo X60 Pro+,,,,,,Unspecified,Not stated,No bundle,,True,https://cellphones.com.vn/vivo-x60-pro-plus.html
mobile,Phone,Vsmart,Vietnamese brands,Vsmart Live 6GB,3790000.0,,,6.0,,Unspecified,Not stated,No bundle,,False,https://cellphones.com.vn/vsmart-live-ram-6gb.html
mobile,Phone,Huawei,Chinese brands,Huawei Y6S 2019,,,,,,Unspecified,Not stated,No bundle,2019.0,True,https://cellphones.com.vn/huawei-y6-s-2019.html
mobile,Phone,Huawei,Chinese brands,Huawei P30 Lite,7490000.0,,,,,Unspecified,Not stated,No bundle,,False,https://cellphones.com.vn/huawei-p30-lite-1.html
mobile,Phone,Huawei,Chinese brands,Huawei P30 Pro,23990000.0,,,,,Unspecified,Not stated,No bundle,,False,https://cellphones.com.vn/huawei-p30-pro-1.html
mobile,Phone,Huawei,Chinese brands,Huawei P30,17990000.0,,,,,Unspecified,Not stated,No bundle,,False,https://cellphones.com.vn/huawei-p30-1.html
mobile,Phone,Motorola,Other international,Motorola Moto E13,,,,,,Unspecified,Not stated,No bundle,,True,https://cellphones.com.vn/motorola-moto-e13.html
mobile,Phone,Bphone,Vietnamese brands,Bphone B86s,,,,,,Unspecified,Not stated,No bundle,,True,https://cellphones.com.vn/bphone-b86s.html
mobile,Phone,Realme,Chinese brands,Realme Note 9 Prime,,,,,,Unspecified,Not stated,No bundle,,True,https://cellphones.com.vn/realme-note-9-prime.html
mobile,Phone,OPPO,Chinese brands,Oppo K9 Pro,,,,,,Unspecified,Not stated,No bundle,,True,https://cellphones.com.vn/oppo-k9-pro.html
mobile,Phone,Realme,Chinese brands,Realme GT Neo 2,,,,,,Unspecified,Not stated,No bundle,,True,https://cellphones.com.vn/realme-gt-neo-2.html
mobile,Phone,OPPO,Chinese brands,Oppo F19s,,,,,,Unspecified,Not stated,No bundle,,True,https://cellphones.com.vn/oppo-f19s.html
mobile,Phone,Realme,Chinese brands,Realme Narzo 50i,,,,,,Unspecified,Not stated,No bundle,,True,https://cellphones.com.vn/realme-narzo-50i.html
mobile,Phone,Mobell,Vietnamese brands,Mobell F209 4G,,,,,,4G,Not stated,No bundle,,True,https://cellphones.com.vn/mobell-f209-4g.html
mobile,Phone,Xiaomi,Chinese brands,Xiaomi Poco F7 Ultra,,,,,,Unspecified,Not stated,No bundle,,True,https://cellphones.com.vn/dien-thoai-xiaomi-poco-f7-ultra.html
mobile,Phone,Tecno,Chinese brands,TECNO POP 20C,,,,,,Unspecified,Not stated,No bundle,,True,https://cellphones.com.vn/dien-thoai-tecno-pop-20c.html
mobile,Phone,Tecno,Chinese brands,TECNO Spark 50S 5G,,,,,,5G,Not stated,No bundle,,True,https://cellphones.com.vn/dien-thoai-tecno-spark-50s-5g.html
mobile,Phone,Samsung,Samsung,Samsung Galaxy A57 12GB 256GB,,,,12.0,256.0,Unspecified,Not stated,No bundle,,True,https://cellphones.com.vn/dien-thoai-samsung-galaxy-a57-12gb-256gb.html
mobile,Phone,Samsung,Samsung,Samsung Galaxy A57 8GB 256GB,,,,8.0,256.0,Unspecified,Not stated,No bundle,,True,https://cellphones.com.vn/dien-thoai-samsung-galaxy-a57-8gb-256gb.html
mobile,Phone,Samsung,Samsung,Samsung Galaxy M35 5G 8GB 256GB,8490000.0,,,8.0,256.0,5G,Not stated,No bundle,,False,https://cellphones.com.vn/dien-thoai-samsung-galaxy-m35.html
mobile,Phone,Samsung,Samsung,Samsung Galaxy A50s,6990000.0,,,,,Unspecified,Not stated,No bundle,,False,https://cellphones.com.vn/samsung-galaxy-a50s.html
mobile,Phone,Samsung,Samsung,Samsung Galaxy M21s,,,,,,Unspecified,Not stated,No bundle,,True,https://cellphones.com.vn/samsung-galaxy-m21s.html
mobile,Phone,Xiaomi,Chinese brands,Xiaomi 18 Fold,,,,,,Unspecified,Not stated,No bundle,,True,https://cellphones.com.vn/dien-thoai-xiaomi-18-fold.html
mobile,Phone,Tecno,Chinese brands,Camon Slim 4G 8GB 256GB,,,,8.0,256.0,4G,Not stated,No bundle,,True,https://cellphones.com.vn/dien-thoai-tecno-camon-slim-4g-8gb-256gb.html
mobile,Phone,Xiaomi,Chinese brands,Xiaomi Redmi 13X,,,,,,Unspecified,Not stated,No bundle,,True,https://cellphones.com.vn/dien-thoai-xiaomi-redmi-13x.html
mobile,Phone,Infinix,Chinese brands,Infinix Smart 9 3GB 64GB,,,,3.0,64.0,4G,Not stated,No bundle,,True,https://cellphones.com.vn/dien-thoai-infinix-smart-9.html
mobile,Phone,Nothing,Other international,Nothing Phone 3,,,,,,Unspecified,Not stated,No bundle,,True,https://cellphones.com.vn/dien-thoai-nothing-phone-3.html
mobile,Phone,OPPO,Chinese brands,OPPO Find X8 mini,,,,,,Unspecified,Not stated,No bundle,,True,https://cellphones.com.vn/dien-thoai-oppo-find-x8-mini.html
mobile,Phone,Honor,Chinese brands,Honor Power,,,,,,Unspecified,Not stated,No bundle,,True,https://cellphones.com.vn/dien-thoai-honor-power.html
mobile,Phone,Xiaomi,Chinese brands,Xiaomi 14 Ultra 12GB 256GB,,,,12.0,256.0,Unspecified,Not stated,No bundle,,True,https://cellphones.com.vn/xiaomi-14-ultra-12gb-256gb.html
mobile,Phone,Xiaomi,Chinese brands,Xiaomi 14 Pro 8GB 256GB,,,,8.0,256.0,Unspecified,Not stated,No bundle,,True,https://cellphones.com.vn/xiaomi-14-pro-8gb-256gb.html
mobile,Phone,Xiaomi,Chinese brands,Xiaomi 14 12GB 512GB,,,,12.0,512.0,Unspecified,Not stated,No bundle,,True,https://cellphones.com.vn/xiaomi-14-12gb-512gb.html
mobile,Phone,OnePlus,Chinese brands,OnePlus 10R,,,,,,Unspecified,Not stated,No bundle,,True,https://cellphones.com.vn/oneplus-10r.html
mobile,Phone,Samsung,Samsung,Samsung Galaxy M53 5G,,,,,,5G,Not stated,No bundle,,True,https://cellphones.com.vn/samsung-galaxy-m53.html
mobile,Phone,OnePlus,Chinese brands,OnePlus 10,,,,,,Unspecified,Not stated,No bundle,,True,https://cellphones.com.vn/oneplus-10.html
mobile,Phone,Xiaomi,Chinese brands,Xiaomi Poco C40,,,,,,Unspecified,Not stated,No bundle,,True,https://cellphones.com.vn/xiaomi-poco-c40.html
mobile,Phone,Vivo,Chinese brands,Vivo S15 Pro,,,,,,Unspecified,Not stated,No bundle,,True,https://cellphones.com.vn/vivo-s15-pro.html
mobile,Phone,OPPO,Chinese brands,OPPO Find X7 Ultra 16GB 256GB,,,,16.0,256.0,Unspecified,Not stated,No bundle,,True,https://cellphones.com.vn/oppo-find-x7-ultra-16gb.html
mobile,Phone,Samsung,Samsung,Điện thoại Samsung Galaxy Z Fold mới,,,,,,Unspecified,Not stated,No bundle,,True,https://cellphones.com.vn/dien-thoai-samsung-galaxy-z-fold-moi.html
mobile,Phone,Vivo,Chinese brands,Vivo Y11 4G,,,,,,4G,Not stated,No bundle,,True,https://cellphones.com.vn/vivo-y11-4g.html
mobile,Phone,Honor,Chinese brands,Honor 90 512GB,,,,,512.0,Unspecified,Not stated,No bundle,,True,https://cellphones.com.vn/honor-90-512gb.html
mobile,Phone,Vivo,Chinese brands,vivo X100 Ultra,,,,,,Unspecified,Not stated,No bundle,,True,https://cellphones.com.vn/dien-thoai-vivo-x100-ultra.html
mobile,Phone,OPPO,Chinese brands,OPPO Reno12 FS 5G,,,,,,5G,Not stated,No bundle,,True,https://cellphones.com.vn/dien-thoai-oppo-reno12-fs-5g.html
mobile,Phone,Vivo,Chinese brands,vivo Y36t,,,,,,Unspecified,Not stated,No bundle,,True,https://cellphones.com.vn/dien-thoai-vivo-y36t.html
mobile,Phone,OnePlus,Chinese brands,OnePlus 11 Pro,,,,,,Unspecified,Not stated,No bundle,,True,https://cellphones.com.vn/oneplus-11-pro.html
mobile,Phone,Nokia,Other international,Nokia X21 5G,,,,,,5G,Not stated,No bundle,,True,https://cellphones.com.vn/nokia-x21.html
mobile,Phone,Realme,Chinese brands,Realme C30,,,,,,Unspecified,Not stated,No bundle,,True,https://cellphones.com.vn/realme-c30.html
mobile,Phone,Xiaomi,Chinese brands,Xiaomi Redmi K50 Ultra,,,,,,Unspecified,Not stated,No bundle,,True,https://cellphones.com.vn/xiaomi-redmi-k50-ultra.html
mobile,Phone,Vivo,Chinese brands,Vivo T2x,,,,,,Unspecified,Not stated,No bundle,,True,https://cellphones.com.vn/vivo-t2x.html
mobile,Phone,Vivo,Chinese brands,Vivo Y33e,,,,,,Unspecified,Not stated,No bundle,,True,https://cellphones.com.vn/vivo-y33e.html
mobile,Phone,Nubia,Chinese brands,Nubia Red Magic 7S,,,,,,Unspecified,Not stated,No bundle,,True,https://cellphones.com.vn/nubia-red-magic-7s.html
mobile,Phone,Tecno,Chinese brands,Tecno Spark 8P,,,,,,Unspecified,Not stated,No bundle,,True,https://cellphones.com.vn/tecno-spark-8p.html
mobile,Phone,Nubia,Chinese brands,Nubia Red Magic 7 Pro,,,,,,Unspecified,Not stated,No bundle,,True,https://cellphones.com.vn/nubia-red-magic-7-pro.html
mobile,Phone,Vivo,Chinese brands,Vivo Y75s,,,,,,Unspecified,Not stated,No bundle,,True,https://cellphones.com.vn/vivo-y75s.html
mobile,Phone,Xiaomi,Chinese brands,Xiaomi 11i HyperCharge,,,,,,Unspecified,Not stated,No bundle,,True,https://cellphones.com.vn/xiaomi-11i-hypercharge.html
mobile,Phone,Xiaomi,Chinese brands,Xiaomi Mi 11X,,,,,,Unspecified,Not stated,No bundle,,True,https://cellphones.com.vn/xiaomi-mi-11x.html
mobile,Phone,Vivo,Chinese brands,Vivo Y77T,,,,,,Unspecified,Not stated,No bundle,,True,https://cellphones.com.vn/vivo-y77t.html
mobile,Phone,Vivo,Chinese brands,Vivo Y100A,,,,,,Unspecified,Not stated,No bundle,,True,https://cellphones.com.vn/vivo-y100a.html
mobile,Phone,Masstel,Vietnamese brands,masstel izi 300,,,,,,Unspecified,Not stated,No bundle,,True,https://cellphones.com.vn/masstel-izi-300.html
mobile,Phone,OPPO,Chinese brands,Oppo Reno4 SE,,,,,,Unspecified,Not stated,No bundle,,True,https://cellphones.com.vn/oppo-reno-4-se.html
mobile,Phone,Realme,Chinese brands,Realme V3,,,,,,Unspecified,Not stated,No bundle,,True,https://cellphones.com.vn/realme-v3.html
mobile,Phone,Xiaomi,Chinese brands,Xiaomi Mi 10T Lite,,,,,,Unspecified,Not stated,No bundle,,True,https://cellphones.com.vn/xiaomi-mi-10t-lite.html
mobile,Phone,Realme,Chinese brands,Realme X7 Pro,,,,,,Unspecified,Not stated,No bundle,,True,https://cellphones.com.vn/realme-x7-pro.html
mobile,Phone,Huawei,Chinese brands,Huawei Mate X2,,,,,,Unspecified,Not stated,No bundle,,True,https://cellphones.com.vn/huawei-mate-x2.html
mobile,Phone,Samsung,Samsung,Samsung Galaxy M31s,,,,,,Unspecified,Not stated,No bundle,,True,https://cellphones.com.vn/samsung-galaxy-m31s.html
mobile,Phone,Samsung,Samsung,Samsung Galaxy M51,,,,,,Unspecified,Not stated,No bundle,,True,https://cellphones.com.vn/samsung-galaxy-m51.html
mobile,Phone,Huawei,Chinese brands,Huawei Enjoy 20 Pro,,,,,,Unspecified,Not stated,No bundle,,True,https://cellphones.com.vn/huawei-enjoy-20-pro.html
mobile,Phone,Vivo,Chinese brands,vivo S15,,,,,,Unspecified,Not stated,No bundle,,True,https://cellphones.com.vn/vivo-s15.html
mobile,Phone,Xiaomi,Chinese brands,Redmi A1+,,,,,,Unspecified,Not stated,No bundle,,True,https://cellphones.com.vn/redmi-a1-plus.html
mobile,Phone,Realme,Chinese brands,Realme 10 8GB 256GB,,,,8.0,256.0,Unspecified,Not stated,No bundle,,True,https://cellphones.com.vn/realme-10-8gb-256gb.html
mobile,Phone,Vivo,Chinese brands,Vivo Y10,,,,,,Unspecified,Not stated,No bundle,,True,https://cellphones.com.vn/vivo-y10.html
mobile,Phone,Vivo,Chinese brands,Vivo Y21e,,,,,,Unspecified,Not stated,No bundle,,True,https://cellphones.com.vn/vivo-y21e.html
mobile,Phone,Nokia,Other international,Nokia G400,,,,,,Unspecified,Not stated,No bundle,,True,https://cellphones.com.vn/nokia-g400.html
mobile,Phone,Vivo,Chinese brands,Vivo Y1s,,,,,,Unspecified,Not stated,No bundle,,True,https://cellphones.com.vn/vivo-y1s.html
mobile,Phone,Masstel,Vietnamese brands,masstel izi 230,,,,,,Unspecified,Not stated,No bundle,,True,https://cellphones.com.vn/masstel-izi-230.html
mobile,Phone,Xiaomi,Chinese brands,Xiaomi Redmi 10 Prime,,,,,,Unspecified,Not stated,No bundle,,True,https://cellphones.com.vn/xiaomi-redmi-10-prime.html
mobile,Phone,OnePlus,Chinese brands,OnePlus Ace,,,,,,Unspecified,Not stated,No bundle,,True,https://cellphones.com.vn/oneplus-ace.html
mobile,Phone,Xiaomi,Chinese brands,Xiaomi Redmi Note 10 JE,,,,,,Unspecified,Not stated,No bundle,,True,https://cellphones.com.vn/xiaomi-redmi-note-10-je.html
mobile,Phone,OPPO,Chinese brands,Oppo Reno5 Lite,,,,,,Unspecified,Not stated,No bundle,,True,https://cellphones.com.vn/oppo-reno-5-lite.html
mobile,Phone,Huawei,Chinese brands,Huawei P50 Pro+,,,,,,Unspecified,Not stated,No bundle,,True,https://cellphones.com.vn/huawei-p50-pro-plus.html
mobile,Phone,Samsung,Samsung,Samsung Galaxy M42,,,,,,Unspecified,Not stated,No bundle,,True,https://cellphones.com.vn/samsung-galaxy-m42.html
mobile,Phone,Vsmart,Vietnamese brands,Vsmart Joy 2 Plus 2GB,1990000.0,,,2.0,,Unspecified,Not stated,No bundle,,False,https://cellphones.com.vn/vsmart-joy-2-plus-ram-2gb.html
mobile,Phone,ASUS,Other international,ASUS ZenFone Max Pro M2 3GB,5290000.0,,,3.0,,Unspecified,Not stated,No bundle,,False,https://cellphones.com.vn/asus-zenfone-max-pro-m2-3-gb-ram-chinh-hang.html
mobile,Phone,OPPO,Chinese brands,Oppo A31,4190000.0,,,,,Unspecified,Not stated,No bundle,,False,https://cellphones.com.vn/oppo-a31-2020.html
mobile,Phone,OPPO,Chinese brands,Oppo A92,5740000.0,6490000.0,12.0,,,Unspecified,Not stated,No bundle,,False,https://cellphones.com.vn/oppo-a92.html
mobile,Phone,Vsmart,Vietnamese brands,Vsmart Joy 3 2GB,2090000.0,2290000.0,9.0,2.0,,Unspecified,Not stated,No bundle,,False,https://cellphones.com.vn/vsmart-joy-3.html
mobile,Phone,OPPO,Chinese brands,Oppo F11 Pro 128GB,8490000.0,,,,128.0,Unspecified,Not stated,No bundle,,False,https://cellphones.com.vn/oppo-f11-pro-128-gb.html
mobile,Phone,Bphone,Vietnamese brands,Bphone B40,,,,,,Unspecified,Not stated,No bundle,,True,https://cellphones.com.vn/bphone-4.html
mobile,Phone,Nokia,Other international,Nokia 7.2,6190000.0,,,,,Unspecified,Not stated,No bundle,,False,https://cellphones.com.vn/nokia-72.html
mobile,Phone,Nokia,Other international,Nokia 3.2,3290000.0,,,,,Unspecified,Not stated,No bundle,,False,https://cellphones.com.vn/dien-thoai-nokia-32.html
mobile,Phone,Samsung,Samsung,Samsung Galaxy S 2019,20990000.0,,,,,Unspecified,Not stated,No bundle,2019.0,False,https://cellphones.com.vn/samsung-galaxy-s-2019.html
mobile,Phone,Honor,Chinese brands,HONOR X7e 8GB 128GB,,,,8.0,128.0,Unspecified,Not stated,No bundle,,True,https://cellphones.com.vn/dien-thoai-honor-x7e.html
mobile,Phone,Google,Other international,Google Pixel 8A,,,,,,Unspecified,Not stated,No bundle,,True,https://cellphones.com.vn/dien-thoai-google-pixel-8a.html
mobile,Phone,Google,Other international,Google Pixel 3,,,,,,Unspecified,Not stated,No bundle,,True,https://cellphones.com.vn/google-pixel-3.html
mobile,Phone,Google,Other international,Google Pixel 2 XL,,,,,,Unspecified,Not stated,No bundle,,True,https://cellphones.com.vn/google-pixel-2-xl.html
mobile,Phone,Mobell,Vietnamese brands,Mobell M139 4G,,,,,,4G,Not stated,No bundle,,True,https://cellphones.com.vn/mobell-m139-4g.html
mobile,Phone,Xiaomi,Chinese brands,Xiaomi Redmi 11,,,,,,Unspecified,Not stated,No bundle,,True,https://cellphones.com.vn/xiaomi-redmi-11.html
mobile,Phone,Realme,Chinese brands,realme C65 8GB 128GB,4430000.0,,,8.0,128.0,Unspecified,Not stated,No bundle,,False,https://cellphones.com.vn/dien-thoai-realme-c65-8gb-128gb.html
mobile,Phone,Samsung,Samsung,Samsung Galaxy XCover6 Pro,,,,,,Unspecified,Not stated,No bundle,,True,https://cellphones.com.vn/samsung-galaxy-xcover6-pro.html
mobile,Phone,Samsung,Samsung,Samsung Galaxy A37 6GB 128GB,,,,6.0,128.0,Unspecified,Not stated,No bundle,,True,https://cellphones.com.vn/dien-thoai-samsung-galaxy-a37-6gb-128gb.html
mobile,Phone,Samsung,Samsung,Samsung Galaxy A37 8GB 256GB,,,,8.0,256.0,Unspecified,Not stated,No bundle,,True,https://cellphones.com.vn/dien-thoai-samsung-galaxy-a37-8gb-256gb.html
mobile,Phone,Samsung,Samsung,Samsung Galaxy A70,9290000.0,,,,,Unspecified,Not stated,No bundle,,False,https://cellphones.com.vn/samsung-galaxy-a70.html
mobile,Phone,Samsung,Samsung,Samsung Galaxy S8 Chính hãng,15990000.0,,,,,Unspecified,Official,No bundle,,False,https://cellphones.com.vn/galaxy-s8-cty.html
tablet,Tablet,Apple,Apple,iPad A16 Wifi 128GB 2025 | Chính hãng Apple Việt Nam,11890000.0,12790000.0,7.0,,128.0,Wifi,Official,No bundle,2025.0,False,https://cellphones.com.vn/ipad-a16-11-inch.html
tablet,Tablet,Samsung,Samsung,Samsung Galaxy Tab S11 Wifi 12GB 128GB,19150000.0,22490000.0,15.0,12.0,128.0,Wifi,Not stated,No bundle,,False,https://cellphones.com.vn/may-tinh-bang-samsung-galaxy-tab-s11-wifi.html
tablet,Tablet,Lenovo,Chinese brands,"Lenovo Idea Tab Pro Gen 2 Matte Edition 8GB 256GB ZAHD0452VN - Kèm bút, bàn phím",16190000.0,16990000.0,5.0,8.0,256.0,Unspecified,Not stated,Bundle,,False,https://cellphones.com.vn/may-tinh-bang-lenovo-idea-tab-pro-gen-2-zahd0452vn-kem-but-ban-phim.html
tablet,Tablet,Samsung,Samsung,Samsung Galaxy Tab S10 FE Wifi 12GB 256GB,13500000.0,16690000.0,19.0,12.0,256.0,Wifi,Not stated,No bundle,,False,https://cellphones.com.vn/may-tinh-bang-samsung-galaxy-tab-s10-fe-wifi-12gb-256gb.html
tablet,Tablet,Lenovo,Chinese brands,Lenovo Legion Tab Gen 5 12GB 256GB,20840000.0,23990000.0,13.0,12.0,256.0,Unspecified,Not stated,No bundle,,False,https://cellphones.com.vn/may-tinh-bang-lenovo-legion-tab-gen-5-12gb-256gb-zah20030vn.html
tablet,Tablet,Apple,Apple,iPad mini 7 2024 Wifi 128GB | Chính hãng Apple Việt Nam,15990000.0,16490000.0,3.0,,128.0,Wifi,Official,No bundle,2024.0,False,https://cellphones.com.vn/ipad-mini-7.html
tablet,Tablet,Apple,Apple,iPad A16 Wifi 256GB 2025 | Chính hãng Apple Việt Nam,14990000.0,15590000.0,4.0,,256.0,Wifi,Official,No bundle,2025.0,False,https://cellphones.com.vn/ipad-a16-11-inch-256gb.html
tablet,Tablet,Huawei,Chinese brands,HUAWEI MatePad Air 8GB 256GB,21990000.0,23990000.0,8.0,8.0,256.0,Unspecified,Not stated,No bundle,,False,https://cellphones.com.vn/may-tinh-bang-huawei-matepad-air.html
tablet,Tablet,Samsung,Samsung,Samsung Galaxy Tab A11 Wifi 4GB 64GB,3440000.0,4390000.0,22.0,4.0,64.0,Wifi,Not stated,No bundle,,False,https://cellphones.com.vn/may-tinh-bang-samsung-galaxy-tab-a11-wifi.html
tablet,Tablet,Samsung,Samsung,Samsung Galaxy Tab S10 Lite Wifi 6GB 128GB,8540000.0,9990000.0,15.0,6.0,128.0,Wifi,Not stated,No bundle,,False,https://cellphones.com.vn/may-tinh-bang-samsung-galaxy-tab-s10-lite-wifi.html
tablet,Tablet,Xiaomi,Chinese brands,Xiaomi Redmi Pad 2 9.7 inch Wifi 4GB 64GB,4190000.0,4990000.0,16.0,4.0,64.0,Wifi,Not stated,No bundle,,False,https://cellphones.com.vn/may-tinh-bang-xiaomi-redmi-pad-2-9-7-inch.html
tablet,Tablet,Apple,Apple,iPad Air 11 inch M4 Wifi 128GB 2026 | Chính hãng,20290000.0,20990000.0,3.0,,128.0,Wifi,Official,No bundle,2026.0,False,https://cellphones.com.vn/apple-ipad-air-m4-11-inch-128gb-wifi.html
tablet,Tablet,Lenovo,Chinese brands,"Lenovo Yoga Tab Wifi 12GB 256GB TB710 ZAG60105VN - Kèm bút, bàn phím",17490000.0,17990000.0,3.0,12.0,256.0,Wifi,Not stated,Bundle,,False,https://cellphones.com.vn/may-tinh-bang-lenovo-yoga-tab-tb710.html
tablet,Tablet,Huawei,Chinese brands,Huawei MatePad 11.5 S 2026 12GB 256GB - Kèm bàn phím,13990000.0,18490000.0,24.0,12.0,256.0,Unspecified,Not stated,Bundle,2026.0,False,https://cellphones.com.vn/may-tinh-bang-huawei-matepad-11-5-s-2026.html
tablet,Tablet,Apple,Apple,iPad Pro chip M5 11 inch Wifi 256GB | Chính hãng Apple Việt Nam,34290000.0,35590000.0,4.0,,256.0,Wifi,Official,No bundle,,False,https://cellphones.com.vn/ipad-pro-m5-11-inch-256gb.html
tablet,Tablet,Lenovo,Chinese brands,"Lenovo Idea Tab Plus Matte Edition Wifi 8GB 128GB ZAG70981VN - Kèm bút, bàn phím",8990000.0,9890000.0,9.0,8.0,128.0,Wifi,Not stated,Bundle,,False,https://cellphones.com.vn/may-tinh-bang-lenovo-idea-tab-plus-wifi-8gb-128gb-zag70981vn-kem-but-ban-phim.html
tablet,Tablet,Apple,Apple,iPad Air 11 inch M3 Wifi 128GB 2025 | Chính hãng Apple Việt Nam,16990000.0,21490000.0,21.0,,128.0,Wifi,Official,No bundle,2025.0,False,https://cellphones.com.vn/apple-ipad-air-m3.html
tablet,Tablet,Apple,Apple,iPad Air 11 inch M4 Wifi 256GB 2026 | Chính hãng,23490000.0,23790000.0,1.0,,256.0,Wifi,Official,No bundle,2026.0,False,https://cellphones.com.vn/apple-ipad-air-m4-11-inch-256gb-wifi.html
tablet,Tablet,Honor,Chinese brands,Honor Pad X8b Wifi 6GB 128GB,6640000.0,7490000.0,11.0,6.0,128.0,Wifi,Not stated,No bundle,,False,https://cellphones.com.vn/may-tinh-bang-honor-pad-x8b.html
tablet,Tablet,Huawei,Chinese brands,Huawei MatePad Papermatte 11.5 inch 2025 8GB 256GB - Kèm bàn phím,9690000.0,13490000.0,28.0,8.0,256.0,Unspecified,Not stated,Bundle,2025.0,False,https://cellphones.com.vn/may-tinh-bang-huawei-matepad-papermate-11-5-inch.html
tablet,Tablet,Samsung,Samsung,Samsung Galaxy Tab S10 FE Wifi 8GB 128GB,11290000.0,13690000.0,18.0,8.0,128.0,Wifi,Not stated,No bundle,,False,https://cellphones.com.vn/may-tinh-bang-samsung-galaxy-tab-s10-fe-wifi.html
tablet,Tablet,Xiaomi,Chinese brands,Xiaomi Pad 8 8GB 128GB,10990000.0,11990000.0,8.0,8.0,128.0,Unspecified,Not stated,No bundle,,False,https://cellphones.com.vn/may-tinh-bang-xiaomi-pad-8-8gb-128gb.html
tablet,E-reader,Onyx Boox,Chinese brands,Máy đọc sách Boox Savi 6S,3390000.0,3990000.0,15.0,,,Unspecified,Not stated,No bundle,,False,https://cellphones.com.vn/may-doc-sach-boox-savi-6s.html
tablet,Tablet,Huawei,Chinese brands,Huawei MatePad SE 11 inch Wifi 8GB 128GB,6490000.0,8790000.0,26.0,8.0,128.0,Wifi,Not stated,No bundle,,False,https://cellphones.com.vn/may-tinh-bang-huawei-matepad-se-11-8gb-128gb.html
tablet,Tablet,Xiaomi,Chinese brands,Xiaomi Poco Pad X1 8GB 512GB,9990000.0,11290000.0,12.0,8.0,512.0,Unspecified,Not stated,No bundle,,False,https://cellphones.com.vn/may-tinh-bang-xiaomi-poco-pad-x1.html
tablet,Tablet,Apple,Apple,iPad A16 5G 128GB 2025 | Chính hãng Apple Việt Nam,16490000.0,16990000.0,3.0,,128.0,5G,Official,No bundle,2025.0,False,https://cellphones.com.vn/ipad-a16-11-inch-5g.html
tablet,Tablet,Honor,Chinese brands,HONOR Pad 10 Wifi 8GB 256GB,10990000.0,,,8.0,256.0,Wifi,Not stated,No bundle,,False,https://cellphones.com.vn/may-tinh-bang-honor-pad-10.html
tablet,Tablet,Huawei,Chinese brands,"Huawei MatePad 11.5 2026 8GB 128GB, Kèm bàn phím",10490000.0,,,8.0,128.0,Unspecified,Not stated,Bundle,2026.0,False,https://cellphones.com.vn/may-tinh-bang-huawei-matepad-11-5-2026-8gb-128gb-kem-ban-phim.html
tablet,Tablet,Xiaomi,Chinese brands,Xiaomi Pad 8 Pro 8GB 128GB,14490000.0,16990000.0,15.0,8.0,128.0,Unspecified,Not stated,No bundle,,False,https://cellphones.com.vn/may-tinh-bang-xiaomi-pad-8-pro-8gb-128gb.html
tablet,Tablet,Xiaomi,Chinese brands,Xiaomi Poco Pad M1 Wifi 8GB 256GB,8290000.0,8990000.0,8.0,8.0,256.0,Wifi,Not stated,No bundle,,False,https://cellphones.com.vn/may-tinh-bang-xiaomi-poco-pad-m1.html
tablet,Tablet,Xiaomi,Chinese brands,Xiaomi Pad Mini 8GB 256GB,13990000.0,15990000.0,13.0,8.0,256.0,Unspecified,Not stated,No bundle,,False,https://cellphones.com.vn/may-tinh-bang-xiaomi-pad-mini.html
tablet,Tablet,Xiaomi,Chinese brands,Xiaomi Redmi Pad 2 Wifi 6GB 128GB,6190000.0,6690000.0,7.0,6.0,128.0,Wifi,Not stated,No bundle,,False,https://cellphones.com.vn/may-tinh-bang-xiaomi-redmi-pad-2-wifi.html
tablet,Tablet,Samsung,Samsung,Samsung Galaxy Tab S10 Plus Wifi 12GB 256GB,19990000.0,25520000.0,22.0,12.0,256.0,Wifi,Not stated,No bundle,,False,https://cellphones.com.vn/may-tinh-bang-samsung-galaxy-tab-s10-plus-wifi.html
tablet,Tablet,Xiaomi,Chinese brands,Xiaomi Redmi Pad 2 Pro 5G 6GB 128GB,8490000.0,9490000.0,11.0,6.0,128.0,5G,Not stated,No bundle,,False,https://cellphones.com.vn/may-tinh-bang-xiaomi-redmi-pad-2-pro.html
tablet,Tablet,Xiaomi,Chinese brands,Xiaomi Pad 7 Wifi 8GB 256GB,11290000.0,,,8.0,256.0,Wifi,Not stated,No bundle,,False,https://cellphones.com.vn/may-tinh-bang-xiaomi-pad-7-8gb-256gb.html
tablet,Tablet,Xiaomi,Chinese brands,Xiaomi Redmi Pad 2 Wifi 4GB 256GB,5290000.0,6690000.0,21.0,4.0,256.0,Wifi,Not stated,No bundle,,False,https://cellphones.com.vn/may-tinh-bang-xiaomi-redmi-pad-2-wifi-4gb-256gb.html
tablet,Tablet,Apple,Apple,iPad mini 7 2024 Wifi 256GB | Chính hãng Apple Việt Nam,19090000.0,19290000.0,1.0,,256.0,Wifi,Official,No bundle,2024.0,False,https://cellphones.com.vn/ipad-mini-7-256gb.html
tablet,Tablet,Nubia,Chinese brands,Nubia Pad Pro 12GB 256GB,12990000.0,13990000.0,7.0,12.0,256.0,Unspecified,Not stated,No bundle,,False,https://cellphones.com.vn/may-tinh-bang-nubia-pad-pro.html
tablet,Tablet,Xiaomi,Chinese brands,Xiaomi Pad 7 Wifi 8GB 128GB,10300000.0,,,8.0,128.0,Wifi,Not stated,No bundle,,False,https://cellphones.com.vn/may-tinh-bang-xiaomi-pad-7.html
tablet,Tablet,Apple,Apple,iPad Air 11 inch M3 5G 128GB 2025 | Chính hãng Apple Việt Nam,19990000.0,25290000.0,21.0,,128.0,5G,Official,No bundle,2025.0,False,https://cellphones.com.vn/ipad-air-m3-11-inch-5g.html
tablet,Tablet,Xiaomi,Chinese brands,Xiaomi Redmi Pad 2 9.7 inch 4G 4GB 64GB,4690000.0,5990000.0,22.0,4.0,64.0,4G,Not stated,No bundle,,False,https://cellphones.com.vn/may-tinh-bang-xiaomi-redmi-pad-2-9-7-inch-4g.html
tablet,Tablet,Huawei,Chinese brands,Huawei MatePad SE 11 inch Wifi 6GB 128GB,5490000.0,,,6.0,128.0,Wifi,Not stated,No bundle,,False,https://cellphones.com.vn/may-tinh-bang-huawei-matepad-se-11-inch.html
tablet,Tablet,Apple,Apple,iPad A16 5G 256GB 2025 | Chính hãng Apple Việt Nam,19290000.0,19790000.0,3.0,,256.0,5G,Official,No bundle,2025.0,False,https://cellphones.com.vn/ipad-a16-11-inch-256gb-5g.html
tablet,Tablet,Huawei,Chinese brands,Huawei MatePad Pro 12.2 2025 12GB 512GB - Kèm bàn phím,22990000.0,23990000.0,4.0,12.0,512.0,Unspecified,Not stated,Bundle,2025.0,False,https://cellphones.com.vn/may-tinh-bang-huawei-matepad-pro-12-2-inch-2025.html
tablet,Tablet,Apple,Apple,iPad Pro chip M5 11 inch Wifi 512GB | Chính hãng Apple Việt Nam,39790000.0,41190000.0,3.0,,512.0,Wifi,Official,No bundle,,False,https://cellphones.com.vn/ipad-pro-m5-11-inch-512gb.html
tablet,Tablet,Lenovo,Chinese brands,"Lenovo Idea Tab Plus Matte Edition Wifi 12GB 256GB ZAG70980VN - Kèm bút, bàn phím",11390000.0,12390000.0,8.0,12.0,256.0,Wifi,Not stated,Bundle,,False,https://cellphones.com.vn/may-tinh-bang-lenovo-idea-tab-plus-wifi-12gb-256gb-zag70980vn-kem-but-ban-phim.html
tablet,Tablet,Huawei,Chinese brands,Huawei MatePad 12 X 12GB 256GB - Kèm bàn phím,14990000.0,15490000.0,3.0,12.0,256.0,Unspecified,Not stated,Bundle,,False,https://cellphones.com.vn/may-tinh-bang-huawei-matepad-12-x-kem-ban-phim.html
tablet,Tablet,Lenovo,Chinese brands,Lenovo Legion Tab Gen 3 12GB 256GB,11940000.0,15990000.0,25.0,12.0,256.0,Unspecified,Not stated,No bundle,,False,https://cellphones.com.vn/may-tinh-bang-lenovo-legion-tab-gen-3.html
tablet,Tablet,Samsung,Samsung,Samsung Galaxy Tab S10 FE 5G 8GB 128GB,13090000.0,16190000.0,19.0,8.0,128.0,5G,Not stated,No bundle,,False,https://cellphones.com.vn/may-tinh-bang-samsung-galaxy-tab-s10-fe-5g.html
tablet,Tablet,Lenovo,Chinese brands,"Lenovo Idea Tab Pro Gen 2 Matte Edition 12GB 512GB ZAHD0469VN - Kèm bút, bàn phím",18290000.0,19890000.0,8.0,12.0,512.0,Unspecified,Not stated,Bundle,,False,https://cellphones.com.vn/may-tinh-bang-idea-legion-tab-pro-gen-2-12gb-512gb-zahd0469vn-kem-but-ban-phim.html
tablet,Tablet,Huawei,Chinese brands,Huawei MatePad 11.5 inch 6GB 128GB,5990000.0,6568000.0,9.0,6.0,128.0,Unspecified,Not stated,No bundle,,False,https://cellphones.com.vn/may-tinh-bang-huawei-matepad-11-5-inch-6gb-128gb-khong-ban-phim.html
tablet,Tablet,Apple,Apple,iPad mini 7 2024 5G 128GB | Chính hãng Apple Việt Nam,20490000.0,20690000.0,1.0,,128.0,5G,Official,No bundle,2024.0,False,https://cellphones.com.vn/ipad-mini-7-5g.html
tablet,Tablet,Samsung,Samsung,Samsung Galaxy Tab S10 FE Plus Wifi 12GB 256GB,17650000.0,20490000.0,14.0,12.0,256.0,Wifi,Not stated,No bundle,,False,https://cellphones.com.vn/may-tinh-bang-samsung-galaxy-tab-s10-fe-plus-wifi-12gb-256gb.html
tablet,Tablet,Samsung,Samsung,Samsung Galaxy Tab A11 Plus Wifi 8GB 256GB,8240000.0,9390000.0,12.0,8.0,256.0,Wifi,Not stated,No bundle,,False,https://cellphones.com.vn/may-tinh-bang-samsung-galaxy-tab-a11-plus-wifi.html
tablet,Tablet,Samsung,Samsung,Samsung Galaxy Tab A11 4GB 64GB,4540000.0,5490000.0,17.0,4.0,64.0,4G,Not stated,No bundle,,False,https://cellphones.com.vn/may-tinh-bang-samsung-galaxy-tab-a11-4gb-64gb.html
tablet,Tablet,Lenovo,Chinese brands,"Lenovo Idea Tab Wifi 8GB 128GB ZAFR0366VN - Kèm bút, ốp lưng",6490000.0,7490000.0,13.0,8.0,128.0,Wifi,Not stated,Bundle,,False,https://cellphones.com.vn/may-tinh-bang-lenovo-idea-tab-wifi-zafr0366vn-kem-op-va-but.html
tablet,Tablet,Apple,Apple,iPad Pro M4 11 inch 5G 256GB | Chính hãng Apple Việt Nam,30990000.0,39990000.0,23.0,,256.0,5G,Official,No bundle,,False,https://cellphones.com.vn/ipad-pro-m4-11-inch-5g.html
tablet,Tablet,Samsung,Samsung,Samsung Galaxy Tab S11 Wifi 12GB 256GB,21600000.0,24990000.0,14.0,12.0,256.0,Wifi,Not stated,No bundle,,False,https://cellphones.com.vn/may-tinh-bang-samsung-galaxy-tab-s11-wifi-12gb-256gb.html
tablet,Tablet,Apple,Apple,iPad Air 13 inch M4 Wifi 256GB 2026 | Chính hãng,28990000.0,29290000.0,1.0,,256.0,Wifi,Official,No bundle,2026.0,False,https://cellphones.com.vn/apple-ipad-air-m4-13-inch-256gb-wifi.html
tablet,Tablet,Huawei,Chinese brands,Huawei MatePad SE 11 inch Wifi 4GB 128GB,5490000.0,6390000.0,14.0,4.0,128.0,Wifi,Not stated,No bundle,,False,https://cellphones.com.vn/may-tinh-bang-huawei-matepad-se-11-inch-4gb-128gb.html
tablet,Tablet,Apple,Apple,iPad Air 11 inch M3 5G 256GB 2025 | Chính hãng Apple Việt Nam,22990000.0,27790000.0,17.0,,256.0,5G,Official,No bundle,2025.0,False,https://cellphones.com.vn/ipad-air-m3-11-inch-256gb-5g.html
tablet,Tablet,Apple,Apple,iPad Pro chip M5 13 inch Wifi 256GB | Chính hãng Apple Việt Nam,43590000.0,45590000.0,4.0,,256.0,Wifi,Official,No bundle,,False,https://cellphones.com.vn/ipad-pro-m5-13-inch-256gb.html
tablet,Tablet,Nubia,Chinese brands,Nubia Pad Pro 8GB 256GB,10990000.0,11990000.0,8.0,8.0,256.0,Unspecified,Not stated,No bundle,,False,https://cellphones.com.vn/may-tinh-bang-nubia-pad-pro-8gb-256gb.html
tablet,Tablet,Apple,Apple,iPad Air 11 inch M4 Wifi 512GB 2026 | Chính hãng,29090000.0,29390000.0,1.0,,512.0,Wifi,Official,No bundle,2026.0,False,https://cellphones.com.vn/apple-ipad-air-m4-11-inch-512gb-wifi.html
tablet,Tablet,Samsung,Samsung,Samsung Galaxy Tab S10 FE 5G 12GB 256GB,16290000.0,19190000.0,15.0,12.0,256.0,5G,Not stated,No bundle,,False,https://cellphones.com.vn/may-tinh-bang-samsung-galaxy-tab-s10-fe-5g-12gb-256gb.html
tablet,Tablet,Teclast,Chinese brands,Máy tính bảng Teclast Wifi P30 4GB 128GB,2990000.0,,,4.0,128.0,Wifi,Not stated,No bundle,,False,https://cellphones.com.vn/may-tinh-bang-teclast-p30-wifi.html
tablet,Tablet,Apple,Apple,iPad Air 11 inch M4 5G 128GB 2026 | Chính hãng,24790000.0,25190000.0,2.0,,128.0,5G,Official,No bundle,2026.0,False,https://cellphones.com.vn/apple-ipad-air-m4-11-inch-128gb-5g.html
tablet,Tablet,Teclast,Chinese brands,Máy tính bảng Teclast 4G P50 4GB 128GB,3790000.0,4290000.0,12.0,4.0,128.0,4G,Not stated,No bundle,,False,https://cellphones.com.vn/may-tinh-bang-teclast-4g-p50-4gb-128gb.html
tablet,Tablet,Apple,Apple,iPad Air 13 inch M4 Wifi 128GB 2026 | Chính hãng,26190000.0,26490000.0,1.0,,128.0,Wifi,Official,No bundle,2026.0,False,https://cellphones.com.vn/apple-ipad-air-m4-13-inch-128gb-wifi.html
tablet,Tablet,Apple,Apple,iPad Air 13 inch M3 Wifi 128GB 2025 | Chính hãng Apple Việt Nam,21590000.0,26990000.0,20.0,,128.0,Wifi,Official,No bundle,2025.0,False,https://cellphones.com.vn/ipad-air-m3-13-inch.html
tablet,Tablet,Lenovo,Chinese brands,Lenovo Idea Tab 5G 8GB 128GB ZAFM0710VN - Kèm bút,6990000.0,8490000.0,18.0,8.0,128.0,5G,Not stated,Bundle,,False,https://cellphones.com.vn/may-tinh-bang-lenovo-idea-tab-5g-8gb-128b-xam-kem-but-zafm0710vn.html
tablet,Tablet,Samsung,Samsung,Samsung Galaxy Tab A11 Plus 5G 6GB 128GB,7990000.0,8890000.0,10.0,6.0,128.0,5G,Not stated,No bundle,,False,https://cellphones.com.vn/may-tinh-bang-samsung-galaxy-tab-a11-plus-5g.html
tablet,Tablet,Apple,Apple,iPad Pro chip M5 11 inch Wifi 1TB | Chính hãng Apple Việt Nam,49990000.0,52390000.0,5.0,,1024.0,Wifi,Official,No bundle,,False,https://cellphones.com.vn/ipad-pro-m5-11-inch-1tb.html
tablet,Tablet,Masstel,Vietnamese brands,Masstel Tab 10 Edu 4G 3GB 32GB,1990000.0,2490000.0,20.0,3.0,32.0,4G,Not stated,No bundle,,False,https://cellphones.com.vn/masstel-tab-10-edu-4g.html
tablet,Tablet,Teclast,Chinese brands,Máy tính bảng Teclast T50 Plus 6GB 256GB,4590000.0,5390000.0,15.0,6.0,256.0,Unspecified,Not stated,No bundle,,False,https://cellphones.com.vn/may-tinh-bang-teclast-t50-plus.html
tablet,Tablet,Lenovo,Chinese brands,Lenovo Idea Tab Wifi 8GB 256GB ZAFR0402VN - Kèm bút,7990000.0,8490000.0,6.0,8.0,256.0,Wifi,Not stated,Bundle,,False,https://cellphones.com.vn/may-tinh-bang-lenovo-idea-tab-wifi-zafr0402vn-kem-but.html
tablet,Tablet,Samsung,Samsung,Samsung Galaxy Tab S10 Plus 5G 12GB 256GB,23490000.0,28470000.0,17.0,12.0,256.0,5G,Not stated,No bundle,,False,https://cellphones.com.vn/may-tinh-bang-samsung-galaxy-tab-s10-plus-5g.html
tablet,Tablet,Samsung,Samsung,Samsung Galaxy Tab S11 Ultra 5G 12GB 256GB,30990000.0,36490000.0,15.0,12.0,256.0,5G,Not stated,No bundle,,False,https://cellphones.com.vn/may-tinh-bang-samsung-galaxy-tab-s11-ultra.html
tablet,Tablet,Huawei,Chinese brands,Huawei MatePad 11.5 inch 8GB 256GB - Kèm bàn phím,8830000.0,9490000.0,7.0,8.0,256.0,Unspecified,Not stated,Bundle,,False,https://cellphones.com.vn/may-tinh-bang-huawei-matepad-11-5-inch.html
tablet,E-reader,Amazon,Other international,Máy đọc sách New Kindle Gen 11 2024 16GB (Bản không quảng cáo),4090000.0,4990000.0,18.0,,16.0,Unspecified,Not stated,No bundle,2024.0,False,https://cellphones.com.vn/may-doc-sach-kindle-new-2024-gen-11-16gb-khong-quang-cao.html
tablet,Tablet,Apple,Apple,iPad Air 11 inch M4 5G 256GB 2026 | Chính hãng,26190000.0,27990000.0,6.0,,256.0,5G,Official,No bundle,2026.0,False,https://cellphones.com.vn/apple-ipad-air-m4-11-inch-256gb-5g.html
tablet,Tablet,Lenovo,Chinese brands,Lenovo Tab Plus Wifi 8GB 256GB ZADX0130VN - Kèm bao da,6490000.0,7990000.0,19.0,8.0,256.0,Wifi,Not stated,Bundle,,False,https://cellphones.com.vn/may-tinh-bang-lenovo-tab-plus-wifi-zadx0130vn.html
tablet,Tablet,Apple,Apple,iPad Pro M4 11 inch Wifi 2TB Nano | Chính hãng Apple Việt Nam,47490000.0,68290000.0,30.0,,2048.0,Wifi,Official,No bundle,,False,https://cellphones.com.vn/ipad-pro-m4-11-inch-2tb-nano.html
tablet,Tablet,Honor,Chinese brands,HONOR Pad V9 Wifi 8GB 256GB,13990000.0,15990000.0,13.0,8.0,256.0,Wifi,Not stated,No bundle,,False,https://cellphones.com.vn/may-tinh-bang-honor-pad-v9-wifi.html
tablet,Tablet,Apple,Apple,iPad Pro chip M5 11 inch 5G 256GB | Chính hãng Apple Việt Nam,39490000.0,41490000.0,5.0,,256.0,5G,Official,No bundle,,False,https://cellphones.com.vn/ipad-pro-11-inch-m5-5g-256gb.html
tablet,Tablet,Apple,Apple,iPad Air 13 inch M4 5G 128GB 2026 | Chính hãng,30190000.0,30690000.0,2.0,,128.0,5G,Official,No bundle,2026.0,False,https://cellphones.com.vn/apple-ipad-air-m4-13-inch-128gb-5g.html
tablet,Tablet,Samsung,Samsung,Samsung Galaxy Tab S9 Wifi 8GB 128GB,13490000.0,19630000.0,31.0,8.0,128.0,Wifi,Not stated,No bundle,,False,https://cellphones.com.vn/samsung-galaxy-tab-s9-wifi.html
tablet,Tablet,Apple,Apple,iPad Pro chip M5 13 inch 5G 2TB | Chính hãng Apple Việt Nam,77990000.0,81990000.0,5.0,,2048.0,5G,Official,No bundle,,False,https://cellphones.com.vn/ipad-pro-m5-13-inch-5g-2tb.html
tablet,E-reader,Amazon,Other international,Máy đọc sách Kindle Paperwhite 6 16GB (Bản không quảng cáo),5490000.0,6490000.0,15.0,,16.0,Unspecified,Not stated,No bundle,,False,https://cellphones.com.vn/may-doc-sach-kindle-paperwhite-6-16gb-khong-quang-cao.html
tablet,Tablet,OPPO,Chinese brands,OPPO Pad 5 8GB 256GB,12540000.0,13990000.0,10.0,8.0,256.0,Unspecified,Not stated,No bundle,,False,https://cellphones.com.vn/may-tinh-bang-oppo-pad-5.html
tablet,Tablet,Apple,Apple,iPad Pro chip M5 13 inch Wifi 512GB | Chính hãng Apple Việt Nam,49590000.0,51190000.0,3.0,,512.0,Wifi,Official,No bundle,,False,https://cellphones.com.vn/ipad-pro-m5-13-inch-512gb.html
tablet,Tablet,Apple,Apple,iPad Pro M4 11 inch Wifi 2TB | Chính hãng Apple Việt Nam,46490000.0,65490000.0,29.0,,2048.0,Wifi,Official,No bundle,,False,https://cellphones.com.vn/ipad-pro-m4-11-inch-2tb.html
tablet,Tablet,Apple,Apple,iPad Pro chip M5 13 inch 5G 256GB | Chính hãng Apple Việt Nam,48990000.0,51190000.0,4.0,,256.0,5G,Official,No bundle,,False,https://cellphones.com.vn/ipad-pro-m5-13-inch-5g-256gb.html
tablet,Tablet,Lenovo,Chinese brands,Lenovo Idea Tab 5G 8GB 256GB ZAFM0711VN - Kèm bút,9390000.0,9990000.0,6.0,8.0,256.0,5G,Not stated,Bundle,,False,https://cellphones.com.vn/may-tinh-bang-lenovo-idea-tab-5g-zafm0711vn-kem-but.html
tablet,Tablet,Apple,Apple,iPad Pro M4 13 inch Wifi 2TB,44690000.0,74490000.0,40.0,,2048.0,Wifi,Not stated,No bundle,,False,https://cellphones.com.vn/ipad-pro-m4-13-inch-2tb.html
tablet,Tablet,Lenovo,Chinese brands,"Lenovo Idea Tab Pro Wifi 8GB 256GB ZAE40190VN - Kèm bút, bàn phím",11590000.0,11990000.0,3.0,8.0,256.0,Wifi,Not stated,Bundle,,False,https://cellphones.com.vn/may-tinh-bang-lenovo-idea-tab-pro-kem-but-ban-phim.html
tablet,Tablet,Apple,Apple,iPad Pro chip M5 11 inch Wifi 2TB Nano | Chính hãng Apple Việt Nam,65990000.0,69190000.0,5.0,,2048.0,Wifi,Official,No bundle,,False,https://cellphones.com.vn/ipad-pro-chip-m5-11-inch-wifi-2tb-nano.html
tablet,Tablet,Samsung,Samsung,Samsung Galaxy Tab S11 5G 12GB 128GB,22700000.0,26190000.0,13.0,12.0,128.0,5G,Not stated,No bundle,,False,https://cellphones.com.vn/may-tinh-bang-samsung-galaxy-tab-s11.html
tablet,Tablet,Apple,Apple,iPad Pro chip M5 11 inch Wifi 2TB | Chính hãng Apple Việt Nam,63990000.0,66390000.0,4.0,,2048.0,Wifi,Official,No bundle,,False,https://cellphones.com.vn/ipad-pro-m5-11-inch-2tb.html
tablet,Tablet,Apple,Apple,iPad Pro chip M5 13 inch 5G 512GB | Chính hãng Apple Việt Nam,55490000.0,56790000.0,2.0,,512.0,5G,Official,No bundle,,False,https://cellphones.com.vn/ipad-pro-m5-13-inch-5g-512gb.html
tablet,Tablet,OPPO,Chinese brands,OPPO Pad SE WiFi 4GB 128GB,6090000.0,7290000.0,16.0,4.0,128.0,Wifi,Not stated,No bundle,,False,https://cellphones.com.vn/may-tinh-bang-oppo-pad-se-wifi-4gb-128gb.html
tablet,Tablet,Samsung,Samsung,Samsung Galaxy Tab S11 5G 12GB 256GB,24750000.0,28690000.0,14.0,12.0,256.0,5G,Not stated,No bundle,,False,https://cellphones.com.vn/may-tinh-bang-samsung-galaxy-tab-s11-5g-12gb-256gb.html
tablet,Tablet,Apple,Apple,iPad Pro M4 13 inch Wifi 2TB Nano I Chính hãng Apple Việt Nam,47490000.0,77290000.0,39.0,,2048.0,Wifi,Official,No bundle,,False,https://cellphones.com.vn/ipad-pro-m4-13-inch-2tb-nano.html
tablet,E-reader,Amazon,Other international,Máy đọc sách Kindle Scribe 2024 10.3 inch Premium kèm bút 16GB,12890000.0,13990000.0,8.0,,16.0,Unspecified,Not stated,Bundle,2024.0,False,https://cellphones.com.vn/may-doc-sach-kindle-scribe-10-3-inch-premium-kem-but-16gb.html
tablet,Tablet,Apple,Apple,iPad Pro M4 13 inch 5G 2TB I Chính hãng Apple Việt Nam,51490000.0,79990000.0,36.0,,2048.0,5G,Official,No bundle,,False,https://cellphones.com.vn/ipad-pro-m4-13-inch-2tb-5g.html
tablet,Tablet,Apple,Apple,iPad Air 13 inch M3 Wifi 256GB 2025 | Chính hãng Apple Việt Nam,24490000.0,29490000.0,17.0,,256.0,Wifi,Official,No bundle,2025.0,False,https://cellphones.com.vn/ipad-air-m3-13-inch-256gb.html
tablet,Tablet,Apple,Apple,iPad Air 13 inch M3 5G 128GB 2025 | Chính hãng Apple Việt Nam,24990000.0,30990000.0,19.0,,128.0,5G,Official,No bundle,2025.0,False,https://cellphones.com.vn/ipad-air-m3-13-inch-5g.html
tablet,Tablet,Apple,Apple,iPad Pro M4 11 inch 5G 2TB Nano | Chính hãng Apple Việt Nam,47990000.0,73990000.0,35.0,,2048.0,5G,Official,No bundle,,False,https://cellphones.com.vn/ipad-pro-m4-11-inch-2tb-5g-nano.html
tablet,E-reader,Onyx Boox,Chinese brands,Máy đọc sách Boox Savi 6,4990000.0,5590000.0,11.0,,,Unspecified,Not stated,No bundle,,False,https://cellphones.com.vn/may-doc-sach-boox-savi-6.html
tablet,Tablet,Apple,Apple,iPad Pro M4 11 inch 5G 2TB I Chính hãng Apple Việt Nam,46990000.0,69990000.0,33.0,,2048.0,5G,Official,No bundle,,False,https://cellphones.com.vn/ipad-pro-m4-11-inch-2tb-5g.html
tablet,Tablet,Apple,Apple,iPad Pro M4 13 inch 5G 2TB Nano I Chính hãng Apple Việt Nam,53990000.0,82490000.0,35.0,,2048.0,5G,Official,No bundle,,False,https://cellphones.com.vn/ipad-pro-m4-13-inch-2tb-5g-nano.html
tablet,Tablet,Apple,Apple,iPad Pro chip M5 13 inch Wifi 2TB | Chính hãng Apple Việt Nam,73990000.0,76390000.0,3.0,,2048.0,Wifi,Official,No bundle,,False,https://cellphones.com.vn/ipad-pro-m5-13-inch-2tb.html
tablet,Tablet,Lenovo,Chinese brands,Lenovo Legion Y700,,,,,,Unspecified,Not stated,No bundle,,True,https://cellphones.com.vn/lenovo-legion-y700.html
tablet,Tablet,Apple,Apple,iPad Pro chip M5 11 inch 5G 512GB | Chính hãng Apple Việt Nam,45490000.0,46490000.0,2.0,,512.0,5G,Official,No bundle,,False,https://cellphones.com.vn/ipad-pro-m5-11-inch-5g-512gb.html
tablet,E-reader,Onyx Boox,Chinese brands,Máy đọc sách Onyx Boox Palma,6990000.0,8390000.0,17.0,,,Unspecified,Not stated,No bundle,,False,https://cellphones.com.vn/may-doc-sach-onyx-boox-palma.html
tablet,E-reader,Onyx Boox,Chinese brands,Máy đọc sách Boox Go 10.3,11390000.0,14390000.0,21.0,,,Unspecified,Not stated,No bundle,,False,https://cellphones.com.vn/may-doc-sach-boox-go-10-3.html
tablet,Tablet,Samsung,Samsung,Samsung Galaxy Tab S10 Lite 5G,,,,,,5G,Not stated,No bundle,,True,https://cellphones.com.vn/may-tinh-bang-samsung-galaxy-tab-s10-lite-5g.html
tablet,E-reader,Amazon,Other international,Máy đọc sách Kindle Paperwhite 4 Gen 10 8GB,3990000.0,,,,8.0,Unspecified,Not stated,No bundle,,False,https://cellphones.com.vn/may-doc-sach-kindle-paperwhite-4-gen-10-2019.html
tablet,E-reader,Onyx Boox,Chinese brands,Máy đọc sách Boox Palma 2,7790000.0,8590000.0,9.0,,,Unspecified,Not stated,No bundle,,False,https://cellphones.com.vn/may-doc-sach-boox-palma-2.html
tablet,Tablet,Xiaomi,Chinese brands,Mi pad 6 8GB 256GB,,,,8.0,256.0,Unspecified,Not stated,No bundle,,True,https://cellphones.com.vn/xiaomi-pad-6-8gb-256gb-64056.html
tablet,Tablet,Lenovo,Chinese brands,Lenovo Tab M11 4G 8GB 128GB ZADB0162VN,5690000.0,6690000.0,15.0,8.0,128.0,4G,Not stated,No bundle,,False,https://cellphones.com.vn/may-tinh-bang-lenovo-tab-m11-8gb-128gb.html
tablet,E-reader,Onyx Boox,Chinese brands,Máy đọc sách Boox Go Color 7 Gen 2,,,,,,Unspecified,Not stated,No bundle,,True,https://cellphones.com.vn/may-doc-sach-boox-go-color-7-gen-2.html
tablet,Tablet,Lenovo,Chinese brands,Lenovo Tab M10 Gen 2 2GB 32GB,3490000.0,5190000.0,33.0,2.0,32.0,Unspecified,Not stated,No bundle,,False,https://cellphones.com.vn/lenovo-tab-m10-gen-2.html
tablet,Tablet,Lenovo,Chinese brands,"Lenovo Tab M11 4G (4GB 64GB) ZADB0134VN - Kèm bút, bao da",4590000.0,5790000.0,21.0,4.0,64.0,4G,Not stated,Bundle,,False,https://cellphones.com.vn/may-tinh-bang-lenovo-tab-m11.html
tablet,Tablet,Teclast,Chinese brands,Máy tính bảng Teclast 4G T50 PLUS 8GB 128GB,4590000.0,4990000.0,8.0,8.0,128.0,4G,Not stated,No bundle,,False,https://cellphones.com.vn/may-tinh-bang-teclast-4g-t50-plus-8gb-128gb.html
tablet,E-reader,Onyx Boox,Chinese brands,Máy đọc sách Onyx Boox Page,6590000.0,7690000.0,14.0,,,Unspecified,Not stated,No bundle,,False,https://cellphones.com.vn/may-doc-sach-onyx-boox-page.html
tablet,E-reader,Onyx Boox,Chinese brands,Máy đọc sách Boox Savi 7,,,,,,Unspecified,Not stated,No bundle,,True,https://cellphones.com.vn/may-doc-sach-boox-savi-7.html
tablet,Tablet,Lenovo,Chinese brands,Lenovo Tab K11 Wifi,,,,,,Wifi,Not stated,No bundle,,True,https://cellphones.com.vn/may-tinh-bang-lenovo-tab-k11.html
tablet,Tablet,Samsung,Samsung,Samsung Galaxy Tab S12 Ultra 5G 12GB 256GB,,,,12.0,256.0,5G,Not stated,No bundle,,True,https://cellphones.com.vn/may-tinh-bang-samsung-galaxy-tab-s12-ultra-5g.html
tablet,Tablet,TCL,Chinese brands,Máy tính bảng TCL Tab 10L WIFI 3GB 32GB,2290000.0,,,3.0,32.0,Wifi,Not stated,No bundle,,False,https://cellphones.com.vn/tcl-tab-10l-wifi.html
tablet,Tablet,Blackview,Chinese brands,Blackview Active 8 Pro,,,,,,Unspecified,Not stated,No bundle,,True,https://cellphones.com.vn/blackview-active-8-pro.html
tablet,Tablet,TCL,Chinese brands,Máy tính bảng TCL Tab 11 WIFI 4GB 128GB,4290000.0,,,4.0,128.0,Wifi,Not stated,No bundle,,False,https://cellphones.com.vn/tcl-tab-11.html
tablet,Tablet,Lenovo,Chinese brands,Lenovo Tab 4G 4GB 64GB ZAEJ0139VN - Kèm bao da,3990000.0,4190000.0,5.0,4.0,64.0,4G,Not stated,Bundle,,False,https://cellphones.com.vn/may-tinh-bang-lenovo-tab-4g-zaej0139vn-kem-bao-da.html
tablet,Tablet,Lenovo,Chinese brands,Lenovo Tab Wifi 4GB 64GB ZAEH0147VN - Kèm bao da,3490000.0,,,4.0,64.0,Wifi,Not stated,Bundle,,False,https://cellphones.com.vn/may-tinh-bang-lenovo-tab-4gb-64gb-zaeh0147vn-kem-bao-da.html
tablet,Tablet,Honor,Chinese brands,Honor Pad 9 Pro,,,,,,Unspecified,Not stated,No bundle,,True,https://cellphones.com.vn/may-tinh-bang-honor-pad-9-pro.html
tablet,Tablet,Samsung,Samsung,Samsung Galaxy Tab S12 Plus 5G 12GB 256GB,,,,12.0,256.0,5G,Not stated,No bundle,,True,https://cellphones.com.vn/may-tinh-bang-samsung-galaxy-tab-s12-plus-5g.html
tablet,Tablet,Samsung,Samsung,Samsung Galaxy Tab S12 Ultra Wifi 12GB 256GB,,,,12.0,256.0,Wifi,Not stated,No bundle,,True,https://cellphones.com.vn/may-tinh-bang-samsung-galaxy-tab-s12-ultra-wifi.html
tablet,Tablet,Lenovo,Chinese brands,Lenovo Tab M9 4G 4GB 64GB ZAC50137VN,2990000.0,4390000.0,32.0,4.0,64.0,4G,Not stated,No bundle,,False,https://cellphones.com.vn/may-tinh-bang-lenovo-tab-m9-4gb-64gb.html
tablet,Tablet,Samsung,Samsung,Samsung Galaxy Tab S12 Plus Wifi 12GB 256GB,,,,12.0,256.0,Wifi,Not stated,No bundle,,True,https://cellphones.com.vn/may-tinh-bang-samsung-galaxy-tab-s12-plus-wifi.html
tablet,Tablet,TCL,Chinese brands,Máy tính bảng TCL Tab 10 4G 4GB 64GB,3790000.0,,,4.0,64.0,4G,Not stated,No bundle,,False,https://cellphones.com.vn/tcl-tab-10.html
tablet,Tablet,Lenovo,Chinese brands,Lenovo Legion Tab Gen 5 12GB 256GB ZAH20093VN,,,,12.0,256.0,Unspecified,Not stated,No bundle,,True,https://cellphones.com.vn/may-tinh-bang-lenovo-legion-tab-gen-5-12gb-256gb-zah20093vn.html
tablet,Tablet,Lenovo,Chinese brands,Lenovo Tab One 4G 4GB 128GB ZAF00170VN,,,,4.0,128.0,4G,Not stated,No bundle,,True,https://cellphones.com.vn/may-tinh-bang-lenovo-tab-one-4gb-128gb-zaf00170vn.html
tablet,Tablet,Lenovo,Chinese brands,Lenovo Tab M8 Gen 2 3GB 32GB (ZA630033VN),1990000.0,2990000.0,33.0,3.0,32.0,Unspecified,Not stated,No bundle,,False,https://cellphones.com.vn/lenovo-tab-m8-gen-2-3gb-32gb.html
tablet,Tablet,Honor,Chinese brands,HONOR Pad X9a,,,,,,Unspecified,Not stated,No bundle,,True,https://cellphones.com.vn/may-tinh-bang-honor-pad-x9a.html
tablet,Tablet,Lenovo,Chinese brands,"Lenovo Tab M11 Wifi 4GB 128GB ZADA0311VN - Kèm bút, bao da",4690000.0,5790000.0,19.0,4.0,128.0,Wifi,Not stated,Bundle,,False,https://cellphones.com.vn/may-tinh-bang-lenovo-tab-m11-128gb.html
tablet,Tablet,Xiaomi,Chinese brands,Xiaomi Redmi Pad 2 3GB 32GB,,,,3.0,32.0,Unspecified,Not stated,No bundle,,True,https://cellphones.com.vn/xiaomi-redmi-pad-2.html
tablet,Tablet,Xiaomi,Chinese brands,Xiaomi POCO Pad,,,,,,Unspecified,Not stated,No bundle,,True,https://cellphones.com.vn/may-tinh-bang-xiaomi-poco-pad.html
tablet,Tablet,OnePlus,Chinese brands,OnePlus Pad,,,,,,Unspecified,Not stated,No bundle,,True,https://cellphones.com.vn/oneplus-pad.html
tablet,E-reader,Amazon,Other international,Máy đọc sách All New Kindle 2019 8GB (Gen 10th),2990000.0,,,,8.0,Unspecified,Not stated,No bundle,2019.0,False,https://cellphones.com.vn/may-doc-sach-all-new-kindle-gen-10-2019.html
tablet,Tablet,Vivo,Chinese brands,vivo iQOO Pad Air,,,,,,Unspecified,Not stated,No bundle,,True,https://cellphones.com.vn/may-tinh-bang-vivo-iqoo-pad-air.html
tablet,Tablet,Xiaomi,Chinese brands,Xiaomi Redmi Pad 2022,,,,,,Unspecified,Not stated,No bundle,2022.0,True,https://cellphones.com.vn/xiaomi-redmi-pad-2022.html
tablet,Tablet,Lenovo,Chinese brands,Lenovo Tab One 4GB 64GB ZAF00020VN,2990000.0,,,4.0,64.0,4G,Not stated,No bundle,,False,https://cellphones.com.vn/may-tinh-bang-lenovo-tab-one-zaf00020vn.html
tablet,Tablet,Xiaomi,Chinese brands,Xiaomi Redmi Pad,,,,,,Unspecified,Not stated,No bundle,,True,https://cellphones.com.vn/xiaomi-redmi-pad-54290.html
tablet,Tablet,Xiaomi,Chinese brands,Mi pad 6 8GB 128GB,,,,8.0,128.0,Unspecified,Not stated,No bundle,,True,https://cellphones.com.vn/xiaomi-pad-6-8gb-128gb-64055.html
tablet,Tablet,Lenovo,Chinese brands,Lenovo Tab One 4G 4GB 128GB ZAF10179VN,,,,4.0,128.0,4G,Not stated,No bundle,,True,https://cellphones.com.vn/may-tinh-bang-lenovo-tab-one-4g-4gb-128gb-zaf10179vn.html
tablet,Tablet,Honor,Chinese brands,Honor Pad X8 Lite,,,,,,Unspecified,Not stated,No bundle,,True,https://cellphones.com.vn/honor-pad-x8-lite.html
tablet,Tablet,OPPO,Chinese brands,OPPO Pad SE,,,,,,Unspecified,Not stated,No bundle,,True,https://cellphones.com.vn/may-tinh-bang-oppo-pad-se.html
tablet,Tablet,Lenovo,Chinese brands,Lenovo Tab M8 Gen 4 3GB 32GB ZABV0108VN,2490000.0,3190000.0,22.0,3.0,32.0,Unspecified,Not stated,No bundle,,False,https://cellphones.com.vn/may-tinh-bang-lenovo-tab-m8-gen-4.html
tablet,Tablet,Lenovo,Chinese brands,Lenovo Tab M10 Gen 3 4GB 64GB ZAAF0009VN,3990000.0,6190000.0,36.0,4.0,64.0,4G,Not stated,No bundle,,False,https://cellphones.com.vn/lenovo-tab-m10-gen-3-4gb-64gb.html
tablet,Tablet,Masstel,Vietnamese brands,Masstel Tab 10M,,,,,,Unspecified,Not stated,No bundle,,True,https://cellphones.com.vn/masstel-tab-10m.html
tablet,Tablet,Alldocube,Chinese brands,Alldocube iPlay 70E,,,,,,Unspecified,Not stated,No bundle,,True,https://cellphones.com.vn/may-tinh-bang-alldocube-iplay-70e.html
tablet,Tablet,Xiaomi,Chinese brands,Redmi Writing Pad,,,,,,Unspecified,Not stated,No bundle,,True,https://cellphones.com.vn/xiaomi-redmi-writing-pad.html
tablet,Tablet,Lenovo,Chinese brands,Lenovo Xiaoxin Pad Pro 8GB 256GB,,,,8.0,256.0,Unspecified,Not stated,No bundle,,True,https://cellphones.com.vn/may-tinh-bang-lenovo-xiaoxin-pad-pro.html
tablet,Tablet,Xiaomi,Chinese brands,Xiaomi Pad 8 Pro 12GB 512GB Wifi,,,,12.0,512.0,Wifi,Not stated,No bundle,,True,https://cellphones.com.vn/may-tinh-bang-xiaomi-pad-8-pro-12gb-512gb.html
tablet,Tablet,Xiaomi,Chinese brands,Xiaomi Pad 8 Pro 8GB 256GB Wifi,,,,8.0,256.0,Wifi,Not stated,No bundle,,True,https://cellphones.com.vn/may-tinh-bang-xiaomi-pad-8-pro-8gb-256gb.html
tablet,Tablet,Xiaomi,Chinese brands,Xiaomi Pad 8 8GB 256GB Wifi,,,,8.0,256.0,Wifi,Not stated,No bundle,,True,https://cellphones.com.vn/may-tinh-bang-xiaomi-pad-8-8gb-256gb.html
tablet,Tablet,Masstel,Vietnamese brands,Masstel Tab 10,,,,,,Unspecified,Not stated,No bundle,,True,https://cellphones.com.vn/masstel-tab-10-4g.html
tablet,Tablet,Huawei,Chinese brands,Huawei MatePad C7,,,,,,Unspecified,Not stated,No bundle,,True,https://cellphones.com.vn/huawei-matepad-c7.html
tablet,Tablet,Lenovo,Chinese brands,Lenovo Tab M8 Wifi,,,,,,Wifi,Not stated,No bundle,,True,https://cellphones.com.vn/lenovo-tab-m8.html
tablet,Tablet,Xiaomi,Chinese brands,Xiaomi Pad 9 Pro Max,,,,,,Unspecified,Not stated,No bundle,,True,https://cellphones.com.vn/may-tinh-bang-xiaomi-pad-9-pro-max.html
tablet,Tablet,Xiaomi,Chinese brands,Xiaomi Pad 9,,,,,,Unspecified,Not stated,No bundle,,True,https://cellphones.com.vn/may-tinh-bang-xiaomi-pad-9.html
tablet,Tablet,Xiaomi,Chinese brands,Xiaomi Redmi Pad 2 4G,,,,,,4G,Not stated,No bundle,,True,https://cellphones.com.vn/may-tinh-bang-xiaomi-redmi-pad-2-4g.html
tablet,Tablet,Xiaomi,Chinese brands,Xiaomi Pad 8 Pro 12GB 256GB,,,,12.0,256.0,Unspecified,Not stated,No bundle,,True,https://cellphones.com.vn/may-tinh-bang-xiaomi-pad-8-pro-12gb-256gb.html
tablet,Tablet,Xiaomi,Chinese brands,Xiaomi Redmi Pad 6S Pro,,,,,,Unspecified,Not stated,No bundle,,True,https://cellphones.com.vn/may-tinh-bang-xiaomi-redmi-pad-6-s-pro.html
tablet,Tablet,Huawei,Chinese brands,MatePad Pro 11,,,,,,Unspecified,Not stated,No bundle,,True,https://cellphones.com.vn/matepad-pro-11.html
tablet,Tablet,Acer,Other international,Acer Iconia Tab M1,,,,,,Unspecified,Not stated,No bundle,,True,https://cellphones.com.vn/acer-iconia-tab-m1.html
tablet,Tablet,OPPO,Chinese brands,OPPO Pad Mini 8GB 256GB Wifi,,,,8.0,256.0,Wifi,Not stated,No bundle,,True,https://cellphones.com.vn/may-tinh-bang-oppo-pad-mini-wifi.html
tablet,Tablet,Xiaomi,Chinese brands,Xiaomi Pad 9 Pro,,,,,,Unspecified,Not stated,No bundle,,True,https://cellphones.com.vn/may-tinh-bang-xiaomi-pad-9-pro.html
tablet,Tablet,Alldocube,Chinese brands,Alldocube iPlay 80 mini Turbo,,,,,,Unspecified,Not stated,No bundle,,True,https://cellphones.com.vn/may-tinh-bang-alldocube-iplay-80-mini-turbo.html
