category,name,price_sale,price_original,discount,url,is_contact
mobile,iPhone 18 Pro 256GB,38790000.0,38990000.0,1.0,https://cellphones.com.vn/iphone-18-pro.html,False
mobile,iPhone 17 Pro 256GB | Chính hãng,31990000.0,34990000.0,9.0,https://cellphones.com.vn/iphone-17-pro.html,False
mobile,iPhone 18 Pro Max 256GB,41990000.0,,,https://cellphones.com.vn/iphone-18-pro-max.html,False
mobile,Samsung Galaxy S26 Ultra 5G 12GB 256GB,30490000.0,36990000.0,18.0,https://cellphones.com.vn/dien-thoai-samsung-galaxy-s26-ultra.html,False
mobile,iPhone 17 Pro Max 256GB | Chính hãng,34490000.0,37990000.0,9.0,https://cellphones.com.vn/iphone-17-pro-max.html,False
mobile,iPhone 17 256GB | Chính hãng,26990000.0,28990000.0,7.0,https://cellphones.com.vn/iphone-17-256gb.html,False
mobile,iPhone 18 Pro Max 2TB,80990000.0,,,https://cellphones.com.vn/iphone-18-pro-max-2tb.html,False
mobile,OPPO Reno16 F 5G 8GB 256GB,14540000.0,15990000.0,9.0,https://cellphones.com.vn/dien-thoai-oppo-reno16-f.html,False
mobile,Samsung Galaxy S26 FE 5G 8GB 128GB,16490000.0,18990000.0,13.0,https://cellphones.com.vn/dien-thoai-samsung-galaxy-s26-fe.html,False
mobile,Samsung Galaxy Z Fold8 Ultra 5G 12GB 256GB,46990000.0,52990000.0,11.0,https://cellphones.com.vn/dien-thoai-samsung-galaxy-z-fold-8-ultra.html,False
mobile,Xiaomi POCO F9 Ultra 5G 12GB 256GB,24290000.0,29990000.0,19.0,https://cellphones.com.vn/dien-thoai-xiaomi-poco-f9-ultra.html,False
mobile,Samsung Galaxy A57 5G 8GB 128GB,11090000.0,12490000.0,11.0,https://cellphones.com.vn/dien-thoai-samsung-galaxy-a57.html,False
mobile,POCO X8 Pro Max 12GB 256GB,13990000.0,16990000.0,18.0,https://cellphones.com.vn/dien-thoai-xiaomi-poco-x8-pro-max.html,False
mobile,Samsung Galaxy A37 5G 8GB 128GB,9700000.0,10790000.0,10.0,https://cellphones.com.vn/dien-thoai-samsung-galaxy-a37.html,False
mobile,iPhone Air 256GB | Chính hãng,22990000.0,31990000.0,28.0,https://cellphones.com.vn/iphone-air-256gb.html,False
mobile,iPhone 17 Pro Max 512GB | Chính hãng,40990000.0,44490000.0,8.0,https://cellphones.com.vn/iphone-17-pro-max-512gb.html,False
mobile,Xiaomi Redmi Note 17 4GB 128GB,5790000.0,6990000.0,17.0,https://cellphones.com.vn/dien-thoai-xiaomi-redmi-note-17.html,False
mobile,Samsung Galaxy S25 Ultra 12GB 256GB,25990000.0,33380000.0,22.0,https://cellphones.com.vn/dien-thoai-samsung-galaxy-s25-ultra.html,False
mobile,iPhone 18 Pro 2TB,77490000.0,77990000.0,1.0,https://cellphones.com.vn/iphone-18-pro-2tb.html,False
mobile,Điện thoại iPhone 16 Pro Max 256GB,30990000.0,34990000.0,11.0,https://cellphones.com.vn/iphone-16-pro-max.html,False
mobile,OPPO Find X9s 12GB 256GB,22990000.0,24990000.0,8.0,https://cellphones.com.vn/dien-thoai-oppo-find-x9s.html,False
mobile,Samsung Galaxy Z Fold8 5G 12GB 256GB,40990000.0,46990000.0,13.0,https://cellphones.com.vn/dien-thoai-samsung-galaxy-z-fold-8.html,False
mobile,Xiaomi Redmi Note 17 Pro Max 5G 8GB 512GB,14290000.0,17990000.0,21.0,https://cellphones.com.vn/dien-thoai-xiaomi-redmi-note-17-pro-max-5g.html,False
mobile,iPhone 15 128GB | Chính hãng VN/A,19990000.0,22990000.0,13.0,https://cellphones.com.vn/iphone-15.html,False
mobile,Nubia Neo 5 5G 8GB 128GB,6190000.0,7490000.0,17.0,https://cellphones.com.vn/dien-thoai-nubia-neo-5-5g.html,False
mobile,Samsung Galaxy S25 FE 8GB 128GB,13390000.0,16690000.0,20.0,https://cellphones.com.vn/dien-thoai-samsung-galaxy-s25-fe.html,False
mobile,Samsung Galaxy A17 5G 8GB 128GB,6190000.0,8790000.0,30.0,https://cellphones.com.vn/dien-thoai-samsung-galaxy-a17-5g.html,False
mobile,iPhone 17 Pro 512GB | Chính hãng,38490000.0,41490000.0,7.0,https://cellphones.com.vn/iphone-17-pro-512gb.html,False
mobile,Samsung Galaxy Z Flip8 5G 12GB 256GB,27490000.0,31990000.0,14.0,https://cellphones.com.vn/dien-thoai-samsung-galaxy-z-flip-8.html,False
mobile,Nubia Neo 5 5G 8GB 256GB,7190000.0,8490000.0,15.0,https://cellphones.com.vn/dien-thoai-nubia-neo-5-5g-8gb-256gb.html,False
mobile,Xiaomi Redmi Note 17 5G 6GB 128GB,7590000.0,8990000.0,16.0,https://cellphones.com.vn/dien-thoai-xiaomi-redmi-note-17-5g.html,False
mobile,iPhone 13 128GB | Chính hãng VN/A,14990000.0,15990000.0,6.0,https://cellphones.com.vn/iphone-13.html,False
mobile,iPhone 16e 128GB | Chính hãng VN/A,14290000.0,,,https://cellphones.com.vn/iphone-16e.html,False
mobile,Samsung Galaxy S26 5G 12GB 256GB,21990000.0,25990000.0,15.0,https://cellphones.com.vn/dien-thoai-samsung-galaxy-s26.html,False
mobile,Xiaomi Redmi Note 17 Pro 5G 6GB 256GB,9290000.0,11490000.0,19.0,https://cellphones.com.vn/dien-thoai-xiaomi-redmi-note-17-pro-5g.html,False
mobile,iPhone 16 128GB | Chính hãng VN/A,22990000.0,24990000.0,8.0,https://cellphones.com.vn/iphone-16.html,False
mobile,iPhone 17e 256GB | Chính hãng,20490000.0,21990000.0,7.0,https://cellphones.com.vn/iphone-17e.html,False
mobile,Xiaomi 17T 5G 12GB 512GB,15490000.0,20990000.0,26.0,https://cellphones.com.vn/dien-thoai-xiaomi-17t.html,False
mobile,Xiaomi 17 Ultra 5G 16GB 512GB,30290000.0,39990000.0,24.0,https://cellphones.com.vn/dien-thoai-xiaomi-17-ultra.html,False
mobile,iPhone 16 Pro Max 512GB | Chính hãng VN/A,38990000.0,40990000.0,5.0,https://cellphones.com.vn/iphone-16-pro-max-512gb.html,False
mobile,Xiaomi 17T Pro 5G 12GB 512GB,18790000.0,24990000.0,25.0,https://cellphones.com.vn/dien-thoai-xiaomi-17t-pro.html,False
mobile,iPhone 14 128GB  | Chính hãng VN/A,16990000.0,17990000.0,6.0,https://cellphones.com.vn/iphone-14.html,False
mobile,Samsung Galaxy A27 5G 6GB 128GB,7800000.0,8490000.0,8.0,https://cellphones.com.vn/dien-thoai-samsung-galaxy-a27.html,False
mobile,iPhone 15 256GB | Chính hãng VN/A,24990000.0,25990000.0,4.0,https://cellphones.com.vn/iphone-15-256gb.html,False
mobile,iPhone 17 Pro Max 1TB | Chính hãng,47490000.0,50990000.0,7.0,https://cellphones.com.vn/iphone-17-pro-max-1tb.html,False
mobile,Xiaomi POCO F8 Pro 5G 12GB 256GB,15490000.0,18990000.0,18.0,https://cellphones.com.vn/dien-thoai-poco-f8-pro-5g.html,False
mobile,Xiaomi Redmi Note 15 6GB 128GB,5190000.0,5990000.0,13.0,https://cellphones.com.vn/dien-thoai-xiaomi-redmi-note-15.html,False
mobile,iPhone 17 512GB | Chính hãng,32990000.0,35490000.0,7.0,https://cellphones.com.vn/iphone-17-512gb.html,False
mobile,Samsung Galaxy A07 4GB 128GB,3990000.0,4190000.0,5.0,https://cellphones.com.vn/dien-thoai-samsung-galaxy-a07.html,False
mobile,OPPO Find N6 16GB 512GB,64490000.0,64990000.0,1.0,https://cellphones.com.vn/dien-thoai-oppo-find-n6.html,False
mobile,Samsung Galaxy S25 Plus 256GB,19990000.0,26500000.0,25.0,https://cellphones.com.vn/dien-thoai-samsung-galaxy-s25-plus.html,False
mobile,iPhone 16 Plus 128GB | Chính hãng VN/A,24490000.0,27990000.0,13.0,https://cellphones.com.vn/iphone-16-plus.html,False
mobile,iPhone 17 Pro Max 2TB | Chính hãng,60290000.0,63990000.0,6.0,https://cellphones.com.vn/iphone-17-pro-max-2tb.html,False
mobile,iPhone 18 Pro Max 512GB,48490000.0,,,https://cellphones.com.vn/iphone-18-pro-max-512gb.html,False
mobile,OPPO Find X9 Ultra 12GB 512GB,44490000.0,49990000.0,11.0,https://cellphones.com.vn/dien-thoai-oppo-find-x9-ultra.html,False
mobile,Samsung Galaxy A17 8GB 128GB,5590000.0,6190000.0,10.0,https://cellphones.com.vn/dien-thoai-samsung-galaxy-a17.html,False
mobile,Nubia Neo 5 GT 8GB 256GB,8990000.0,9990000.0,10.0,https://cellphones.com.vn/dien-thoai-nubia-neo-5-gt.html,False
mobile,iPhone 17 Pro 1TB | Chính hãng,44690000.0,47990000.0,7.0,https://cellphones.com.vn/iphone-17-pro-1tb.html,False
mobile,HONOR X9d 5G 12GB 256GB,10240000.0,11990000.0,15.0,https://cellphones.com.vn/dien-thoai-honor-x9d-12gb-256gb.html,False
mobile,Xiaomi Redmi A7 3GB 64GB,3190000.0,3890000.0,18.0,https://cellphones.com.vn/dien-thoai-xiaomi-redmi-a7.html,False
mobile,Xiaomi Redmi Note 14 Pro Plus 5G 8GB 256GB,8490000.0,10800000.0,21.0,https://cellphones.com.vn/dien-thoai-xiaomi-redmi-note-14-pro-plus.html,False
mobile,HONOR 600 5G 8GB 256GB,14490000.0,17990000.0,19.0,https://cellphones.com.vn/dien-thoai-honor-600.html,False
mobile,HONOR X9d 5G 8GB 256GB,8740000.0,10990000.0,20.0,https://cellphones.com.vn/dien-thoai-honor-x9d-8gb-256gb.html,False
mobile,Xiaomi Redmi Note 15 5G 6GB 128GB,5990000.0,7490000.0,20.0,https://cellphones.com.vn/dien-thoai-xiaomi-redmi-note-15-5g.html,False
mobile,Samsung Galaxy A56 5G 8GB 128GB,8990000.0,9810000.0,8.0,https://cellphones.com.vn/dien-thoai-samsung-galaxy-a56.html,False
mobile,Xiaomi Redmi Note 15 Pro 12GB 256GB,7990000.0,10090000.0,21.0,https://cellphones.com.vn/dien-thoai-xiaomi-redmi-note-15-pro.html,False
mobile,Xiaomi Redmi Note 15 Pro 5G 12GB 256GB,9990000.0,11490000.0,13.0,https://cellphones.com.vn/dien-thoai-xiaomi-redmi-note-15-pro-5g.html,False
mobile,Samsung Galaxy Z Fold8 Ultra 5G 12GB 512GB,52490000.0,58990000.0,11.0,https://cellphones.com.vn/dien-thoai-samsung-galaxy-z-fold-8-ultra-512gb.html,False
mobile,iPhone 16e 256GB | Chính hãng VN/A,16190000.0,,,https://cellphones.com.vn/iphone-16e-256gb.html,False
mobile,iPhone 16 Plus 256GB | Chính hãng VN/A,27890000.0,30990000.0,10.0,https://cellphones.com.vn/iphone-16-plus-256gb.html,False
mobile,Samsung Galaxy S24 Ultra 12GB 256GB,25290000.0,29450000.0,14.0,https://cellphones.com.vn/samsung-galaxy-s24-ultra.html,False
mobile,Samsung Galaxy A07 5G 4GB 128GB,4990000.0,5890000.0,15.0,https://cellphones.com.vn/dien-thoai-samsung-galaxy-a07-5g.html,False
mobile,OPPO Reno15 5G 12GB 256GB,14990000.0,16990000.0,12.0,https://cellphones.com.vn/dien-thoai-oppo-reno15.html,False
mobile,Samsung Galaxy Z Fold7 12GB 256GB,40990000.0,46990000.0,13.0,https://cellphones.com.vn/dien-thoai-samsung-galaxy-z-fold-7.html,False
mobile,Samsung Galaxy Z Fold8 5G 12GB 512GB,46990000.0,52990000.0,11.0,https://cellphones.com.vn/dien-thoai-samsung-galaxy-z-fold-8-512gb.html,False
mobile,POCO X8 Pro Max 12GB 512GB,14790000.0,17990000.0,18.0,https://cellphones.com.vn/dien-thoai-xiaomi-poco-x8-pro-max-12gb-512gb.html,False
mobile,HONOR 400 5G 12GB 256GB,10990000.0,13250000.0,17.0,https://cellphones.com.vn/dien-thoai-honor-400-5g.html,False
mobile,OPPO Reno15 F 5G 8GB 256GB,11990000.0,,,https://cellphones.com.vn/dien-thoai-oppo-reno15-f.html,False
mobile,iPhone 17e 512GB | Chính hãng,26990000.0,28490000.0,5.0,https://cellphones.com.vn/iphone-17e-512gb.html,False
mobile,HONOR X7d 8GB 128GB,5240000.0,6990000.0,25.0,https://cellphones.com.vn/dien-thoai-honor-x7d-8gb-128gb.html,False
mobile,Xiaomi POCO F9 Ultra 5G 16GB 512GB,26290000.0,31990000.0,18.0,https://cellphones.com.vn/dien-thoai-xiaomi-poco-f9-ultra-16gb-512gb.html,False
mobile,Samsung Galaxy S24 Plus 12GB 256GB,15490000.0,18650000.0,17.0,https://cellphones.com.vn/samsung-galaxy-s24-plus.html,False
mobile,Samsung Galaxy S26 Plus 5G 12GB 256GB,23990000.0,29990000.0,20.0,https://cellphones.com.vn/dien-thoai-samsung-galaxy-s26-plus.html,False
mobile,Điện thoại Meizu Mblu Note 21 Pro NFC 8GB 256GB,4790000.0,4990000.0,4.0,https://cellphones.com.vn/dien-thoai-meizu-mblu-note-21-pro.html,False
mobile,Nubia Neo 5 GT Special Edition 12GB 256GB,13990000.0,,,https://cellphones.com.vn/dien-thoai-nubia-neo-5-gt-special-edition.html,False
mobile,Nubia Neo 5 Max 5G 8GB 256GB,8790000.0,9290000.0,5.0,https://cellphones.com.vn/dien-thoai-nubia-neo-5-max.html,False
mobile,TECNO CAMON 40 8GB 128GB,5190000.0,5890000.0,12.0,https://cellphones.com.vn/dien-thoai-tecno-camon-40.html,False
mobile,HONOR X8d 8GB 128GB,6340000.0,8090000.0,22.0,https://cellphones.com.vn/dien-thoai-honor-x8d.html,False
mobile,Xiaomi 17 Ultra 5G 16GB 1TB,34990000.0,42990000.0,19.0,https://cellphones.com.vn/dien-thoai-xiaomi-17-ultra-16gb-1tb.html,False
mobile,Nubia Neo 3 GT 12GB 256GB,7490000.0,,,https://cellphones.com.vn/dien-thoai-nubia-neo-3-gt-12gb-256gb.html,False
mobile,HONOR 400 Pro 5G 12GB 512GB,15790000.0,18660000.0,15.0,https://cellphones.com.vn/dien-thoai-honor-400-pro-5g.html,False
mobile,Samsung Galaxy A36 5G 8GB 128GB,7490000.0,8140000.0,8.0,https://cellphones.com.vn/dien-thoai-samsung-galaxy-a36.html,False
mobile,Nubia V80 Design 8GB 128GB,3990000.0,,,https://cellphones.com.vn/dien-thoai-nubia-v80-design.html,False
mobile,Xiaomi Redmi 15 5G 8GB 256GB,5990000.0,6690000.0,10.0,https://cellphones.com.vn/dien-thoai-xiaomi-redmi-15-5g-8gb-256gb.html,False
mobile,Nothing Phone 2A Plus 5G 12GB 256GB,7990000.0,11490000.0,30.0,https://cellphones.com.vn/dien-thoai-nothing-phone-2a-plus.html,False
mobile,Xiaomi 17T Pro 12GB 1TB,20390000.0,26990000.0,24.0,https://cellphones.com.vn/dien-thoai-xiaomi-17t-pro-12gb-1tb.html,False
mobile,Xiaomi 15 Ultra 5G 16GB 1TB,28490000.0,38250000.0,26.0,https://cellphones.com.vn/dien-thoai-xiaomi-15-ultra-1tb.html,False
mobile,Samsung Galaxy S26 Ultra 5G 12GB 512GB,35990000.0,42990000.0,16.0,https://cellphones.com.vn/dien-thoai-samsung-galaxy-s26-ultra-12gb-512gb.html,False
mobile,iPhone 18 Pro Max 1TB,61490000.0,,,https://cellphones.com.vn/iphone-18-pro-max-1tb.html,False
mobile,OPPO Reno12 5G 12GB 256GB,9690000.0,12990000.0,25.0,https://cellphones.com.vn/dien-thoai-oppo-reno12-5g.html,False
mobile,Samsung Galaxy Z Fold8 Ultra 5G 16GB 1TB,61390000.0,70990000.0,14.0,https://cellphones.com.vn/dien-thoai-samsung-galaxy-z-fold-8-ultra-1tb.html,False
mobile,Samsung Galaxy S26 5G 12GB 512GB,28990000.0,31990000.0,9.0,https://cellphones.com.vn/dien-thoai-samsung-galaxy-s26-12gb-512gb.html,False
mobile,Xiaomi POCO F9 Ultra 5G 16GB 1TB,30290000.0,39990000.0,24.0,https://cellphones.com.vn/dien-thoai-xiaomi-poco-f9-ultra-16gb-1tb.html,False
mobile,Samsung Galaxy S25 256GB,17490000.0,22580000.0,23.0,https://cellphones.com.vn/dien-thoai-samsung-galaxy-s25.html,False
mobile,iPhone 18 Pro 512GB,45490000.0,,,https://cellphones.com.vn/iphone-18-pro-512gb.html,False
mobile,Sony Xperia 1 VIII 5G 12GB 256GB,37990000.0,38990000.0,3.0,https://cellphones.com.vn/dien-thoai-sony-xperia-1-viii.html,False
mobile,Samsung Galaxy Z Fold 6 12GB 256GB,29990000.0,43990000.0,32.0,https://cellphones.com.vn/samsung-galaxy-z-fold-6.html,False
mobile,Samsung Galaxy S25 Edge 5G 12GB 256GB,18990000.0,29450000.0,36.0,https://cellphones.com.vn/dien-thoai-samsung-galaxy-s25-edge.html,False
mobile,iPhone 18 Pro 1TB,57990000.0,58490000.0,1.0,https://cellphones.com.vn/iphone-18-pro-1tb.html,False
mobile,Xiaomi Redmi Note 14 6GB 128GB,4690000.0,4900000.0,4.0,https://cellphones.com.vn/dien-thoai-xiaomi-redmi-note-14.html,False
mobile,Xiaomi Redmi Note 14 5G 8GB 256GB,6490000.0,7160000.0,9.0,https://cellphones.com.vn/dien-thoai-xiaomi-redmi-note-14-5g.html,False
mobile,Samsung Galaxy S25 FE 8GB 512GB,18990000.0,25690000.0,26.0,https://cellphones.com.vn/dien-thoai-samsung-galaxy-s25-fe-8gb-512gb.html,False
mobile,Xiaomi Redmi 15C 4GB 128GB NFC,3790000.0,4690000.0,19.0,https://cellphones.com.vn/dien-thoai-xiaomi-redmi-15c.html,False
mobile,Xiaomi Redmi 17 6GB 256GB,6290000.0,7490000.0,16.0,https://cellphones.com.vn/dien-thoai-xiaomi-redmi-17.html,False
mobile,Samsung Galaxy A06 5G 4GB 128GB,2590000.0,3920000.0,34.0,https://cellphones.com.vn/dien-thoai-samsung-galaxy-a06-5g.html,False
mobile,Samsung Galaxy S25 Ultra 512GB,28990000.0,39490000.0,27.0,https://cellphones.com.vn/dien-thoai-samsung-galaxy-s25-ultra-512gb.html,False
mobile,Xiaomi Redmi 15C 8GB 256GB NFC,4990000.0,5690000.0,12.0,https://cellphones.com.vn/dien-thoai-xiaomi-redmi-15c-8gb-256gb.html,False
mobile,Xiaomi Redmi A7 Pro 4GB 128GB NFC,3890000.0,4490000.0,13.0,https://cellphones.com.vn/dien-thoai-xiaomi-redmi-a7-pro.html,False
mobile,Điện thoại Itel P55 Plus NFC 8GB 256GB,3590000.0,3990000.0,10.0,https://cellphones.com.vn/dien-thoai-itel-p55-plus-8gb-256gb.html,False
mobile,OPPO Find X8 16GB 512GB,19490000.0,22990000.0,15.0,https://cellphones.com.vn/dien-thoai-oppo-find-x8.html,False
mobile,HONOR Magic V5 16GB 512GB,33490000.0,44990000.0,26.0,https://cellphones.com.vn/dien-thoai-honor-magic-v5.html,False
mobile,HONOR X7d 8GB 256GB,5540000.0,7190000.0,23.0,https://cellphones.com.vn/dien-thoai-honor-x7d.html,False
mobile,Samsung Galaxy Z Fold8 5G 16GB 1TB,56090000.0,64990000.0,14.0,https://cellphones.com.vn/dien-thoai-samsung-galaxy-z-fold-8-1tb.html,False
mobile,Xiaomi 15 Ultra 5G 16GB 512GB,25990000.0,34360000.0,24.0,https://cellphones.com.vn/dien-thoai-xiaomi-15-ultra.html,False
mobile,Meizu Lucky 08 5G 12GB 256GB,6290000.0,7490000.0,16.0,https://cellphones.com.vn/dien-thoai-meizu-lucky-08.html,False
mobile,Tecno Pova Curve 2 5G 8GB 128GB,8990000.0,10990000.0,18.0,https://cellphones.com.vn/dien-thoai-tecno-pova-curve-2-5g.html,False
mobile,OPPO Reno10 Pro+ 5G 12GB 256GB,10490000.0,13990000.0,25.0,https://cellphones.com.vn/oppo-reno10-pro-plus.html,False
mobile,Nubia Neo 5 GT 12GB 256GB,9990000.0,11490000.0,13.0,https://cellphones.com.vn/dien-thoai-nubia-neo-5-gt-12gb-256gb.html,False
mobile,Nubia V80 Max 8GB 256GB,4690000.0,4990000.0,6.0,https://cellphones.com.vn/dien-thoai-nubia-v80-max.html,False
mobile,HONOR X9d 5G 12GB 512GB,11290000.0,12990000.0,13.0,https://cellphones.com.vn/dien-thoai-honor-x9d.html,False
mobile,Xiaomi Redmi 17 5G 4GB 128GB,5190000.0,6490000.0,20.0,https://cellphones.com.vn/dien-thoai-xiaomi-redmi-17-5g.html,False
mobile,Samsung Galaxy S26 Ultra 5G 16GB 1TB,41990000.0,51990000.0,19.0,https://cellphones.com.vn/dien-thoai-samsung-galaxy-s26-ultra-16gb-1tb.html,False
mobile,OPPO A6c 4GB 128GB,5490000.0,5690000.0,4.0,https://cellphones.com.vn/dien-thoai-oppo-a6c-4gb-128gb.html,False
mobile,Sony Xperia 1 VII 12GB 256GB,23990000.0,34990000.0,31.0,https://cellphones.com.vn/dien-thoai-sony-xperia-1-vii.html,False
mobile,Samsung Galaxy A55 5G 8GB 128GB,7590000.0,9990000.0,24.0,https://cellphones.com.vn/samsung-galaxy-a55.html,False
mobile,Xiaomi 15T Pro 5G 12GB 512GB,15990000.0,19490000.0,18.0,https://cellphones.com.vn/dien-thoai-xiaomi-15t-pro-5g.html,False
mobile,HONOR Win RT,,,,https://cellphones.com.vn/dien-thoai-honor-win-rt.html,True
mobile,TECNO Spark 40 Pro+ 8GB 256GB,5190000.0,5690000.0,9.0,https://cellphones.com.vn/dien-thoai-tecno-spark-40-pro-plus.html,False
mobile,OPPO A6t Pro 8GB 128GB,10990000.0,,,https://cellphones.com.vn/dien-thoai-oppo-a6t-pro.html,False
mobile,Sony Xperia 10 VII 8GB 128GB,9990000.0,13490000.0,26.0,https://cellphones.com.vn/dien-thoai-sony-xperia-10-vii.html,False
mobile,OPPO A6t 4GB 128GB,6230000.0,7090000.0,12.0,https://cellphones.com.vn/dien-thoai-oppo-a6t-4gb-128gb.html,False
mobile,Điện thoại Meizu Mblu 22 Pro NFC 4GB 128GB,3490000.0,3990000.0,13.0,https://cellphones.com.vn/dien-thoai-meizu-mblu-22-pro.html,False
mobile,OPPO A6c 4GB 64GB,4490000.0,4690000.0,4.0,https://cellphones.com.vn/dien-thoai-oppo-a6c.html,False
mobile,ZTE Nubia Z60S Pro 16GB 512GB,11490000.0,12000000.0,4.0,https://cellphones.com.vn/dien-thoai-zte-nubia-z60s-pro-16gb-512gb.html,False
mobile,iPhone Duo 256GB,64990000.0,,,https://cellphones.com.vn/iphone-duo-256gb.html,False
mobile,OPPO Reno14 5G 12GB 256GB,15500000.0,15990000.0,3.0,https://cellphones.com.vn/dien-thoai-oppo-reno14.html,False
mobile,Nothing Phone 3A 8GB 128GB,8790000.0,8990000.0,2.0,https://cellphones.com.vn/dien-thoai-nothing-phone-3a.html,False
mobile,OPPO A6t 6GB 256GB,7940000.0,8990000.0,12.0,https://cellphones.com.vn/dien-thoai-oppo-a6t-6gb-256gb.html,False
mobile,realme GT Neo 3,,,,https://cellphones.com.vn/realme-gt-neo-3.html,True
mobile,iPhone 16 Pro 1TB | Chính hãng VN/A,35990000.0,43990000.0,18.0,https://cellphones.com.vn/iphone-16-pro-1tb.html,False
mobile,Huawei Mate X7 16GB 512GB,42990000.0,54990000.0,22.0,https://cellphones.com.vn/dien-thoai-huawei-mate-x7.html,False
mobile,OPPO Find X9 16GB 512GB,26990000.0,,,https://cellphones.com.vn/dien-thoai-oppo-find-x9-16gb-512gb.html,False
mobile,OPPO A79 5G 8GB 256GB,7060000.0,7490000.0,6.0,https://cellphones.com.vn/oppo-a79.html,False
mobile,OPPO A6t 4GB 64GB,4840000.0,4990000.0,3.0,https://cellphones.com.vn/dien-thoai-oppo-a6t.html,False
mobile,OPPO Find X5 Pro 5G 12GB 256GB,12990000.0,15990000.0,19.0,https://cellphones.com.vn/oppo-find-x5-pro.html,False
mobile,Xiaomi 15 5G 12GB 512GB,18990000.0,26500000.0,28.0,https://cellphones.com.vn/dien-thoai-xiaomi-15-12gb-512gb.html,False
mobile,Samsung Galaxy Note 10+ (Plus),26990000.0,,,https://cellphones.com.vn/samsung-galaxy-note-10-plus.html,False
mobile,Nubia V80 Max 6GB 128GB,3890000.0,3990000.0,3.0,https://cellphones.com.vn/dien-thoai-nubia-v80-max-6gb-128gb.html,False
mobile,Điện thoại Meizu Mblu 22 4GB 128GB,2990000.0,3390000.0,12.0,https://cellphones.com.vn/dien-thoai-meizu-mblu-22-4gb-128gb.html,False
mobile,TECNO Spark 50 4GB 128GB,4790000.0,4990000.0,4.0,https://cellphones.com.vn/dien-thoai-tecno-spark-50.html,False
mobile,OPPO Find N3 16GB 512GB,26990000.0,44990000.0,40.0,https://cellphones.com.vn/oppo-find-n3.html,False
mobile,Điện thoại trẻ em Masstel Alfa 5,1050000.0,1390000.0,24.0,https://cellphones.com.vn/dien-thoai-masstel-alfa-5.html,False
mobile,Meizu Lucky 08 5G 8GB 256GB,5790000.0,6490000.0,11.0,https://cellphones.com.vn/dien-thoai-meizu-lucky-08-8gb-256gb.html,False
mobile,OPPO A6 8GB 256GB,10740000.0,11990000.0,10.0,https://cellphones.com.vn/dien-thoai-oppo-a6.html,False
mobile,Samsung Galaxy S20,21490000.0,,,https://cellphones.com.vn/samsung-galaxy-s20.html,False
mobile,Nubia Neo 3 4G 8GB 128GB,5290000.0,6490000.0,18.0,https://cellphones.com.vn/dien-thoai-nubia-neo-3-4g.html,False
mobile,HONOR X7d 5G 8GB 256GB,6540000.0,7990000.0,18.0,https://cellphones.com.vn/dien-thoai-honor-x7d-5g-8gb-256gb.html,False
mobile,Nubia V80 Design 4GB 128GB,3690000.0,3990000.0,8.0,https://cellphones.com.vn/dien-thoai-nubia-v80-design-4gb-128gb.html,False
mobile,OPPO Reno12 F 5G 8GB 256GB,7120000.0,9490000.0,25.0,https://cellphones.com.vn/dien-thoai-oppo-reno12-f.html,False
mobile,Samsung Galaxy S26 Plus 5G 12GB 512GB,29990000.0,35990000.0,17.0,https://cellphones.com.vn/dien-thoai-samsung-galaxy-s26-plus-12gb-512gb.html,False
mobile,Nubia Air 5G 8GB 256GB,5490000.0,5990000.0,8.0,https://cellphones.com.vn/dien-thoai-nubia-air-5g.html,False
mobile,OPPO A6 Pro 8GB 128GB,8290000.0,,,https://cellphones.com.vn/dien-thoai-oppo-a6-pro-8gb-128gb.html,False
mobile,Điện thoại Meizu Mblu 21 6GB 128GB,2790000.0,2990000.0,7.0,https://cellphones.com.vn/dien-thoai-meizu-mblu-21-128gb.html,False
mobile,Nubia Neo 3 5G 8GB 256GB,5090000.0,5490000.0,7.0,https://cellphones.com.vn/dien-thoai-nubia-neo-3-5g.html,False
mobile,Điện thoại Meizu Mblu 22 Pro NFC 6GB 256GB,3690000.0,3990000.0,8.0,https://cellphones.com.vn/dien-thoai-meizu-mblu-22-pro-6gb-256gb.html,False
mobile,Nokia 220 4G,980000.0,1100000.0,11.0,https://cellphones.com.vn/nokia-220-4g.html,False
mobile,Samsung Galaxy S25 Plus 512GB,21590000.0,29490000.0,27.0,https://cellphones.com.vn/dien-thoai-samsung-galaxy-s25-plus-512gb.html,False
mobile,Nothing Phone 2A 5G 8GB 128GB,7190000.0,8990000.0,20.0,https://cellphones.com.vn/dien-thoai-nothing-phone-2a.html,False
mobile,TECNO CAMON 40 Pro 8GB 256GB,5790000.0,6870000.0,16.0,https://cellphones.com.vn/dien-thoai-tecno-camon-40-pro.html,False
mobile,Nubia Neo 5 Max 5G 8GB 512GB,9790000.0,10290000.0,5.0,https://cellphones.com.vn/dien-thoai-nubia-neo-5-max-8gb-512gb.html,False
mobile,vivo iQOO Z9 Turbo,,,,https://cellphones.com.vn/dien-thoai-vivo-qioo-z9-turbo.html,True
mobile,HONOR X6c 6GB 128GB NFC,4190000.0,4590000.0,9.0,https://cellphones.com.vn/dien-thoai-honor-x6c.html,False
mobile,OPPO Find N,,,,https://cellphones.com.vn/oppo-find-n.html,True
mobile,OPPO Reno13 F 5G 12GB 256GB,8990000.0,10990000.0,18.0,https://cellphones.com.vn/dien-thoai-oppo-reno13f-5g.html,False
mobile,Samsung Galaxy A08 4GB 64GB,4640000.0,4790000.0,3.0,https://cellphones.com.vn/dien-thoai-samsung-galaxy-a08.html,False
mobile,Samsung Galaxy M55 12GB 256GB,7990000.0,10990000.0,27.0,https://cellphones.com.vn/dien-thoai-samsung-galaxy-m55.html,False
mobile,Samsung Galaxy S24 8GB 512GB,14990000.0,26490000.0,43.0,https://cellphones.com.vn/samsung-galaxy-s24-512gb.html,False
mobile,Điện thoại Meizu Mblu 22 3GB 64GB,2990000.0,,,https://cellphones.com.vn/dien-thoai-meizu-mblu-22.html,False
mobile,HONOR 400 5G 12GB 512GB,12990000.0,14230000.0,9.0,https://cellphones.com.vn/dien-thoai-honor-400-5g-12gb-512gb.html,False
mobile,Nokia HMD 105 4G,750000.0,,,https://cellphones.com.vn/nokia-hmd-105-4g.html,False
mobile,Samsung Galaxy Z Fold7 12GB 512GB,42290000.0,52990000.0,20.0,https://cellphones.com.vn/dien-thoai-samsung-galaxy-z-fold-7-12gb-512gb.html,False
mobile,TECNO CAMON 40 8GB 256GB,5390000.0,6380000.0,16.0,https://cellphones.com.vn/dien-thoai-tecno-camon-40-8gb-256gb.html,False
mobile,TECNO Spark Go 3 4GB 64GB,3490000.0,3690000.0,5.0,https://cellphones.com.vn/dien-thoai-tecno-spark-go-3.html,False
mobile,Nothing Phone 2A 5G 12GB 256GB,8490000.0,10190000.0,17.0,https://cellphones.com.vn/dien-thoai-nothing-phone-2a-12gb-256gb.html,False
mobile,Samsung Galaxy Z Flip7 12GB 512GB,24990000.0,34990000.0,29.0,https://cellphones.com.vn/dien-thoai-samsung-galaxy-z-flip-7-12gb-512gb.html,False
mobile,Redmi K50 Gaming Edition,,,,https://cellphones.com.vn/redmi-k50-gaming-edition.html,True
mobile,Samsung Galaxy Note 10,13800000.0,22990000.0,40.0,https://cellphones.com.vn/samsung-galaxy-note-10-chinh-hang.html,False
mobile,Điện thoại Meizu Mblu 22 Pro NFC 8GB 256GB,4090000.0,4990000.0,18.0,https://cellphones.com.vn/dien-thoai-meizu-mblu-22-pro-8gb-256gb.html,False
mobile,realme 13+ 5G 8GB 256GB,6590000.0,9490000.0,31.0,https://cellphones.com.vn/dien-thoai-realme-13-plus-5g.html,False
mobile,Samsung Galaxy A06 4GB 128GB,2590000.0,3430000.0,24.0,https://cellphones.com.vn/dien-thoai-samsung-galaxy-a06.html,False
mobile,Xiaomi Redmi Note 11,3890000.0,4690000.0,17.0,https://cellphones.com.vn/xiaomi-redmi-note-11.html,False
mobile,Redmi Turbo 5 Max,,,,https://cellphones.com.vn/dien-thoai-xiaomi-redmi-turbo-5-max.html,True
mobile,Nokia 3210 4G,1470000.0,1490000.0,1.0,https://cellphones.com.vn/nokia-3210-4g.html,False
mobile,Masstel Izi 15 4G,420000.0,450000.0,7.0,https://cellphones.com.vn/masstel-izi-15.html,False
mobile,OPPO A58 4G 6GB 128GB,4090000.0,4990000.0,18.0,https://cellphones.com.vn/oppo-a58.html,False
mobile,Tecno Pova Curve 2 5G 8GB 256GB,9990000.0,12690000.0,21.0,https://cellphones.com.vn/dien-thoai-tecno-pova-curve-2-5g-8gb-256gb.html,False
mobile,vivo Y28 8GB 256GB,6490000.0,,,https://cellphones.com.vn/dien-thoai-vivo-y28-8gb-256gb.html,False
mobile,OPPO A3 8GB 256GB,5780000.0,6490000.0,11.0,https://cellphones.com.vn/dien-thoai-oppo-a3-8gb-256gb.html,False
mobile,Nokia 105 4G Pro,780000.0,,,https://cellphones.com.vn/nokia-105-4g-pro.html,False
mobile,HONOR Power 2,,,,https://cellphones.com.vn/dien-thoai-honor-power-2.html,True
mobile,Xiaomi Redmi Note 12 Pro 4G,,,,https://cellphones.com.vn/xiaomi-redmi-note-12-pro-56074.html,True
mobile,Nokia 110 4G Pro,850000.0,,,https://cellphones.com.vn/nokia-110-4g-pro.html,False
mobile,Xiaomi POCO F8 Ultra 12GB 256GB,,,,https://cellphones.com.vn/dien-thoai-xiaomi-poco-f8-ultra.html,True
mobile,OPPO A5i Pro 8GB 128GB,6290000.0,,,https://cellphones.com.vn/dien-thoai-oppo-a5i-pro.html,False
mobile,OPPO A3 6GB 128GB,4500000.0,4990000.0,10.0,https://cellphones.com.vn/dien-thoai-oppo-a3.html,False
mobile,Điện thoại Samsung Galaxy gập mới,,,,https://cellphones.com.vn/dien-thoai-samsung-galaxy-gap-moi.html,True
mobile,OPPO Reno8 5G (8GB 256GB),13990000.0,,,https://cellphones.com.vn/oppo-reno-8-5g.html,False
mobile,Xiaomi 13 Pro (12GB - 256GB),24490000.0,29990000.0,18.0,https://cellphones.com.vn/xiaomi-13-pro.html,False
mobile,Điện thoại Nubia A56 4GB 128GB,3390000.0,,,https://cellphones.com.vn/dien-thoai-nubia-a56-4gb-128gb.html,False
mobile,Nubia V70 Max 6GB 128GB,2590000.0,,,https://cellphones.com.vn/dien-thoai-nubia-v70-max-6gb-128gb.html,False
mobile,Nubia V80 Max 8GB 128GB,4990000.0,,,https://cellphones.com.vn/dien-thoai-nubia-v80-max-8gb-128gb.html,False
mobile,Xiaomi Redmi Note 12 Turbo,,,,https://cellphones.com.vn/redmi-note-12-turbo.html,True
mobile,Xiaomi Redmi Turbo 4,,,,https://cellphones.com.vn/dien-thoai-xiaomi-redmi-turbo-4.html,True
mobile,Huawei Mate XT Ultimate,,,,https://cellphones.com.vn/dien-thoai-huawei-mate-xt-ultimate.html,True
mobile,vivo iQOO Z9,,,,https://cellphones.com.vn/dien-thoai-vivo-qioo-z9.html,True
mobile,Điện thoại Meizu Mblu 21 4GB 64GB,2290000.0,2490000.0,8.0,https://cellphones.com.vn/dien-thoai-meizu-mblu-21.html,False
mobile,OPPO A58 8GB 128GB,4500000.0,5490000.0,18.0,https://cellphones.com.vn/oppo-a58-8gb-128gb.html,False
mobile,Xiaomi Redmi 13,3990000.0,,,https://cellphones.com.vn/dien-thoai-xiaomi-redmi-13.html,False
mobile,Xiaomi Poco F7 Pro,,,,https://cellphones.com.vn/dien-thoai-xiaomi-poco-f7-pro.html,True
mobile,Honor X5c Plus 4GB 64GB,3390000.0,3690000.0,8.0,https://cellphones.com.vn/dien-thoai-honor-x5c-plus.html,False
mobile,vivo Y16 4GB 128GB,4490000.0,,,https://cellphones.com.vn/vivo-y16.html,False
mobile,HONOR Play 10 4GB 128GB,3690000.0,4390000.0,16.0,https://cellphones.com.vn/dien-thoai-honor-play-10-4gb-128gb.html,False
mobile,Huawei P60 Pro,,,,https://cellphones.com.vn/huawei-p60-pro.html,True
mobile,Honor X5c Plus 4GB 128GB,3790000.0,3990000.0,5.0,https://cellphones.com.vn/dien-thoai-honor-x5c-plus-4gb-128gb.html,False
mobile,Google Pixel 6,,,,https://cellphones.com.vn/google-pixel-6.html,True
mobile,Huawei P60,,,,https://cellphones.com.vn/huawei-p60.html,True
mobile,Xiaomi Black Shark 5,,,,https://cellphones.com.vn/xiaomi-black-shark-5.html,True
mobile,POCO F6,,,,https://cellphones.com.vn/dien-thoai-xiaomi-poco-f6.html,True
mobile,Benco S1 Pro 8GB 256GB,,,,https://cellphones.com.vn/dien-thoai-benco-s1-pro.html,True
mobile,TCL 40 NXT PAPER 8GB 256GB,4490000.0,,,https://cellphones.com.vn/tcl-40-nxt-paper.html,False
mobile,OPPO A7 Pro 5G,,,,https://cellphones.com.vn/dien-thoai-oppo-a7-pro-5g.html,True
mobile,Masstel izi T8,530000.0,550000.0,4.0,https://cellphones.com.vn/dien-thoai-masstel-izi-t8.html,False
mobile,Honor Magic 5 Pro,,,,https://cellphones.com.vn/honor-magic-5-pro.html,True
mobile,Nubia Red Magic 9 Pro,,,,https://cellphones.com.vn/dien-thoai-nubia-red-magic-9-pro.html,True
mobile,Masstel Fami 8 4G,580000.0,600000.0,3.0,https://cellphones.com.vn/dien-thoai-masstel-fami-8.html,False
mobile,Xiaomi 15 Pro,,,,https://cellphones.com.vn/dien-thoai-xiaomi-15-pro.html,True
mobile,Điện thoại Xiaomi 17 Pro Max,,,,https://cellphones.com.vn/dien-thoai-xiaomi-17-pro-max.html,True
mobile,Viettel T2 4G,530000.0,550000.0,4.0,https://cellphones.com.vn/dien-thoai-viettel-t2-4g.html,False
mobile,Honor Magic 6 Pro,,,,https://cellphones.com.vn/dien-thoai-honor-magic-6-pro-77856.html,True
mobile,Masstel izi T5 plus 4G,530000.0,550000.0,4.0,https://cellphones.com.vn/dien-thoai-masstel-izi-t5-plus.html,False
mobile,Honor Magic 5,,,,https://cellphones.com.vn/honor-magic-5.html,True
mobile,Google Pixel 7 Pro,,,,https://cellphones.com.vn/google-pixel-7-pro.html,True
mobile,Masstel Izi S8,485000.0,505000.0,4.0,https://cellphones.com.vn/dien-thoai-masstel-izi-s8.html,False
mobile,OPPO A56,,,,https://cellphones.com.vn/oppo-a56.html,True
mobile,Xiaomi 13 Ultra,,,,https://cellphones.com.vn/xiaomi-13-ultra.html,True
mobile,Xiaomi 18 Pro Max 5G 12GB 256GB,,,,https://cellphones.com.vn/dien-thoai-xiaomi-18-pro-max.html,True
mobile,Xiaomi Redmi K70,,,,https://cellphones.com.vn/xiaomi-redmi-k70.html,True
mobile,Xiaomi 17 5G,,,,https://cellphones.com.vn/dien-thoai-xiaomi-17-5g.html,True
mobile,Xiaomi 18 Pro Max 5G 16GB 512GB,,,,https://cellphones.com.vn/dien-thoai-xiaomi-18-pro-max-16gb-512gb.html,True
mobile,Masstel izi  22,470000.0,490000.0,4.0,https://cellphones.com.vn/dien-thoai-masstel-izi-22.html,False
mobile,Masstel Fami 25,650000.0,680000.0,4.0,https://cellphones.com.vn/dien-thoai-masstel-fami-25.html,False
mobile,Honor X40 5G,,,,https://cellphones.com.vn/honor-x40.html,True
mobile,TECNO Pova 8 8GB 128GB,,,,https://cellphones.com.vn/dien-thoai-tecno-pova-8.html,True
mobile,Nothing Phone 2,,,,https://cellphones.com.vn/nothing-phone-2.html,True
mobile,Google Pixel 9 Pro,,,,https://cellphones.com.vn/dien-thoai-google-pixel-9-pro.html,True
mobile,Huawei Mate X6,,,,https://cellphones.com.vn/dien-thoai-huawei-mate-x6.html,True
mobile,realme GT Neo 5,,,,https://cellphones.com.vn/realme-gt-neo-5.html,True
mobile,Xiaomi 17 5G 12GB 512GB,,,,https://cellphones.com.vn/dien-thoai-xiaomi-17-12gb-512gb.html,True
mobile,Infinix HOT 50i 4GB 128GB,,,,https://cellphones.com.vn/dien-thoai-infinix-hot-50i.html,True
mobile,Masstel izi S5 4G,440000.0,,,https://cellphones.com.vn/dien-thoai-masstel-izi-s5.html,False
mobile,iPhone Duo 512GB,71490000.0,,,https://cellphones.com.vn/iphone-duo-512gb.html,False
mobile,OPPO Find X7 Pro,,,,https://cellphones.com.vn/oppo-find-x7-pro.html,True
mobile,Realme V30,,,,https://cellphones.com.vn/realme-v30.html,True
mobile,Google Pixel 7,,,,https://cellphones.com.vn/google-pixel-7.html,True
mobile,Google Pixel 9,,,,https://cellphones.com.vn/dien-thoai-google-pixel-9.html,True
mobile,Huawei Mate 60 Pro,,,,https://cellphones.com.vn/huawei-mate-60-pro.html,True
mobile,Samsung Galaxy Buddy2,,,,https://cellphones.com.vn/samsung-galaxy-buddy2.html,True
mobile,Điện thoại Xiaomi 17 Pro,,,,https://cellphones.com.vn/dien-thoai-xiaomi-17-pro.html,True
mobile,Meizu 20,,,,https://cellphones.com.vn/meizu-20.html,True
mobile,HONOR 600S 6GB 128GB,,,,https://cellphones.com.vn/dien-thoai-honor-600s.html,True
mobile,Nothing Phone (4a) Pro 5G 12GB/256GB,,,,https://cellphones.com.vn/dien-thoai-nothing-phone-4a-pro.html,True
mobile,Google Pixel Fold,,,,https://cellphones.com.vn/google-pixel-fold.html,True
mobile,Google Pixel 8 Pro,,,,https://cellphones.com.vn/google-pixel-8-pro.html,True
mobile,Xiaomi Redmi K70 Pro,,,,https://cellphones.com.vn/xiaomi-redmi-k70-pro.html,True
mobile,OnePlus Nord N30,,,,https://cellphones.com.vn/oneplus-nord-n30.html,True
mobile,Xiaomi Mix Fold 3,,,,https://cellphones.com.vn/xiaomi-mix-fold-3.html,True
mobile,Honor 200 Pro,,,,https://cellphones.com.vn/dien-thoai-honor-200-pro.html,True
mobile,Redmi K60,,,,https://cellphones.com.vn/xiaomi-redmi-k60.html,True
mobile,Samsung Galaxy M44,,,,https://cellphones.com.vn/samsung-galaxy-m44.html,True
mobile,Infinix GT 20 Pro 12GB 256GB,,,,https://cellphones.com.vn/dien-thoai-infinix-gt-20-pro.html,True
mobile,Xiaomi 18 Pro 5G 12GB 256GB,,,,https://cellphones.com.vn/dien-thoai-xiaomi-18-pro.html,True
mobile,Redmi K60 Pro 5G,,,,https://cellphones.com.vn/xiaomi-redmi-k60-pro.html,True
mobile,OPPO Find X8 Pro 5G 16GB 512GB,,,,https://cellphones.com.vn/dien-thoai-oppo-find-x8-pro.html,True
mobile,huawei p60 art,,,,https://cellphones.com.vn/huawei-p60-art.html,True
mobile,Xiaomi 18 Pro Max 5G 16GB 1TB,,,,https://cellphones.com.vn/dien-thoai-xiaomi-18-pro-max-16gb-1tb.html,True
mobile,Xiaomi 18 Pro 5G 12GB 512GB,,,,https://cellphones.com.vn/dien-thoai-xiaomi-18-pro-12gb-512gb.html,True
mobile,Xiaomi POCO M7,,,,https://cellphones.com.vn/dien-thoai-xiaomi-poco-m7.html,True
mobile,Honor X8A,,,,https://cellphones.com.vn/honor-x8a.html,True
mobile,vivo X90 Pro,,,,https://cellphones.com.vn/vivo-x90-pro.html,True
mobile,Xiaomi Redmi Note 13 Turbo,,,,https://cellphones.com.vn/dien-thoai-xiaomi-redmi-note-13-turbo.html,True
mobile,realme GT6 Pro,,,,https://cellphones.com.vn/dien-thoai-realme-gt6-pro.html,True
mobile,Xiaomi 14 Pro,,,,https://cellphones.com.vn/xiaomi-14-pro.html,True
mobile,OPPO Find X7 5G 12GB 256GB,,,,https://cellphones.com.vn/oppo-find-x7.html,True
mobile,Xiaomi Mi 10 Ultra,,,,https://cellphones.com.vn/xiaomi-mi-10-ultra.html,True
mobile,ViVo iQOO 10 Pro,,,,https://cellphones.com.vn/vivo-iqoo-10-pro.html,True
mobile,realme C75X 8GB-128GB,,,,https://cellphones.com.vn/dien-thoai-realme-c75x.html,True
mobile,iQOO 11,,,,https://cellphones.com.vn/iqoo-11.html,True
mobile,Red Magic 7S Pro,,,,https://cellphones.com.vn/nubia-red-magic-7s-pro.html,True
mobile,Samsung Galaxy A21s 6GB,4690000.0,,,https://cellphones.com.vn/samsung-galaxy-a21s-6gb.html,False
mobile,Nothing Phone 3A 12GB 256GB,9990000.0,10190000.0,2.0,https://cellphones.com.vn/dien-thoai-nothing-phone-3a-12gb-256gb.html,False
mobile,Samsung Galaxy A75,,,,https://cellphones.com.vn/samsung-galaxy-a75.html,True
mobile,Google Pixel 9 Pro XL,,,,https://cellphones.com.vn/dien-thoai-google-pixel-9-pro-xl.html,True
mobile,Điện thoại Xiaomi Poco F7,,,,https://cellphones.com.vn/dien-thoai-xiaomi-poco-f7.html,True
mobile,Vivo X90,,,,https://cellphones.com.vn/vivo-x90.html,True
mobile,OPPO Reno16 Pro,,,,https://cellphones.com.vn/dien-thoai-oppo-reno16-pro.html,True
mobile,Xiaomi POCO F5 Pro,,,,https://cellphones.com.vn/xiaomi-poco-f5-pro.html,True
mobile,OPPO Reno9 Pro,,,,https://cellphones.com.vn/oppo-reno-9-pro.html,True
mobile,ViVo iQOO 10,,,,https://cellphones.com.vn/vivo-iqoo-10.html,True
mobile,OPPO A2m,,,,https://cellphones.com.vn/oppo-a2m.html,True
mobile,ZTE Nubia Z60 Ultra,,,,https://cellphones.com.vn/zte-nubia-z60-ultra.html,True
mobile,Samsung Galaxy Tab S10 FE 5G,,,,https://cellphones.com.vn/dien-thoai-samsung-galaxy-tab-s10-fe-5g-99771.html,True
mobile,Xiaomi Redmi Note 14 Pro 5G 8GB 256GB,,,,https://cellphones.com.vn/xiaomi-redmi-note-14-pro-5g-8gb-256gb.html,True
mobile,OPPO Find N2,,,,https://cellphones.com.vn/oppo-find-n2.html,True
mobile,Xiaomi 18 Pro 5G 16GB 512GB,,,,https://cellphones.com.vn/dien-thoai-xiaomi-18-pro-16gb-512gb.html,True
mobile,Realme GT Neo 6,,,,https://cellphones.com.vn/realme-gt-neo-6.html,True
mobile,Motorola Razr 40 Ultra,,,,https://cellphones.com.vn/motorola-razr-40-ultra.html,True
mobile,Samsung Galaxy M16 5G,,,,https://cellphones.com.vn/dien-thoai-samsung-galaxy-m16-5g.html,True
mobile,Samsung Galaxy A24,,,,https://cellphones.com.vn/samsung-galaxy-a24.html,True
mobile,Vivo Y56,,,,https://cellphones.com.vn/vivo-y56.html,True
mobile,OPPO Find X8 Ultra,,,,https://cellphones.com.vn/dien-thoai-oppo-find-x8-ultra.html,True
mobile,Samsung Galaxy A06s,,,,https://cellphones.com.vn/dien-thoai-samsung-galaxy-a06s.html,True
mobile,Samsung A56 5G 12GB - 256GB,,,,https://cellphones.com.vn/dien-thoai-samsung-galaxy-a56-12gb-256gb.html,True
mobile,Xiaomi Mix Alpha,,,,https://cellphones.com.vn/xiaomi-mix-alpha.html,True
mobile,Nothing Phone (4a) 5G 8GB/128GB,,,,https://cellphones.com.vn/dien-thoai-nothing-phone-4a.html,True
mobile,Samsung Galaxy A74,,,,https://cellphones.com.vn/samsung-galaxy-a74.html,True
mobile,Honor X9,,,,https://cellphones.com.vn/honor-x9.html,True
mobile,Moto G Power 5G,,,,https://cellphones.com.vn/moto-g-power-5g.html,True
mobile,Sharp Aquos R8,,,,https://cellphones.com.vn/sharp-aquos-r8.html,True
mobile,Samsung Galaxy A18 6GB 128GB,,,,https://cellphones.com.vn/dien-thoai-samsung-galaxy-a18.html,True
mobile,vivo iQOO Z9x,,,,https://cellphones.com.vn/dien-thoai-vivo-qioo-z9x.html,True
mobile,HONOR Magic V Flip 2,,,,https://cellphones.com.vn/dien-thoai-honor-magic-v-flip-2.html,True
mobile,Oneplus Ace 2 Pro,,,,https://cellphones.com.vn/oneplus-ace-2-pro.html,True
mobile,Doogee V30 Pro,,,,https://cellphones.com.vn/doogee-v30-pro.html,True
mobile,Samsung Galaxy A16 5G 8GB 256GB,,,,https://cellphones.com.vn/dien-thoai-samsung-galaxy-a16-256gb.html,True
mobile,Xiaomi Redmi Note 14 Pro,,,,https://cellphones.com.vn/dien-thoai-xiaomi-redmi-note-14-pro.html,True
mobile,realme C75 (8GB-128GB),,,,https://cellphones.com.vn/dien-thoai-realme-c75.html,True
mobile,Vivo S1,,,,https://cellphones.com.vn/vivo-s1.html,True
mobile,Vivo Y01,,,,https://cellphones.com.vn/vivo-y01.html,True
mobile,Sony Xperia 10 VIII,,,,https://cellphones.com.vn/dien-thoai-sony-xperia-10-viii.html,True
mobile,OPPO A58 8GB 256GB,,,,https://cellphones.com.vn/oppo-a58-256gb.html,True
mobile,Vivo iQOO 9 Pro,,,,https://cellphones.com.vn/vivo-iqoo-9-pro.html,True
mobile,Realme GT3,,,,https://cellphones.com.vn/realme-gt3.html,True
mobile,OPPO A97,,,,https://cellphones.com.vn/oppo-a97.html,True
mobile,Huawei Nova 11i,,,,https://cellphones.com.vn/huawei-nova-11i.html,True
mobile,realme 10 Pro Plus,,,,https://cellphones.com.vn/realme-10-pro-plus.html,True
mobile,Honor 200 Lite,,,,https://cellphones.com.vn/dien-thoai-honor-200-lite.html,True
mobile,Vivo X90 Pro Plus,,,,https://cellphones.com.vn/vivo-x90-pro-plus.html,True
mobile,Vivo Y66,,,,https://cellphones.com.vn/vivo-y66.html,True
mobile,Honor X7,,,,https://cellphones.com.vn/honor-x7.html,True
mobile,vivo X Note,,,,https://cellphones.com.vn/vivo-x-note.html,True
mobile,Meizu 20 Pro,,,,https://cellphones.com.vn/meizu-20-pro.html,True
mobile,Xiaomi Redmi Note 12T Pro,,,,https://cellphones.com.vn/xiaomi-redmi-note-12t-pro.html,True
mobile,OPPO Find X6 Pro,,,,https://cellphones.com.vn/oppo-find-x6-pro.html,True
mobile,Tecno Spark 7,,,,https://cellphones.com.vn/tecno-spark-7.html,True
mobile,Xperia 10 V,,,,https://cellphones.com.vn/sony-xperia-10v-72444.html,True
mobile,Google Pixel 6a,,,,https://cellphones.com.vn/google-pixel-6-a.html,True
mobile,Xiaomi Redmi A5 4G,,,,https://cellphones.com.vn/dien-thoai-xiaomi-redmi-a5-4g.html,True
mobile,Leitz Phone 1,,,,https://cellphones.com.vn/leitz-phone.html,True
mobile,ZenFone 10,,,,https://cellphones.com.vn/asus-zenfone-10.html,True
mobile,Nothing Phone 3A Pro,,,,https://cellphones.com.vn/dien-thoai-nothing-phone-3a-pro.html,True
mobile,OPPO K10x,,,,https://cellphones.com.vn/oppo-k10x.html,True
mobile,Samsung Galaxy S24FE 5G 8GB 256GB,,,,https://cellphones.com.vn/dien-thoai-samsung-galaxy-s24-fe-256gb.html,True
mobile,iQOO Neo 7 Pro,,,,https://cellphones.com.vn/vivo-iqoo-neo-7-pro.html,True
mobile,Huawei Mate 50E,,,,https://cellphones.com.vn/huawei-mate-50e.html,True
mobile,Xiaomi 14 Lite,,,,https://cellphones.com.vn/xiaomi-14-lite.html,True
mobile,Realme GT Neo 5 SE,,,,https://cellphones.com.vn/realme-gt-neo-5-se.html,True
mobile,OPPO Reno12 F 4G 8GB 256GB,,,,https://cellphones.com.vn/dien-thoai-oppo-reno-12f-4g.html,True
mobile,Xiaomi Poco F4 GT,,,,https://cellphones.com.vn/xiaomi-poco-f4-gt.html,True
mobile,Xiaomi Redmi Note 14 Pro 8GB 128GB,,,,https://cellphones.com.vn/dien-thoai-xiaomi-redmi-note-14-pro-8gb-128gb.html,True
mobile,Realme Narzo 50i Prime,,,,https://cellphones.com.vn/realme-narzo-50i-prime.html,True
mobile,Xiaomi Civi 1S,,,,https://cellphones.com.vn/xiaomi-civi-1s.html,True
mobile,Huawei Enjoy 60X,,,,https://cellphones.com.vn/huawei-enjoy-60x.html,True
mobile,Google Pixel 5,,,,https://cellphones.com.vn/google-pixel-5.html,True
mobile,vivo X100 Pro,,,,https://cellphones.com.vn/dien-thoai-vivo-x100-pro.html,True
mobile,Xiaomi Mi 10T,,,,https://cellphones.com.vn/xiaomi-mi-10t.html,True
mobile,OPPO Reno 11 A,,,,https://cellphones.com.vn/dien-thoai-oppo-reno-11-a.html,True
mobile,Realme V30t,,,,https://cellphones.com.vn/realme-v30t.html,True
mobile,TCL 406S 4GB 64GB,1990000.0,,,https://cellphones.com.vn/dien-thoai-tcl-406s.html,False
mobile,Xiaomi Redmi Note 14 8GB 128GB,,,,https://cellphones.com.vn/dien-thoai-xiaomi-redmi-note-14-8gb-128gb.html,True
mobile,ZTE Nubia Z50 Ultra,,,,https://cellphones.com.vn/zte-nubia-z50-ultra.html,True
mobile,Samsung Galaxy A55 5G 12GB 256GB,,,,https://cellphones.com.vn/dien-thoai-samsung-galaxy-a55-5g-12gb-256gb.html,True
mobile,TCL 40SE 4GB 128GB,3390000.0,,,https://cellphones.com.vn/tcl-40-se.html,False
mobile,Redmi Note 12T Pro,,,,https://cellphones.com.vn/redmi-note-12t-pro-64076.html,True
mobile,Samsung W22,,,,https://cellphones.com.vn/samsung-galaxy-w22.html,True
mobile,Samsung Galaxy A15 5G,,,,https://cellphones.com.vn/dien-thoai-samsung-galaxy-a15-5g.html,True
mobile,Xiaomi Redmi Note 14S,,,,https://cellphones.com.vn/dien-thoai-xiaomi-redmi-note-14s.html,True
mobile,OPPO A2,,,,https://cellphones.com.vn/oppo-a2.html,True
mobile,Nokia X30 5G,,,,https://cellphones.com.vn/nokia-x30.html,True
mobile,OPPO A2x,,,,https://cellphones.com.vn/oppo-a2x.html,True
mobile,Honor 90 Pro,,,,https://cellphones.com.vn/honor-90-pro.html,True
mobile,Honor Magic 2,,,,https://cellphones.com.vn/honor-magic-2.html,True
mobile,Samsung A06 5G 4GB-64GB,,,,https://cellphones.com.vn/dien-thoai-samsung-galaxy-a06-4gb-64gb.html,True
mobile,Asus Rog Phone 8 ultimate,,,,https://cellphones.com.vn/asus-rog-phone-8-ultimate.html,True
mobile,Xiaomi POCO C65,,,,https://cellphones.com.vn/xiaomi-poco-c65.html,True
mobile,Huawei Nova Y91,,,,https://cellphones.com.vn/huawei-nova-y91.html,True
mobile,Nokia 150,,,,https://cellphones.com.vn/nokia-150.html,True
mobile,Motorola Moto G73,,,,https://cellphones.com.vn/motorola-moto-g73.html,True
mobile,Tecno Camon Slim 4G 8GB 128GB,,,,https://cellphones.com.vn/dien-thoai-tecno-camon-slim-4g.html,True
mobile,Xiaomi 18 Pro 5G 16GB 1TB,,,,https://cellphones.com.vn/dien-thoai-xiaomi-18-pro-16gb-1tb.html,True
mobile,OPPO Reno13F 5G 12GB-512GB,,,,https://cellphones.com.vn/dien-thoai-oppo-reno13f-5g-12gb-512gb.html,True
mobile,Honor 80 GT,,,,https://cellphones.com.vn/honor-80-gt.html,True
mobile,Vivo V27,,,,https://cellphones.com.vn/vivo-v27.html,True
mobile,OPPO A1 Pro,,,,https://cellphones.com.vn/oppo-a1-pro.html,True
mobile,Itel A70,,,,https://cellphones.com.vn/itel-a70.html,True
mobile,Google Pixel 6 Pro,,,,https://cellphones.com.vn/google-pixel-6-pro.html,True
mobile,HTC Wildfire E3 Lite,,,,https://cellphones.com.vn/htc-wildfire-e3-lite.html,True
mobile,vivo Y36 8GB 256GB,,,,https://cellphones.com.vn/dien-thoai-vivo-y36-8gb-256gb-79124.html,True
mobile,Nubia Red Magic 10,,,,https://cellphones.com.vn/dien-thoai-nubia-red-magic-10.html,True
mobile,Xiaomi Redmi Note 10T,,,,https://cellphones.com.vn/xiaomi-redmi-note-10t.html,True
mobile,Vivo V7,,,,https://cellphones.com.vn/vivo-v7.html,True
mobile,Realme V20 5G,,,,https://cellphones.com.vn/realme-v20.html,True
mobile,Xiaomi Redmi K70e,,,,https://cellphones.com.vn/xiaomi-redmi-k70e.html,True
mobile,Nothing Phone 1,,,,https://cellphones.com.vn/nothing-phone-1.html,True
mobile,Vivo Nex 3,,,,https://cellphones.com.vn/vivo-nex-3.html,True
mobile,Infinix Note 30 Pro,,,,https://cellphones.com.vn/infinix-note-30-pro.html,True
mobile,Google Pixel 9 Pro Fold,,,,https://cellphones.com.vn/dien-thoai-google-pixel-9-pro-fold.html,True
mobile,Xperia 5 V,,,,https://cellphones.com.vn/sony-xperia-5v.html,True
mobile,Điện thoại Xiaomi 15T Pro 12GB 256GB,,,,https://cellphones.com.vn/dien-thoai-xiaomi-15t-pro-12gb-256gb.html,True
mobile,Honor X9B,,,,https://cellphones.com.vn/dien-thoai-honor-x9b.html,True
mobile,Xiaomi 14T Pro 8GB 256GB,,,,https://cellphones.com.vn/xiaomi-14t-pro-8gb-256gb.html,True
mobile,OPPO K10 Pro,,,,https://cellphones.com.vn/oppo-k10-pro.html,True
mobile,OPPO A1x,,,,https://cellphones.com.vn/oppo-a1x.html,True
mobile,Nubia Redmagic 8s Pro 16GB 512GB Transparent,,,,https://cellphones.com.vn/nubia-redmagic-8s-pro-16gb-512gb-transparent.html,True
mobile,Xiaomi 14 12GB 256GB,,,,https://cellphones.com.vn/xiaomi-14-12gb-256gb-76428.html,True
mobile,Xiaomi Redmi Note 12R Pro,,,,https://cellphones.com.vn/xiaomi-redmi-note-12r-pro.html,True
mobile,realme 11X 5G,,,,https://cellphones.com.vn/realme-11x-5g.html,True
mobile,Huawei Nova 10,,,,https://cellphones.com.vn/huawei-nova-10.html,True
mobile,Xiaomi Redmi Note 13 12GB 256GB,,,,https://cellphones.com.vn/dien-thoai-xiaomi-redmi-note-13-12gb-256.html,True
mobile,Xiaomi Redmi Note 13R Pro,,,,https://cellphones.com.vn/dien-thoai-xiaomi-redmi-note-13r-pro.html,True
mobile,Vivo Y52,,,,https://cellphones.com.vn/vivo-y52.html,True
mobile,Xiaomi 18 Pro Max 5G 12GB 512GB,,,,https://cellphones.com.vn/dien-thoai-xiaomi-18-pro-max-12gb-523gb.html,True
mobile,Leitz Phone 2,,,,https://cellphones.com.vn/leitz-phone-2.html,True
mobile,Vivo iQOO Neo 8 Pro,,,,https://cellphones.com.vn/vivo-iqoo-neo-8-pro.html,True
mobile,Tecno Phantom V Fold,,,,https://cellphones.com.vn/tecno-phantom-v-fold.html,True
mobile,Asus ROG Phone 7 Pro,,,,https://cellphones.com.vn/asus-rog-phone-7-pro.html,True
mobile,Nokia 130,,,,https://cellphones.com.vn/nokia-130.html,True
mobile,OPPO Find X6,,,,https://cellphones.com.vn/oppo-find-x6.html,True
mobile,realme 12 Pro,,,,https://cellphones.com.vn/dien-thoai-realme-12-pro.html,True
mobile,Google Pixel 5a,,,,https://cellphones.com.vn/google-pixel-5-a.html,True
mobile,TCL 408 4GB 64GB,2290000.0,,,https://cellphones.com.vn/tcl-408.html,False
mobile,TCL 505,,,,https://cellphones.com.vn/dien-thoai-tcl-505.html,True
mobile,OPPO Find X7 Ultra 12GB 256GB,,,,https://cellphones.com.vn/oppo-find-x7-ultra.html,True
mobile,Xiaomi 14 Ultra 12GB 512GB,,,,https://cellphones.com.vn/xiaomi-14-ultra-12gb-512gb.html,True
mobile,Xiaomi 14 8GB 256GB,,,,https://cellphones.com.vn/xiaomi-14-8gb-256gb.html,True
mobile,Huawei Nova 12 Pro,,,,https://cellphones.com.vn/huawei-nova-12-pro.html,True
mobile,Blackview N6000,,,,https://cellphones.com.vn/blackview-n6000.html,True
mobile,vivo S19,,,,https://cellphones.com.vn/dien-thoai-vivo-s19.html,True
mobile,Xiaomi Redmi Note 14 Pro Plus 12GB 512GB,,,,https://cellphones.com.vn/dien-thoai-xiaomi-redmi-note-14-pro-plus-12gb-512gb.html,True
mobile,Tecno Pova 7 Neo,,,,https://cellphones.com.vn/dien-thoai-tecno-pova-7-neo.html,True
mobile,Honor 80 Pro,,,,https://cellphones.com.vn/honor-80-pro.html,True
mobile,Samsung Galaxy Z Flip 5 8GB 512GB,,,,https://cellphones.com.vn/samsung-galaxy-z-flip-5-512gb-63941.html-1,True
mobile,Motorola Edge plus,,,,https://cellphones.com.vn/motorola-edge-plus.html,True
mobile,Oneplus Nord N300,,,,https://cellphones.com.vn/oneplus-nord-n300.html,True
mobile,Motorola Edge 40,,,,https://cellphones.com.vn/motorola-edge-40.html,True
mobile,Sony Xperia 5 IV,,,,https://cellphones.com.vn/sony-xperia-5-iv.html,True
mobile,vivo V30 Pro,,,,https://cellphones.com.vn/dien-thoai-vivo-v30-pro.html,True
mobile,Honor X6,,,,https://cellphones.com.vn/honor-x6.html,True
mobile,Infinix Hot 50 Pro 8GB 256GB,,,,https://cellphones.com.vn/dien-thoai-infinix-hot-50-pro-94168.html,True
mobile,vivo Y200 Pro,,,,https://cellphones.com.vn/dien-thoai-vivo-y200-pro.html,True
mobile,realme 13+ 5G 12GB 256GB,,,,https://cellphones.com.vn/dien-thoai-realme-13-plus-5g-12gb-256gb.html,True
mobile,Vivo X80 Pro Plus,,,,https://cellphones.com.vn/vivo-x80-pro-plus.html,True
mobile,Huawei Pocket S,,,,https://cellphones.com.vn/huawei-pocket-s.html,True
mobile,OPPO PHF110,,,,https://cellphones.com.vn/oppo-phf110.html,True
mobile,Vivo Y85,,,,https://cellphones.com.vn/vivo-y85.html,True
mobile,Vivo Y91,,,,https://cellphones.com.vn/vivo-y91.html,True
mobile,Tecno Spark 10C,,,,https://cellphones.com.vn/tecno-spark-10c.html,True
mobile,Google Pixel 4 XL,,,,https://cellphones.com.vn/google-pixel-4-xl.html,True
mobile,OnePlus Nord CE 4 Lite,,,,https://cellphones.com.vn/dien-thoai-oneplus-nord-ce-4-lite.html,True
mobile,Samsung A06 5G 6GB - 128GB,,,,https://cellphones.com.vn/dien-thoai-samsung-galaxy-a06-6gb-128gb.html,True
mobile,Samsung A36 5G 8GB - 256GB,,,,https://cellphones.com.vn/dien-thoai-samsung-galaxy-a36-8gb-256gb.html,True
mobile,Vivo Y95,,,,https://cellphones.com.vn/vivo-y95.html,True
mobile,Xiaomi 13S Ultra,,,,https://cellphones.com.vn/xiaomi-13s-ultra.html,True
mobile,Oneplus 12,,,,https://cellphones.com.vn/oneplus-12.html,True
mobile,Honor 90,,,,https://cellphones.com.vn/honor-90.html,True
mobile,vivo IQOO Neo 8,,,,https://cellphones.com.vn/vivo-iqoo-neo-8.html,True
mobile,Motorola Edge 40 Pro,,,,https://cellphones.com.vn/motorola-edge-40-pro.html,True
mobile,Redmi K60 Ultra,,,,https://cellphones.com.vn/redmi-k60-ultra.html,True
mobile,realme GT 5 Pro,,,,https://cellphones.com.vn/realme-gt-5-pro.html,True
mobile,vivo y100i,,,,https://cellphones.com.vn/dien-thoai-vivo-y100i.html,True
mobile,Vivo Y77,,,,https://cellphones.com.vn/vivo-y77.html,True
mobile,Mobell M539 4G,,,,https://cellphones.com.vn/dien-thoai-mobell-m539-4g.html,True
mobile,Samsung Galaxy Note 20 Ultra 5G 512GB,32990000.0,,,https://cellphones.com.vn/samsung-galaxy-note-20-ultra-5g-512-gb.html,False
mobile,Doogee S100 Pro,,,,https://cellphones.com.vn/doogee-s100-pro.html,True
mobile,Realme GT Neo 6,,,,https://cellphones.com.vn/dien-thoai-realme-gt-neo-6.html,True
mobile,Samsung A26 5G 8GB - 256GB,,,,https://cellphones.com.vn/dien-thoai-samsung-galaxy-a26-8gb-256gb.html,True
mobile,OPPO K11,,,,https://cellphones.com.vn/oppo-k11.html,True
mobile,Masstel Izi 10 4G,,,,https://cellphones.com.vn/masstel-izi-10-4g.html,True
mobile,Sony Xperia X Compact,,,,https://cellphones.com.vn/sony-xperia-x-compact.html,True
mobile,Honor Magic V2,,,,https://cellphones.com.vn/honor-magic-v2.html,True
mobile,OPPO A56s,,,,https://cellphones.com.vn/oppo-a56s.html,True
mobile,Điện thoại Xiaomi 15T 12GB 256GB,,,,https://cellphones.com.vn/dien-thoai-xiaomi-15t-12gb-256gb.html,True
mobile,Honor Magic V3,,,,https://cellphones.com.vn/dien-thoai-honor-magic-v3.html,True
mobile,vivo S19 Pro,,,,https://cellphones.com.vn/dien-thoai-vivo-s19-pro.html,True
mobile,Xiaomi Redmi Note 12 Pro+,,,,https://cellphones.com.vn/xiaomi-redmi-note-12-pro-plus.html,True
mobile,Lenovo Legion Y70,,,,https://cellphones.com.vn/lenovo-legion-y70.html,True
mobile,Vivo Y97,,,,https://cellphones.com.vn/vivo-y97.html,True
mobile,Vivo Y67,,,,https://cellphones.com.vn/vivo-y67.html,True
mobile,Vivo X100,,,,https://cellphones.com.vn/vivo-x100.html,True
mobile,Vivo V29,,,,https://cellphones.com.vn/vivo-v29.html,True
mobile,Vivo S17,,,,https://cellphones.com.vn/vivo-s17.html,True
mobile,Vivo iQOO Z7x,,,,https://cellphones.com.vn/vivo-iqoo-z7x.html,True
mobile,Vivo Y71,,,,https://cellphones.com.vn/vivo-y71.html,True
mobile,Vivo Y27s,,,,https://cellphones.com.vn/dien-thoai-vivo-y27s.html,True
mobile,Google Pixel 4a,,,,https://cellphones.com.vn/google-pixel-4a.html,True
mobile,Samsung Galaxy C55,,,,https://cellphones.com.vn/dien-thoai-samsung-galaxy-c55.html,True
mobile,Samsung Galaxy A06 4GB 64GB,,,,https://cellphones.com.vn/dien-thoai-samsung-galaxy-a06-64gb.html,True
mobile,OPPO Reno13F 4G 12GB - 256GB,,,,https://cellphones.com.vn/dien-thoai-oppo-reno13f-4g-12gb-256gb.html,True
mobile,Xiaomi Redmi Note 14 Pro 12GB 512GB,,,,https://cellphones.com.vn/dien-thoai-xiaomi-redmi-note-14-pro-12gb-512gb.html,True
mobile,realme 12 Pro plus,,,,https://cellphones.com.vn/dien-thoai-realme-12-pro-plus.html,True
mobile,Infinix Zero 5G,,,,https://cellphones.com.vn/infinix-zero-5g.html,True
mobile,Blackview A95,,,,https://cellphones.com.vn/blackview-a95.html,True
mobile,Huawei Enjoy 60 Pro,,,,https://cellphones.com.vn/huawei-enjoy-60-pro.html,True
mobile,ASUS ROG Phone 6 Mediatek,,,,https://cellphones.com.vn/asus-rog-phone-6-mediatek.html,True
mobile,Vivo iQOO Z6,,,,https://cellphones.com.vn/vivo-iqoo-z6.html,True
mobile,vivo Y200i,,,,https://cellphones.com.vn/dien-thoai-vivo-y200i.html,True
mobile,Honor X50i,,,,https://cellphones.com.vn/honor-x50i.html,True
mobile,Masstel Tab 10.4,,,,https://cellphones.com.vn/masstel-tab-10-4.html,True
mobile,OPPO Reno9 Z,,,,https://cellphones.com.vn/oppo-reno9-z.html,True
mobile,OPPO A1,,,,https://cellphones.com.vn/oppo-a1.html,True
mobile,realme GT 5,,,,https://cellphones.com.vn/realme-gt-5.html,True
mobile,Nokia C12,,,,https://cellphones.com.vn/nokia-c12.html,True
mobile,Realme 9 SE 5G,,,,https://cellphones.com.vn/realme-9-se.html,True
mobile,Oneplus Nord CE2,,,,https://cellphones.com.vn/oneplus-nord-ce-2.html,True
mobile,TCL 50SE,,,,https://cellphones.com.vn/dien-thoai-tcl-50se.html,True
mobile,OnePlus Ace 3 Pro,,,,https://cellphones.com.vn/dien-thoai-oneplus-ace-3-pro.html,True
mobile,Xiaomi Redmi Note 14 Pro 8GB 256GB,,,,https://cellphones.com.vn/dien-thoai-xiaomi-redmi-note-14-pro-8gb-256gb.html,True
mobile,vivo Y200 GT,,,,https://cellphones.com.vn/dien-thoai-vivo-y200-gt.html,True
mobile,OPPO Reno12 F 5G 12GB-256GB,,,,https://cellphones.com.vn/dien-thoai-oppo-reno12-f-12gb-256gb.html,True
mobile,Samsung A36 5G 12GB - 256GB,,,,https://cellphones.com.vn/dien-thoai-samsung-galaxy-a36-12gb-256gb.html,True
mobile,vivo T3x,,,,https://cellphones.com.vn/dien-thoai-vivo-t3x.html,True
mobile,OnePlus V Fold,,,,https://cellphones.com.vn/oneplus-v-fold.html,True
mobile,Vivo Y30 5G,,,,https://cellphones.com.vn/vivo-y30-5g.html,True
mobile,Masstel Play 50,,,,https://cellphones.com.vn/masstel-play-50.html,True
mobile,Huawei Nova 10 Pro,,,,https://cellphones.com.vn/huawei-nova-10-pro.html,True
mobile,Xiaomi 14 Pro 12GB 512GB,,,,https://cellphones.com.vn/xiaomi-14-pro-12gb-512gb.html,True
mobile,Honor X5 Plus,,,,https://cellphones.com.vn/honor-x5-plus.html,True
mobile,TCL 40SE 6GB 256GB,3990000.0,,,https://cellphones.com.vn/tcl-40-se-256gb.html,False
mobile,Xiaomi Redmi Note 13 8GB 128GB,,,,https://cellphones.com.vn/xiaomi-redmi-note-13-8gb.html,True
mobile,Xiaomi Redmi A4,,,,https://cellphones.com.vn/dien-thoai-xiaomi-redmi-a4.html,True
mobile,Realme 9i 5G,,,,https://cellphones.com.vn/realme-9i-5g.html,True
mobile,vivo Y22,,,,https://cellphones.com.vn/vivo-y22.html,True
mobile,Realme V23 5G,,,,https://cellphones.com.vn/realme-v23.html,True
mobile,Huawei P50 Pocket S,,,,https://cellphones.com.vn/huawei-p50-pocket-s.html,True
mobile,Xiaomi CIVI 3,,,,https://cellphones.com.vn/xiaomi-civi-3.html,True
mobile,Vivo S17e,,,,https://cellphones.com.vn/vivo-s17e.html,True
mobile,Nokia Hero 5G,,,,https://cellphones.com.vn/nokia-hero-5g.html,True
mobile,Motorola Moto G13,,,,https://cellphones.com.vn/motorola-moto-g13.html,True
mobile,OPPO Reno9 Pro Plus,,,,https://cellphones.com.vn/oppo-reno-9-pro-plus.html,True
mobile,Realme C55 8GB 128GB,,,,https://cellphones.com.vn/realme-c55-8gb-128gb-54813.html,True
mobile,OPPO A98 5G,,,,https://cellphones.com.vn/oppo-a98-5g-63072.html,True
mobile,TECNO Pova 8 8GB 256GB,,,,https://cellphones.com.vn/dien-thoai-tecno-pova-8-8gb-256gb.html,True
mobile,TECNO Spark Go 3,,,,https://cellphones.com.vn/dien-thoai-tecno-spark-go-3-4gb-128gb.html,True
mobile,Infinix Note 40 5G,,,,https://cellphones.com.vn/dien-thoai-infinix-note-40-5g.html,True
mobile,Honor 200,,,,https://cellphones.com.vn/dien-thoai-honor-200.html,True
mobile,Xiaomi Redmi Note 13s,,,,https://cellphones.com.vn/dien-thoai-xiaomi-redmi-note-13s.html,True
mobile,TECNO CAMON 20 Pro 5G,,,,https://cellphones.com.vn/tecno-camon-20-pro-5g.html,True
mobile,Vivo iQOO 11s,,,,https://cellphones.com.vn/vivo-iqoo-11s.html,True
mobile,Samsung Galaxy F54 5G,,,,https://cellphones.com.vn/samsung-galaxy-f54-5g.html,True
mobile,Honor Play 30,,,,https://cellphones.com.vn/honor-play-30.html,True
mobile,Tecno Spark 9T,,,,https://cellphones.com.vn/tecno-spark-9t.html,True
mobile,OnePlus Nord N20 SE,,,,https://cellphones.com.vn/oneplus-nord-n20-se.html,True
mobile,Vivo Y77e 5G,,,,https://cellphones.com.vn/vivo-y77e.html,True
mobile,Xiaomi POCO C51,,,,https://cellphones.com.vn/xiaomi-poco-c51.html,True
mobile,Xiaomii 14 Lite 12GB 512GB,,,,https://cellphones.com.vn/xiaomi-14-lite-12gb-512gb.html,True
mobile,Huawei Nova 9 SE,,,,https://cellphones.com.vn/huawei-nova-9-se-46952.html,True
mobile,Google Pixel 3 XL,,,,https://cellphones.com.vn/google-pixel-3-xl.html,True
mobile,Doogee V30T,,,,https://cellphones.com.vn/doogee-v30t.html,True
mobile,Xiaomi 14 Pro 12GB 256GB,,,,https://cellphones.com.vn/xiaomi-14-pro-12gb-256gb.html,True
mobile,Vivo iQOO Z7,,,,https://cellphones.com.vn/vivo-iqoo-z7.html,True
mobile,Vivo X Fold 3,,,,https://cellphones.com.vn/vivo-x-fold-3.html,True
mobile,Vivo Y22T,,,,https://cellphones.com.vn/vivo-y22t.html,True
mobile,Vivo Y81,,,,https://cellphones.com.vn/vivo-y81.html,True
mobile,Masstel Tab 10A,,,,https://cellphones.com.vn/masstel-tab-10a.html,True
mobile,Masstel x1,,,,https://cellphones.com.vn/masstel-x1.html,True
mobile,masstel x6,,,,https://cellphones.com.vn/masstel-x6.html,True
mobile,Honor Magic V,,,,https://cellphones.com.vn/honor-magic-v.html,True
mobile,realme 10T,,,,https://cellphones.com.vn/realme-10t.html,True
mobile,Honor 70 Lite,,,,https://cellphones.com.vn/honor-70-lite.html,True
mobile,Samsung Galaxy F13,,,,https://cellphones.com.vn/samsung-galaxy-f13.html,True
mobile,Motorola Moto G22,,,,https://cellphones.com.vn/motorola-moto-g22.html,True
mobile,Honor 80,,,,https://cellphones.com.vn/honor-80.html,True
mobile,Tecno Camon 19,,,,https://cellphones.com.vn/tecno-camon-19.html,True
mobile,TCL 408 4GB 128GB,2390000.0,,,https://cellphones.com.vn/tcl-408-128gb.html,False
mobile,Xiaomi POCO F9 Ultra 5G 12GB 512GB,,,,https://cellphones.com.vn/dien-thoai-xiaomi-poco-f9-ultra-12gb-512gb.html,True
mobile,Samsung Galaxy A34 5G 8GB 256GB,,,,https://cellphones.com.vn/samsung-galaxy-a34-8gb-256gb.html,True
mobile,OPPO F27 Pro Plus,,,,https://cellphones.com.vn/dien-thoai-oppo-f27-pro-plus.html,True
mobile,Xiaomi 15 5G 12GB 256GB,,,,https://cellphones.com.vn/dien-thoai-xiaomi-15-5g-12gb-256gb.html,True
mobile,Tecno Spark 30 5G 6GB-128GB,,,,https://cellphones.com.vn/dien-thoai-tecno-spark-30.html,True
mobile,Honor X7a,,,,https://cellphones.com.vn/honor-x7a.html,True
mobile,Xiaomi POCO C55,,,,https://cellphones.com.vn/xiaomi-poco-c55.html,True
mobile,Lenovo ThinkPhone,,,,https://cellphones.com.vn/lenovo-thinkphone.html,True
mobile,Vivo X80 Lite,,,,https://cellphones.com.vn/vivo-x80-lite.html,True
mobile,Huawei Enjoy 50 Pro,,,,https://cellphones.com.vn/huawei-enjoy-50-pro.html,True
mobile,Xiaomi Redmi K50S Pro,,,,https://cellphones.com.vn/xiaomi-redmi-k50s.html,True
mobile,masstel fami 60,,,,https://cellphones.com.vn/masstel-fami-60.html,True
mobile,Black Shark 5S Pro,,,,https://cellphones.com.vn/xiaomi-black-shark-5s-pro.html,True
mobile,Honor X40i,,,,https://cellphones.com.vn/honor-x40i.html,True
mobile,Honor X50i+,,,,https://cellphones.com.vn/honor-x50i-plus.html,True
mobile,vivo Y78+,,,,https://cellphones.com.vn/vivo-y78-plus.html,True
mobile,TECNO CAMON 20 Premier,,,,https://cellphones.com.vn/tecno-camon-20-premier.html,True
mobile,Samsung Galaxy A14 4G 6GB 128GB,,,,https://cellphones.com.vn/samsung-galaxy-a14-4g-6gb-128gb.html,True
mobile,Masstel Izi 50 4G,,,,https://cellphones.com.vn/masstel-izi-50-4g.html,True
mobile,Tecno Pova Neo 5G,,,,https://cellphones.com.vn/tecno-pova-neo-5g.html,True
mobile,Redmi Note 11R,,,,https://cellphones.com.vn/redmi-note-11r.html,True
mobile,Infinix Hot 20 Play,,,,https://cellphones.com.vn/infinix-hot-20-play.html,True
mobile,Honor 90 Lite,,,,https://cellphones.com.vn/honor-90-lite.html,True
mobile,Huawei Nova Y70 Plus,,,,https://cellphones.com.vn/huawei-nova-y70-plus.html,True
mobile,OnePlus Nord CE 2 Lite 5G,,,,https://cellphones.com.vn/oneplus-nord-ce-2-lite.html,True
mobile,Mobell M331 4G,,,,https://cellphones.com.vn/mobell-m331-4g.html,True
mobile,HTC Wildfire E Star,,,,https://cellphones.com.vn/htc-wildfire-e-star.html,True
mobile,Samsung Galaxy A35 5G 8GB-256GB,,,,https://cellphones.com.vn/dien-thoai-samsung-galaxy-a35-5g-8gb-256gb.html,True
mobile,Samsung A26 5G 6GB - 128GB,,,,https://cellphones.com.vn/dien-thoai-samsung-galaxy-a26-6gb-128gb.html,True
mobile,Samsung Galaxy F55 5G,,,,https://cellphones.com.vn/dien-thoai-samsung-galaxy-f55-5g.html,True
mobile,vivo Y38 5G,,,,https://cellphones.com.vn/dien-thoai-vivo-y38-5g.html,True
mobile,Xiaomi Redmi Note 13 Pro 5G,,,,https://cellphones.com.vn/xiaomi-redmi-note-13-pro-4g-77602.html,True
mobile,Xiaomi 14T 12GB 256GB,,,,https://cellphones.com.vn/xiaomi-14t-12gb-256gb.html,True
mobile,Xiaomi Redmi 14,,,,https://cellphones.com.vn/dien-thoai-xiaomi-redmi-14.html,True
mobile,Tecno Camon 40S,,,,https://cellphones.com.vn/dien-thoai-tecno-camon-40s.html,True
mobile,POCO M6 Plus 5G,,,,https://cellphones.com.vn/dien-thoai-poco-m6-plus-5g.html,True
mobile,OPPO F27 Pro,,,,https://cellphones.com.vn/dien-thoai-oppo-f27-pro.html,True
mobile,Oppo Reno8 4G,,,,https://cellphones.com.vn/oppo-reno-8-50226.html,True
mobile,Vivo iQOO 9T,,,,https://cellphones.com.vn/vivo-iqoo-9t.html,True
mobile,Masstel Izi 10,,,,https://cellphones.com.vn/masstel-izi-10.html,True
mobile,Samsung Galaxy F04s,,,,https://cellphones.com.vn/samsung-galaxy-f04s.html,True
mobile,Vivo X Fold Plus,,,,https://cellphones.com.vn/vivo-x-fold-plus.html,True
mobile,Xiaomi Redmi Note 11SE,,,,https://cellphones.com.vn/xiaomi-redmi-note-11se.html,True
mobile,Redmi 11A,,,,https://cellphones.com.vn/redmi-11a.html,True
mobile,Masstel Izi 25 4G,,,,https://cellphones.com.vn/masstel-izi-25-4g.html,True
mobile,masstel izi 20 4g,,,,https://cellphones.com.vn/masstel-izi-20-4g.html,True
mobile,Masstel Hapi 15,,,,https://cellphones.com.vn/masstel-hapi-15.html,True
mobile,Masstel Izi 55 4g,,,,https://cellphones.com.vn/masstel-izi-55-4g.html,True
mobile,OPPO Reno13F 5G 8GB-256GB,,,,https://cellphones.com.vn/dien-thoai-oppo-reno13f-5g-8gb-256gb.html,True
mobile,Nokia T10,,,,https://cellphones.com.vn/nokia-t10.html,True
mobile,Honor 80 Pro Plus,,,,https://cellphones.com.vn/honor-80-pro-plus.html,True
mobile,Realme Narzo N53,,,,https://cellphones.com.vn/realme-narzo-n53.html,True
mobile,Vivo V29 Pro,,,,https://cellphones.com.vn/vivo-v29-pro.html,True
mobile,Google Pixel 2,,,,https://cellphones.com.vn/google-pixel-2.html,True
mobile,HTC U11,,,,https://cellphones.com.vn/htc-u11.html,True
mobile,Masstel Izi 26 4G,,,,https://cellphones.com.vn/masstel-izi-26-4g.html,True
mobile,Masstel Izi 11,,,,https://cellphones.com.vn/masstel-izi-11.html,True
mobile,Masstel Hapi 10,,,,https://cellphones.com.vn/masstel-hapi-10.html,True
mobile,Masstel Tab 8 Pro,,,,https://cellphones.com.vn/masstel-tab-8-pro.html,True
mobile,Masstel X5,,,,https://cellphones.com.vn/masstel-x5.html,True
mobile,Masstel Lux 10,,,,https://cellphones.com.vn/masstel-lux-10.html,True
mobile,masstel izi 12 4g,,,,https://cellphones.com.vn/masstel-izi-12-4g.html,True
mobile,Masstel Hapi 30,,,,https://cellphones.com.vn/masstel-hapi-30.html,True
mobile,Xiaomi Redmi A2+,,,,https://cellphones.com.vn/xiaomi-redmi-a2-plus.html,True
mobile,OPPO K11x,,,,https://cellphones.com.vn/oppo-k11x.html,True
mobile,Vivo Y35 plus,,,,https://cellphones.com.vn/vivo-y35-plus.html,True
mobile,Xiaomi Redmi Note 13 Pro Plus 4G,,,,https://cellphones.com.vn/xiaomi-redmi-note-13-pro-plus-4g.html,True
mobile,OPPO Reno13F 5G 8GB-128GB,,,,https://cellphones.com.vn/dien-thoai-oppo-reno13f-5g-8gb-128gb.html,True
mobile,OPPO Find X7 5G 16GB 256GB,,,,https://cellphones.com.vn/oppo-find-x7-256gb.html,True
mobile,vivo y12,,,,https://cellphones.com.vn/dien-thoai-vivo-y12.html,True
mobile,vivo X Fold2,,,,https://cellphones.com.vn/vivo-x-fold-2.html,True
mobile,Nubia Z40S Pro,,,,https://cellphones.com.vn/nubia-z40s-pro.html,True
mobile,OPPO A57e,,,,https://cellphones.com.vn/oppo-a57e.html,True
mobile,Samsung Galaxy F34 5G,,,,https://cellphones.com.vn/samsung-galaxy-f34.html,True
mobile,Honor X6A,,,,https://cellphones.com.vn/honor-x6a.html,True
mobile,Xiaomi Redmi 13 6GB 128GB - Đã Kích Hoạt,2490000.0,3990000.0,38.0,https://cellphones.com.vn/dien-thoai-xiaomi-redmi-13-6gb-128gb-cu-da-kich-hoat.html,False
mobile,Xiaomi Redmi Note 9 Pro,5750000.0,6490000.0,11.0,https://cellphones.com.vn/xiaomi-redmi-note-9-pro.html,False
mobile,Sharp Rouvo V,,,,https://cellphones.com.vn/sharp-rouvo-v.html,True
mobile,HTC U23 Pro,,,,https://cellphones.com.vn/htc-u23-pro.html,True
mobile,HTC A102,,,,https://cellphones.com.vn/htc-a102.html,True
mobile,Xiaomi Redmi A7 Pro 4GB 64GB,,,,https://cellphones.com.vn/dien-thoai-xiaomi-redmi-a7-pro-4gb-64gb.html,True
mobile,HONOR Magic 7 Pro,,,,https://cellphones.com.vn/dien-thoai-honor-magic-7-pro.html,True
mobile,Honor X9C 5G 12GB 256GB,,,,https://cellphones.com.vn/dien-thoai-honor-x9c-5g-12gb-256gb.html,True
mobile,vivo V40 Lite,,,,https://cellphones.com.vn/dien-thoai-vivo-v40-lite.html,True
mobile,Samsung A56 5G 8GB - 256GB,,,,https://cellphones.com.vn/dien-thoai-samsung-galaxy-a56-8gb-256gb.html,True
mobile,Xiaomi Redmi Note 13 8GB 256GB,,,,https://cellphones.com.vn/dien-thoai-xiaomi-redmi-note-13-8gb-256.html,True
mobile,Xiaomi 14T Pro 12GB 512GB,,,,https://cellphones.com.vn/xiaomi-14t-pro-12gb-512gb.html,True
mobile,Xiaomi 14T 12GB 512GB,,,,https://cellphones.com.vn/xiaomi-14t-12gb-512gb.html,True
mobile,Xiaomi 14 Lite 12GB 256GB,,,,https://cellphones.com.vn/xiaomii-14-lite-12gb-256gb.html,True
mobile,Xiaomi 14 Ultra 8GB 256GB,,,,https://cellphones.com.vn/xiaomi-14-ultra-8gb-256gb.html,True
mobile,Samsung Galaxy Fold5,,,,https://cellphones.com.vn/samsung-galaxy-z-fold-5-512gb-63940.html,True
mobile,OPPO F23 5G,,,,https://cellphones.com.vn/oppo-f23-5g.html,True
mobile,Vivo V29 Lite 5G,,,,https://cellphones.com.vn/vivo-v29-lite-5g.html,True
mobile,Vivo S17t,,,,https://cellphones.com.vn/vivo-s17t.html,True
mobile,ASUS ROG Phone 8,,,,https://cellphones.com.vn/asus-rog-phone-8.html,True
mobile,iPhone 15 Pro Max 2TB | Chính hãng VN/A,,,,https://cellphones.com.vn/iphone-15-pro-max-2tb-68865.html,True
mobile,realme GT 5 Pro SE,,,,https://cellphones.com.vn/realme-gt-5-pro-se.html,True
mobile,Masstel X9,,,,https://cellphones.com.vn/masstel-x9.html,True
mobile,Xiaomi Redmi 11 Prime 4G,,,,https://cellphones.com.vn/xiaomi-redmi-11-prime-4g.html,True
mobile,vivo iQOO Z6x,,,,https://cellphones.com.vn/vivo-iqoo-z6x.html,True
mobile,ROG Phone 6 Pro,,,,https://cellphones.com.vn/asus-rog-phone-6-pro.html,True
mobile,Oppo A77 5G,,,,https://cellphones.com.vn/oppo-a77.html,True
mobile,Nokia C02,,,,https://cellphones.com.vn/nokia-c02.html,True
mobile,OPPO Reno9 Lite,,,,https://cellphones.com.vn/oppo-reno9-lite.html,True
mobile,Motorola Rizr Rollable,,,,https://cellphones.com.vn/motorola-rizr-rollable.html,True
mobile,Honor Play 7T,,,,https://cellphones.com.vn/honor-play-7t.html,True
mobile,Realme Narzo N55,,,,https://cellphones.com.vn/realme-narzo-n55.html,True
mobile,Xiaomi Redmi Note 11T 5G,,,,https://cellphones.com.vn/xiaomi-redmi-note-11t.html,True
mobile,Vivo Y74s,,,,https://cellphones.com.vn/vivo-y74s.html,True
mobile,Honor X8 5G,,,,https://cellphones.com.vn/honor-x8.html,True
mobile,OnePlus Ace Pro,,,,https://cellphones.com.vn/oneplus-ace-pro.html,True
mobile,Xiaomi 12S Ultra,,,,https://cellphones.com.vn/xiaomi-12s-ultra.html,True
mobile,OPPO A16e,,,,https://cellphones.com.vn/oppo-a16e.html,True
mobile,Huawei Nova 9 SE,,,,https://cellphones.com.vn/huawei-nova-9-se.html,True
mobile,Apple iPhone 5S 16GB,,,,https://cellphones.com.vn/iphone-5s-16-gb.html,True
mobile,Samsung Galaxy A23 6GB 128GB,,,,https://cellphones.com.vn/samsung-galaxy-a23-6gb.html,True
mobile,Samsung Galaxy A13 6GB 128GB,,,,https://cellphones.com.vn/samsung-galaxy-a13-6gb.html,True
mobile,OPPO K9x,,,,https://cellphones.com.vn/oppo-k9x.html,True
mobile,Realme GT 2,,,,https://cellphones.com.vn/realme-gt-2.html,True
mobile,Realme Narzo 9i,,,,https://cellphones.com.vn/realme-narzo-9i.html,True
mobile,Vivo Y21T,,,,https://cellphones.com.vn/vivo-y21t.html,True
mobile,OnePlus Nord 2 CE,,,,https://cellphones.com.vn/oneplus-nord-2-ce.html,True
mobile,Oppo K9s,,,,https://cellphones.com.vn/oppo-k9s.html,True
mobile,OnePlus 10 Ultra,,,,https://cellphones.com.vn/oneplus-10-ultra.html,True
mobile,Samsung Galaxy M23,,,,https://cellphones.com.vn/samsung-galaxy-m23.html,True
mobile,Masstel Izi 55,,,,https://cellphones.com.vn/masstel-izi-55.html,True
mobile,Masstel Izi 20,,,,https://cellphones.com.vn/masstel-izi-20.html,True
mobile,Vivo T2 5G,,,,https://cellphones.com.vn/vivo-t2.html,True
mobile,Vivo Y73t,,,,https://cellphones.com.vn/vivo-y73t.html,True
mobile,Xiaomi 12X,,,,https://cellphones.com.vn/xiaomi-12x.html,True
mobile,Xiaomi F9S,,,,https://cellphones.com.vn/xiaomi-f9-lite.html,True
mobile,Xiaomi Redmi 9 Activ,,,,https://cellphones.com.vn/xiaomi-redmi-9-activ.html,True
mobile,Xiaomi Civi,,,,https://cellphones.com.vn/xiaomi-civi.html,True
mobile,Xiaomi 12 Ultra,,,,https://cellphones.com.vn/xiaomi-mi-12-ultra.html,True
mobile,Oppo F17 Pro,,,,https://cellphones.com.vn/oppo-f17-pro.html,True
mobile,Oppo F17,,,,https://cellphones.com.vn/oppo-f17.html,True
mobile,Huawei Enjoy 20 Plus,,,,https://cellphones.com.vn/huawei-enjoy-20-plus.html,True
mobile,Huawei Enjoy 20,,,,https://cellphones.com.vn/huawei-enjoy-20.html,True
mobile,Realme X3 Pro,,,,https://cellphones.com.vn/realme-x3-pro.html,True
mobile,Huawei Nova 7 SE,,,,https://cellphones.com.vn/huawei-nova-7-se.html,True
mobile,Oppo A32,,,,https://cellphones.com.vn/oppo-a32.html,True
mobile,Oppo A52,4990000.0,5990000.0,17.0,https://cellphones.com.vn/oppo-a52.html,False
mobile,Xiaomi Mi MIX Fold,,,,https://cellphones.com.vn/xiaomi-mi-mix-fold.html,True
mobile,Realme V13,,,,https://cellphones.com.vn/realme-v13.html,True
mobile,Vivo X60 Pro+,,,,https://cellphones.com.vn/vivo-x60-pro-plus.html,True
mobile,Vsmart Live 6GB,3790000.0,,,https://cellphones.com.vn/vsmart-live-ram-6gb.html,False
mobile,Huawei Y6S 2019,,,,https://cellphones.com.vn/huawei-y6-s-2019.html,True
mobile,Huawei P30 Lite,7490000.0,,,https://cellphones.com.vn/huawei-p30-lite-1.html,False
mobile,Huawei P30 Pro,23990000.0,,,https://cellphones.com.vn/huawei-p30-pro-1.html,False
mobile,Huawei P30,17990000.0,,,https://cellphones.com.vn/huawei-p30-1.html,False
mobile,Motorola Moto E13,,,,https://cellphones.com.vn/motorola-moto-e13.html,True
mobile,Bphone B86s,,,,https://cellphones.com.vn/bphone-b86s.html,True
mobile,Realme Note 9 Prime,,,,https://cellphones.com.vn/realme-note-9-prime.html,True
mobile,Oppo K9 Pro,,,,https://cellphones.com.vn/oppo-k9-pro.html,True
mobile,Realme GT Neo 2,,,,https://cellphones.com.vn/realme-gt-neo-2.html,True
mobile,Oppo F19s,,,,https://cellphones.com.vn/oppo-f19s.html,True
mobile,Realme Narzo 50i,,,,https://cellphones.com.vn/realme-narzo-50i.html,True
mobile,Mobell F209 4G,,,,https://cellphones.com.vn/mobell-f209-4g.html,True
mobile,Xiaomi Poco F7 Ultra,,,,https://cellphones.com.vn/dien-thoai-xiaomi-poco-f7-ultra.html,True
mobile,TECNO POP 20C,,,,https://cellphones.com.vn/dien-thoai-tecno-pop-20c.html,True
mobile,TECNO Spark 50S 5G,,,,https://cellphones.com.vn/dien-thoai-tecno-spark-50s-5g.html,True
mobile,Samsung Galaxy A57 12GB 256GB,,,,https://cellphones.com.vn/dien-thoai-samsung-galaxy-a57-12gb-256gb.html,True
mobile,Samsung Galaxy A57 8GB 256GB,,,,https://cellphones.com.vn/dien-thoai-samsung-galaxy-a57-8gb-256gb.html,True
mobile,Samsung Galaxy M35 5G 8GB 256GB,8490000.0,,,https://cellphones.com.vn/dien-thoai-samsung-galaxy-m35.html,False
mobile,Samsung Galaxy A50s,6990000.0,,,https://cellphones.com.vn/samsung-galaxy-a50s.html,False
mobile,Samsung Galaxy M21s,,,,https://cellphones.com.vn/samsung-galaxy-m21s.html,True
mobile,Xiaomi 18 Fold,,,,https://cellphones.com.vn/dien-thoai-xiaomi-18-fold.html,True
mobile,Camon Slim 4G 8GB 256GB,,,,https://cellphones.com.vn/dien-thoai-tecno-camon-slim-4g-8gb-256gb.html,True
mobile,Xiaomi Redmi 13X,,,,https://cellphones.com.vn/dien-thoai-xiaomi-redmi-13x.html,True
mobile,Infinix Smart 9 3GB 64GB,,,,https://cellphones.com.vn/dien-thoai-infinix-smart-9.html,True
mobile,Nothing Phone 3,,,,https://cellphones.com.vn/dien-thoai-nothing-phone-3.html,True
mobile,OPPO Find X8 mini,,,,https://cellphones.com.vn/dien-thoai-oppo-find-x8-mini.html,True
mobile,Honor Power,,,,https://cellphones.com.vn/dien-thoai-honor-power.html,True
mobile,Xiaomi 14 Ultra 12GB 256GB,,,,https://cellphones.com.vn/xiaomi-14-ultra-12gb-256gb.html,True
mobile,Xiaomi 14 Pro 8GB 256GB,,,,https://cellphones.com.vn/xiaomi-14-pro-8gb-256gb.html,True
mobile,Xiaomi 14 12GB 512GB,,,,https://cellphones.com.vn/xiaomi-14-12gb-512gb.html,True
mobile,OnePlus 10R,,,,https://cellphones.com.vn/oneplus-10r.html,True
mobile,Samsung Galaxy M53 5G,,,,https://cellphones.com.vn/samsung-galaxy-m53.html,True
mobile,OnePlus 10,,,,https://cellphones.com.vn/oneplus-10.html,True
mobile,Xiaomi Poco C40,,,,https://cellphones.com.vn/xiaomi-poco-c40.html,True
mobile,Vivo S15 Pro,,,,https://cellphones.com.vn/vivo-s15-pro.html,True
mobile,OPPO Find X7 Ultra 16GB 256GB,,,,https://cellphones.com.vn/oppo-find-x7-ultra-16gb.html,True
mobile,Điện thoại Samsung Galaxy Z Fold mới,,,,https://cellphones.com.vn/dien-thoai-samsung-galaxy-z-fold-moi.html,True
mobile,Vivo Y11 4G,,,,https://cellphones.com.vn/vivo-y11-4g.html,True
mobile,Honor 90 512GB,,,,https://cellphones.com.vn/honor-90-512gb.html,True
mobile,vivo X100 Ultra,,,,https://cellphones.com.vn/dien-thoai-vivo-x100-ultra.html,True
mobile,OPPO Reno12 FS 5G,,,,https://cellphones.com.vn/dien-thoai-oppo-reno12-fs-5g.html,True
mobile,vivo Y36t,,,,https://cellphones.com.vn/dien-thoai-vivo-y36t.html,True
mobile,OnePlus 11 Pro,,,,https://cellphones.com.vn/oneplus-11-pro.html,True
mobile,Nokia X21 5G,,,,https://cellphones.com.vn/nokia-x21.html,True
mobile,Realme C30,,,,https://cellphones.com.vn/realme-c30.html,True
mobile,Xiaomi Redmi K50 Ultra,,,,https://cellphones.com.vn/xiaomi-redmi-k50-ultra.html,True
mobile,Vivo T2x,,,,https://cellphones.com.vn/vivo-t2x.html,True
mobile,Vivo Y33e,,,,https://cellphones.com.vn/vivo-y33e.html,True
mobile,Nubia Red Magic 7S,,,,https://cellphones.com.vn/nubia-red-magic-7s.html,True
mobile,Tecno Spark 8P,,,,https://cellphones.com.vn/tecno-spark-8p.html,True
mobile,Nubia Red Magic 7 Pro,,,,https://cellphones.com.vn/nubia-red-magic-7-pro.html,True
mobile,Vivo Y75s,,,,https://cellphones.com.vn/vivo-y75s.html,True
mobile,Xiaomi 11i HyperCharge,,,,https://cellphones.com.vn/xiaomi-11i-hypercharge.html,True
mobile,Xiaomi Mi 11X,,,,https://cellphones.com.vn/xiaomi-mi-11x.html,True
mobile,Vivo Y77T,,,,https://cellphones.com.vn/vivo-y77t.html,True
mobile,Vivo Y100A,,,,https://cellphones.com.vn/vivo-y100a.html,True
mobile,masstel izi 300,,,,https://cellphones.com.vn/masstel-izi-300.html,True
mobile,Oppo Reno4 SE,,,,https://cellphones.com.vn/oppo-reno-4-se.html,True
mobile,Realme V3,,,,https://cellphones.com.vn/realme-v3.html,True
mobile,Xiaomi Mi 10T Lite,,,,https://cellphones.com.vn/xiaomi-mi-10t-lite.html,True
mobile,Realme X7 Pro,,,,https://cellphones.com.vn/realme-x7-pro.html,True
mobile,Huawei Mate X2,,,,https://cellphones.com.vn/huawei-mate-x2.html,True
mobile,Samsung Galaxy M31s,,,,https://cellphones.com.vn/samsung-galaxy-m31s.html,True
mobile,Samsung Galaxy M51,,,,https://cellphones.com.vn/samsung-galaxy-m51.html,True
mobile,Huawei Enjoy 20 Pro,,,,https://cellphones.com.vn/huawei-enjoy-20-pro.html,True
mobile,vivo S15,,,,https://cellphones.com.vn/vivo-s15.html,True
mobile,Redmi A1+,,,,https://cellphones.com.vn/redmi-a1-plus.html,True
mobile,Realme 10 8GB 256GB,,,,https://cellphones.com.vn/realme-10-8gb-256gb.html,True
mobile,Vivo Y10,,,,https://cellphones.com.vn/vivo-y10.html,True
mobile,Vivo Y21e,,,,https://cellphones.com.vn/vivo-y21e.html,True
mobile,Nokia G400,,,,https://cellphones.com.vn/nokia-g400.html,True
mobile,Vivo Y1s,,,,https://cellphones.com.vn/vivo-y1s.html,True
mobile,masstel izi 230,,,,https://cellphones.com.vn/masstel-izi-230.html,True
mobile,Xiaomi Redmi 10 Prime,,,,https://cellphones.com.vn/xiaomi-redmi-10-prime.html,True
mobile,OnePlus Ace,,,,https://cellphones.com.vn/oneplus-ace.html,True
mobile,Xiaomi Redmi Note 10 JE,,,,https://cellphones.com.vn/xiaomi-redmi-note-10-je.html,True
mobile,Oppo Reno5 Lite,,,,https://cellphones.com.vn/oppo-reno-5-lite.html,True
mobile,Huawei P50 Pro+,,,,https://cellphones.com.vn/huawei-p50-pro-plus.html,True
mobile,Samsung Galaxy M42,,,,https://cellphones.com.vn/samsung-galaxy-m42.html,True
mobile,Vsmart Joy 2 Plus 2GB,1990000.0,,,https://cellphones.com.vn/vsmart-joy-2-plus-ram-2gb.html,False
mobile,ASUS ZenFone Max Pro M2 3GB,5290000.0,,,https://cellphones.com.vn/asus-zenfone-max-pro-m2-3-gb-ram-chinh-hang.html,False
mobile,Oppo A31,4190000.0,,,https://cellphones.com.vn/oppo-a31-2020.html,False
mobile,Oppo A92,5740000.0,6490000.0,12.0,https://cellphones.com.vn/oppo-a92.html,False
mobile,Vsmart Joy 3 2GB,2090000.0,2290000.0,9.0,https://cellphones.com.vn/vsmart-joy-3.html,False
mobile,Oppo F11 Pro 128GB,8490000.0,,,https://cellphones.com.vn/oppo-f11-pro-128-gb.html,False
mobile,Bphone B40,,,,https://cellphones.com.vn/bphone-4.html,True
mobile,Nokia 7.2,6190000.0,,,https://cellphones.com.vn/nokia-72.html,False
mobile,Nokia 3.2,3290000.0,,,https://cellphones.com.vn/dien-thoai-nokia-32.html,False
mobile,Samsung Galaxy S 2019,20990000.0,,,https://cellphones.com.vn/samsung-galaxy-s-2019.html,False
mobile,HONOR X7e 8GB 128GB,,,,https://cellphones.com.vn/dien-thoai-honor-x7e.html,True
mobile,Google Pixel 8A,,,,https://cellphones.com.vn/dien-thoai-google-pixel-8a.html,True
mobile,Google Pixel 3,,,,https://cellphones.com.vn/google-pixel-3.html,True
mobile,Google Pixel 2 XL,,,,https://cellphones.com.vn/google-pixel-2-xl.html,True
mobile,Mobell M139 4G,,,,https://cellphones.com.vn/mobell-m139-4g.html,True
mobile,Xiaomi Redmi 11,,,,https://cellphones.com.vn/xiaomi-redmi-11.html,True
mobile,realme C65 8GB 128GB,4430000.0,,,https://cellphones.com.vn/dien-thoai-realme-c65-8gb-128gb.html,False
mobile,Samsung Galaxy XCover6 Pro,,,,https://cellphones.com.vn/samsung-galaxy-xcover6-pro.html,True
mobile,Samsung Galaxy A37 6GB 128GB,,,,https://cellphones.com.vn/dien-thoai-samsung-galaxy-a37-6gb-128gb.html,True
mobile,Samsung Galaxy A37 8GB 256GB,,,,https://cellphones.com.vn/dien-thoai-samsung-galaxy-a37-8gb-256gb.html,True
mobile,Samsung Galaxy A70,9290000.0,,,https://cellphones.com.vn/samsung-galaxy-a70.html,False
mobile,Samsung Galaxy S8 Chính hãng,15990000.0,,,https://cellphones.com.vn/galaxy-s8-cty.html,False
tablet,iPad A16 Wifi 128GB 2025 | Chính hãng Apple Việt Nam,11890000.0,12790000.0,7.0,https://cellphones.com.vn/ipad-a16-11-inch.html,False
tablet,Samsung Galaxy Tab S11 Wifi 12GB 128GB,19150000.0,22490000.0,15.0,https://cellphones.com.vn/may-tinh-bang-samsung-galaxy-tab-s11-wifi.html,False
tablet,"Lenovo Idea Tab Pro Gen 2 Matte Edition 8GB 256GB ZAHD0452VN - Kèm bút, bàn phím",16190000.0,16990000.0,5.0,https://cellphones.com.vn/may-tinh-bang-lenovo-idea-tab-pro-gen-2-zahd0452vn-kem-but-ban-phim.html,False
tablet,Samsung Galaxy Tab S10 FE Wifi 12GB 256GB,13500000.0,16690000.0,19.0,https://cellphones.com.vn/may-tinh-bang-samsung-galaxy-tab-s10-fe-wifi-12gb-256gb.html,False
tablet,Lenovo Legion Tab Gen 5 12GB 256GB,20840000.0,23990000.0,13.0,https://cellphones.com.vn/may-tinh-bang-lenovo-legion-tab-gen-5-12gb-256gb-zah20030vn.html,False
tablet,iPad mini 7 2024 Wifi 128GB | Chính hãng Apple Việt Nam,15990000.0,16490000.0,3.0,https://cellphones.com.vn/ipad-mini-7.html,False
tablet,iPad A16 Wifi 256GB 2025 | Chính hãng Apple Việt Nam,14990000.0,15590000.0,4.0,https://cellphones.com.vn/ipad-a16-11-inch-256gb.html,False
tablet,HUAWEI MatePad Air 8GB 256GB,21990000.0,23990000.0,8.0,https://cellphones.com.vn/may-tinh-bang-huawei-matepad-air.html,False
tablet,Samsung Galaxy Tab A11 Wifi 4GB 64GB,3440000.0,4390000.0,22.0,https://cellphones.com.vn/may-tinh-bang-samsung-galaxy-tab-a11-wifi.html,False
tablet,Samsung Galaxy Tab S10 Lite Wifi 6GB 128GB,8540000.0,9990000.0,15.0,https://cellphones.com.vn/may-tinh-bang-samsung-galaxy-tab-s10-lite-wifi.html,False
tablet,Xiaomi Redmi Pad 2 9.7 inch Wifi 4GB 64GB,4190000.0,4990000.0,16.0,https://cellphones.com.vn/may-tinh-bang-xiaomi-redmi-pad-2-9-7-inch.html,False
tablet,iPad Air 11 inch M4 Wifi 128GB 2026 | Chính hãng,20290000.0,20990000.0,3.0,https://cellphones.com.vn/apple-ipad-air-m4-11-inch-128gb-wifi.html,False
tablet,"Lenovo Yoga Tab Wifi 12GB 256GB TB710 ZAG60105VN - Kèm bút, bàn phím",17490000.0,17990000.0,3.0,https://cellphones.com.vn/may-tinh-bang-lenovo-yoga-tab-tb710.html,False
tablet,Huawei MatePad 11.5 S 2026 12GB 256GB - Kèm bàn phím,13990000.0,18490000.0,24.0,https://cellphones.com.vn/may-tinh-bang-huawei-matepad-11-5-s-2026.html,False
tablet,iPad Pro chip M5 11 inch Wifi 256GB | Chính hãng Apple Việt Nam,34290000.0,35590000.0,4.0,https://cellphones.com.vn/ipad-pro-m5-11-inch-256gb.html,False
tablet,"Lenovo Idea Tab Plus Matte Edition Wifi 8GB 128GB ZAG70981VN - Kèm bút, bàn phím",8990000.0,9890000.0,9.0,https://cellphones.com.vn/may-tinh-bang-lenovo-idea-tab-plus-wifi-8gb-128gb-zag70981vn-kem-but-ban-phim.html,False
tablet,iPad Air 11 inch M3 Wifi 128GB 2025 | Chính hãng Apple Việt Nam,16990000.0,21490000.0,21.0,https://cellphones.com.vn/apple-ipad-air-m3.html,False
tablet,iPad Air 11 inch M4 Wifi 256GB 2026 | Chính hãng,23490000.0,23790000.0,1.0,https://cellphones.com.vn/apple-ipad-air-m4-11-inch-256gb-wifi.html,False
tablet,Honor Pad X8b Wifi 6GB 128GB,6640000.0,7490000.0,11.0,https://cellphones.com.vn/may-tinh-bang-honor-pad-x8b.html,False
tablet,Huawei MatePad Papermatte 11.5 inch 2025 8GB 256GB - Kèm bàn phím,9690000.0,13490000.0,28.0,https://cellphones.com.vn/may-tinh-bang-huawei-matepad-papermate-11-5-inch.html,False
tablet,Samsung Galaxy Tab S10 FE Wifi 8GB 128GB,11290000.0,13690000.0,18.0,https://cellphones.com.vn/may-tinh-bang-samsung-galaxy-tab-s10-fe-wifi.html,False
tablet,Xiaomi Pad 8 8GB 128GB,10990000.0,11990000.0,8.0,https://cellphones.com.vn/may-tinh-bang-xiaomi-pad-8-8gb-128gb.html,False
tablet,Máy đọc sách Boox Savi 6S,3390000.0,3990000.0,15.0,https://cellphones.com.vn/may-doc-sach-boox-savi-6s.html,False
tablet,Huawei MatePad SE 11 inch Wifi 8GB 128GB,6490000.0,8790000.0,26.0,https://cellphones.com.vn/may-tinh-bang-huawei-matepad-se-11-8gb-128gb.html,False
tablet,Xiaomi Poco Pad X1 8GB 512GB,9990000.0,11290000.0,12.0,https://cellphones.com.vn/may-tinh-bang-xiaomi-poco-pad-x1.html,False
tablet,iPad A16 5G 128GB 2025 | Chính hãng Apple Việt Nam,16490000.0,16990000.0,3.0,https://cellphones.com.vn/ipad-a16-11-inch-5g.html,False
tablet,HONOR Pad 10 Wifi 8GB 256GB,10990000.0,,,https://cellphones.com.vn/may-tinh-bang-honor-pad-10.html,False
tablet,"Huawei MatePad 11.5 2026 8GB 128GB, Kèm bàn phím",10490000.0,,,https://cellphones.com.vn/may-tinh-bang-huawei-matepad-11-5-2026-8gb-128gb-kem-ban-phim.html,False
tablet,Xiaomi Pad 8 Pro 8GB 128GB,14490000.0,16990000.0,15.0,https://cellphones.com.vn/may-tinh-bang-xiaomi-pad-8-pro-8gb-128gb.html,False
tablet,Xiaomi Poco Pad M1 Wifi 8GB 256GB,8290000.0,8990000.0,8.0,https://cellphones.com.vn/may-tinh-bang-xiaomi-poco-pad-m1.html,False
tablet,Xiaomi Pad Mini 8GB 256GB,13990000.0,15990000.0,13.0,https://cellphones.com.vn/may-tinh-bang-xiaomi-pad-mini.html,False
tablet,Xiaomi Redmi Pad 2 Wifi 6GB 128GB,6190000.0,6690000.0,7.0,https://cellphones.com.vn/may-tinh-bang-xiaomi-redmi-pad-2-wifi.html,False
tablet,Samsung Galaxy Tab S10 Plus Wifi 12GB 256GB,19990000.0,25520000.0,22.0,https://cellphones.com.vn/may-tinh-bang-samsung-galaxy-tab-s10-plus-wifi.html,False
tablet,Xiaomi Redmi Pad 2 Pro 5G 6GB 128GB,8490000.0,9490000.0,11.0,https://cellphones.com.vn/may-tinh-bang-xiaomi-redmi-pad-2-pro.html,False
tablet,Xiaomi Pad 7 Wifi 8GB 256GB,11290000.0,,,https://cellphones.com.vn/may-tinh-bang-xiaomi-pad-7-8gb-256gb.html,False
tablet,Xiaomi Redmi Pad 2 Wifi 4GB 256GB,5290000.0,6690000.0,21.0,https://cellphones.com.vn/may-tinh-bang-xiaomi-redmi-pad-2-wifi-4gb-256gb.html,False
tablet,iPad mini 7 2024 Wifi 256GB | Chính hãng Apple Việt Nam,19090000.0,19290000.0,1.0,https://cellphones.com.vn/ipad-mini-7-256gb.html,False
tablet,Nubia Pad Pro 12GB 256GB,12990000.0,13990000.0,7.0,https://cellphones.com.vn/may-tinh-bang-nubia-pad-pro.html,False
tablet,Xiaomi Pad 7 Wifi 8GB 128GB,10300000.0,,,https://cellphones.com.vn/may-tinh-bang-xiaomi-pad-7.html,False
tablet,iPad Air 11 inch M3 5G 128GB 2025 | Chính hãng Apple Việt Nam,19990000.0,25290000.0,21.0,https://cellphones.com.vn/ipad-air-m3-11-inch-5g.html,False
tablet,Xiaomi Redmi Pad 2 9.7 inch 4G 4GB 64GB,4690000.0,5990000.0,22.0,https://cellphones.com.vn/may-tinh-bang-xiaomi-redmi-pad-2-9-7-inch-4g.html,False
tablet,Huawei MatePad SE 11 inch Wifi 6GB 128GB,5490000.0,,,https://cellphones.com.vn/may-tinh-bang-huawei-matepad-se-11-inch.html,False
tablet,iPad A16 5G 256GB 2025 | Chính hãng Apple Việt Nam,19290000.0,19790000.0,3.0,https://cellphones.com.vn/ipad-a16-11-inch-256gb-5g.html,False
tablet,Huawei MatePad Pro 12.2 2025 12GB 512GB - Kèm bàn phím,22990000.0,23990000.0,4.0,https://cellphones.com.vn/may-tinh-bang-huawei-matepad-pro-12-2-inch-2025.html,False
tablet,iPad Pro chip M5 11 inch Wifi 512GB | Chính hãng Apple Việt Nam,39790000.0,41190000.0,3.0,https://cellphones.com.vn/ipad-pro-m5-11-inch-512gb.html,False
tablet,"Lenovo Idea Tab Plus Matte Edition Wifi 12GB 256GB ZAG70980VN - Kèm bút, bàn phím",11390000.0,12390000.0,8.0,https://cellphones.com.vn/may-tinh-bang-lenovo-idea-tab-plus-wifi-12gb-256gb-zag70980vn-kem-but-ban-phim.html,False
tablet,Huawei MatePad 12 X 12GB 256GB - Kèm bàn phím,14990000.0,15490000.0,3.0,https://cellphones.com.vn/may-tinh-bang-huawei-matepad-12-x-kem-ban-phim.html,False
tablet,Lenovo Legion Tab Gen 3 12GB 256GB,11940000.0,15990000.0,25.0,https://cellphones.com.vn/may-tinh-bang-lenovo-legion-tab-gen-3.html,False
tablet,Samsung Galaxy Tab S10 FE 5G 8GB 128GB,13090000.0,16190000.0,19.0,https://cellphones.com.vn/may-tinh-bang-samsung-galaxy-tab-s10-fe-5g.html,False
tablet,"Lenovo Idea Tab Pro Gen 2 Matte Edition 12GB 512GB ZAHD0469VN - Kèm bút, bàn phím",18290000.0,19890000.0,8.0,https://cellphones.com.vn/may-tinh-bang-idea-legion-tab-pro-gen-2-12gb-512gb-zahd0469vn-kem-but-ban-phim.html,False
tablet,Huawei MatePad 11.5 inch 6GB 128GB,5990000.0,6568000.0,9.0,https://cellphones.com.vn/may-tinh-bang-huawei-matepad-11-5-inch-6gb-128gb-khong-ban-phim.html,False
tablet,iPad mini 7 2024 5G 128GB | Chính hãng Apple Việt Nam,20490000.0,20690000.0,1.0,https://cellphones.com.vn/ipad-mini-7-5g.html,False
tablet,Samsung Galaxy Tab S10 FE Plus Wifi 12GB 256GB,17650000.0,20490000.0,14.0,https://cellphones.com.vn/may-tinh-bang-samsung-galaxy-tab-s10-fe-plus-wifi-12gb-256gb.html,False
tablet,Samsung Galaxy Tab A11 Plus Wifi 8GB 256GB,8240000.0,9390000.0,12.0,https://cellphones.com.vn/may-tinh-bang-samsung-galaxy-tab-a11-plus-wifi.html,False
tablet,Samsung Galaxy Tab A11 4GB 64GB,4540000.0,5490000.0,17.0,https://cellphones.com.vn/may-tinh-bang-samsung-galaxy-tab-a11-4gb-64gb.html,False
tablet,"Lenovo Idea Tab Wifi 8GB 128GB ZAFR0366VN - Kèm bút, ốp lưng",6490000.0,7490000.0,13.0,https://cellphones.com.vn/may-tinh-bang-lenovo-idea-tab-wifi-zafr0366vn-kem-op-va-but.html,False
tablet,iPad Pro M4 11 inch 5G 256GB | Chính hãng Apple Việt Nam,30990000.0,39990000.0,23.0,https://cellphones.com.vn/ipad-pro-m4-11-inch-5g.html,False
tablet,Samsung Galaxy Tab S11 Wifi 12GB 256GB,21600000.0,24990000.0,14.0,https://cellphones.com.vn/may-tinh-bang-samsung-galaxy-tab-s11-wifi-12gb-256gb.html,False
tablet,iPad Air 13 inch M4 Wifi 256GB 2026 | Chính hãng,28990000.0,29290000.0,1.0,https://cellphones.com.vn/apple-ipad-air-m4-13-inch-256gb-wifi.html,False
tablet,Huawei MatePad SE 11 inch Wifi 4GB 128GB,5490000.0,6390000.0,14.0,https://cellphones.com.vn/may-tinh-bang-huawei-matepad-se-11-inch-4gb-128gb.html,False
tablet,iPad Air 11 inch M3 5G 256GB 2025 | Chính hãng Apple Việt Nam,22990000.0,27790000.0,17.0,https://cellphones.com.vn/ipad-air-m3-11-inch-256gb-5g.html,False
tablet,iPad Pro chip M5 13 inch Wifi 256GB | Chính hãng Apple Việt Nam,43590000.0,45590000.0,4.0,https://cellphones.com.vn/ipad-pro-m5-13-inch-256gb.html,False
tablet,Nubia Pad Pro 8GB 256GB,10990000.0,11990000.0,8.0,https://cellphones.com.vn/may-tinh-bang-nubia-pad-pro-8gb-256gb.html,False
tablet,iPad Air 11 inch M4 Wifi 512GB 2026 | Chính hãng,29090000.0,29390000.0,1.0,https://cellphones.com.vn/apple-ipad-air-m4-11-inch-512gb-wifi.html,False
tablet,Samsung Galaxy Tab S10 FE 5G 12GB 256GB,16290000.0,19190000.0,15.0,https://cellphones.com.vn/may-tinh-bang-samsung-galaxy-tab-s10-fe-5g-12gb-256gb.html,False
tablet,Máy tính bảng Teclast Wifi P30 4GB 128GB,2990000.0,,,https://cellphones.com.vn/may-tinh-bang-teclast-p30-wifi.html,False
tablet,iPad Air 11 inch M4 5G 128GB 2026 | Chính hãng,24790000.0,25190000.0,2.0,https://cellphones.com.vn/apple-ipad-air-m4-11-inch-128gb-5g.html,False
tablet,Máy tính bảng Teclast 4G P50 4GB 128GB,3790000.0,4290000.0,12.0,https://cellphones.com.vn/may-tinh-bang-teclast-4g-p50-4gb-128gb.html,False
tablet,iPad Air 13 inch M4 Wifi 128GB 2026 | Chính hãng,26190000.0,26490000.0,1.0,https://cellphones.com.vn/apple-ipad-air-m4-13-inch-128gb-wifi.html,False
tablet,iPad Air 13 inch M3 Wifi 128GB 2025 | Chính hãng Apple Việt Nam,21590000.0,26990000.0,20.0,https://cellphones.com.vn/ipad-air-m3-13-inch.html,False
tablet,Lenovo Idea Tab 5G 8GB 128GB ZAFM0710VN - Kèm bút,6990000.0,8490000.0,18.0,https://cellphones.com.vn/may-tinh-bang-lenovo-idea-tab-5g-8gb-128b-xam-kem-but-zafm0710vn.html,False
tablet,Samsung Galaxy Tab A11 Plus 5G 6GB 128GB,7990000.0,8890000.0,10.0,https://cellphones.com.vn/may-tinh-bang-samsung-galaxy-tab-a11-plus-5g.html,False
tablet,iPad Pro chip M5 11 inch Wifi 1TB | Chính hãng Apple Việt Nam,49990000.0,52390000.0,5.0,https://cellphones.com.vn/ipad-pro-m5-11-inch-1tb.html,False
tablet,Masstel Tab 10 Edu 4G 3GB 32GB,1990000.0,2490000.0,20.0,https://cellphones.com.vn/masstel-tab-10-edu-4g.html,False
tablet,Máy tính bảng Teclast T50 Plus 6GB 256GB,4590000.0,5390000.0,15.0,https://cellphones.com.vn/may-tinh-bang-teclast-t50-plus.html,False
tablet,Lenovo Idea Tab Wifi 8GB 256GB ZAFR0402VN - Kèm bút,7990000.0,8490000.0,6.0,https://cellphones.com.vn/may-tinh-bang-lenovo-idea-tab-wifi-zafr0402vn-kem-but.html,False
tablet,Samsung Galaxy Tab S10 Plus 5G 12GB 256GB,23490000.0,28470000.0,17.0,https://cellphones.com.vn/may-tinh-bang-samsung-galaxy-tab-s10-plus-5g.html,False
tablet,Samsung Galaxy Tab S11 Ultra 5G 12GB 256GB,30990000.0,36490000.0,15.0,https://cellphones.com.vn/may-tinh-bang-samsung-galaxy-tab-s11-ultra.html,False
tablet,Huawei MatePad 11.5 inch 8GB 256GB - Kèm bàn phím,8830000.0,9490000.0,7.0,https://cellphones.com.vn/may-tinh-bang-huawei-matepad-11-5-inch.html,False
tablet,Máy đọc sách New Kindle Gen 11 2024 16GB (Bản không quảng cáo),4090000.0,4990000.0,18.0,https://cellphones.com.vn/may-doc-sach-kindle-new-2024-gen-11-16gb-khong-quang-cao.html,False
tablet,iPad Air 11 inch M4 5G 256GB 2026 | Chính hãng,26190000.0,27990000.0,6.0,https://cellphones.com.vn/apple-ipad-air-m4-11-inch-256gb-5g.html,False
tablet,Lenovo Tab Plus Wifi 8GB 256GB ZADX0130VN - Kèm bao da,6490000.0,7990000.0,19.0,https://cellphones.com.vn/may-tinh-bang-lenovo-tab-plus-wifi-zadx0130vn.html,False
tablet,iPad Pro M4 11 inch Wifi 2TB Nano | Chính hãng Apple Việt Nam,47490000.0,68290000.0,30.0,https://cellphones.com.vn/ipad-pro-m4-11-inch-2tb-nano.html,False
tablet,HONOR Pad V9 Wifi 8GB 256GB,13990000.0,15990000.0,13.0,https://cellphones.com.vn/may-tinh-bang-honor-pad-v9-wifi.html,False
tablet,iPad Pro chip M5 11 inch 5G 256GB | Chính hãng Apple Việt Nam,39490000.0,41490000.0,5.0,https://cellphones.com.vn/ipad-pro-11-inch-m5-5g-256gb.html,False
tablet,iPad Air 13 inch M4 5G 128GB 2026 | Chính hãng,30190000.0,30690000.0,2.0,https://cellphones.com.vn/apple-ipad-air-m4-13-inch-128gb-5g.html,False
tablet,Samsung Galaxy Tab S9 Wifi 8GB 128GB,13490000.0,19630000.0,31.0,https://cellphones.com.vn/samsung-galaxy-tab-s9-wifi.html,False
tablet,iPad Pro chip M5 13 inch 5G 2TB | Chính hãng Apple Việt Nam,77990000.0,81990000.0,5.0,https://cellphones.com.vn/ipad-pro-m5-13-inch-5g-2tb.html,False
tablet,Máy đọc sách Kindle Paperwhite 6 16GB (Bản không quảng cáo),5490000.0,6490000.0,15.0,https://cellphones.com.vn/may-doc-sach-kindle-paperwhite-6-16gb-khong-quang-cao.html,False
tablet,OPPO Pad 5 8GB 256GB,12540000.0,13990000.0,10.0,https://cellphones.com.vn/may-tinh-bang-oppo-pad-5.html,False
tablet,iPad Pro chip M5 13 inch Wifi 512GB | Chính hãng Apple Việt Nam,49590000.0,51190000.0,3.0,https://cellphones.com.vn/ipad-pro-m5-13-inch-512gb.html,False
tablet,iPad Pro M4 11 inch Wifi 2TB | Chính hãng Apple Việt Nam,46490000.0,65490000.0,29.0,https://cellphones.com.vn/ipad-pro-m4-11-inch-2tb.html,False
tablet,iPad Pro chip M5 13 inch 5G 256GB | Chính hãng Apple Việt Nam,48990000.0,51190000.0,4.0,https://cellphones.com.vn/ipad-pro-m5-13-inch-5g-256gb.html,False
tablet,Lenovo Idea Tab 5G 8GB 256GB ZAFM0711VN - Kèm bút,9390000.0,9990000.0,6.0,https://cellphones.com.vn/may-tinh-bang-lenovo-idea-tab-5g-zafm0711vn-kem-but.html,False
tablet,iPad Pro M4 13 inch Wifi 2TB,44690000.0,74490000.0,40.0,https://cellphones.com.vn/ipad-pro-m4-13-inch-2tb.html,False
tablet,"Lenovo Idea Tab Pro Wifi 8GB 256GB ZAE40190VN - Kèm bút, bàn phím",11590000.0,11990000.0,3.0,https://cellphones.com.vn/may-tinh-bang-lenovo-idea-tab-pro-kem-but-ban-phim.html,False
tablet,iPad Pro chip M5 11 inch Wifi 2TB Nano | Chính hãng Apple Việt Nam,65990000.0,69190000.0,5.0,https://cellphones.com.vn/ipad-pro-chip-m5-11-inch-wifi-2tb-nano.html,False
tablet,Samsung Galaxy Tab S11 5G 12GB 128GB,22700000.0,26190000.0,13.0,https://cellphones.com.vn/may-tinh-bang-samsung-galaxy-tab-s11.html,False
tablet,iPad Pro chip M5 11 inch Wifi 2TB | Chính hãng Apple Việt Nam,63990000.0,66390000.0,4.0,https://cellphones.com.vn/ipad-pro-m5-11-inch-2tb.html,False
tablet,iPad Pro chip M5 13 inch 5G 512GB | Chính hãng Apple Việt Nam,55490000.0,56790000.0,2.0,https://cellphones.com.vn/ipad-pro-m5-13-inch-5g-512gb.html,False
tablet,OPPO Pad SE WiFi 4GB 128GB,6090000.0,7290000.0,16.0,https://cellphones.com.vn/may-tinh-bang-oppo-pad-se-wifi-4gb-128gb.html,False
tablet,Samsung Galaxy Tab S11 5G 12GB 256GB,24750000.0,28690000.0,14.0,https://cellphones.com.vn/may-tinh-bang-samsung-galaxy-tab-s11-5g-12gb-256gb.html,False
tablet,iPad Pro M4 13 inch Wifi 2TB Nano I Chính hãng Apple Việt Nam,47490000.0,77290000.0,39.0,https://cellphones.com.vn/ipad-pro-m4-13-inch-2tb-nano.html,False
tablet,Máy đọc sách Kindle Scribe 2024 10.3 inch Premium kèm bút 16GB,12890000.0,13990000.0,8.0,https://cellphones.com.vn/may-doc-sach-kindle-scribe-10-3-inch-premium-kem-but-16gb.html,False
tablet,iPad Pro M4 13 inch 5G 2TB I Chính hãng Apple Việt Nam,51490000.0,79990000.0,36.0,https://cellphones.com.vn/ipad-pro-m4-13-inch-2tb-5g.html,False
tablet,iPad Air 13 inch M3 Wifi 256GB 2025 | Chính hãng Apple Việt Nam,24490000.0,29490000.0,17.0,https://cellphones.com.vn/ipad-air-m3-13-inch-256gb.html,False
tablet,iPad Air 13 inch M3 5G 128GB 2025 | Chính hãng Apple Việt Nam,24990000.0,30990000.0,19.0,https://cellphones.com.vn/ipad-air-m3-13-inch-5g.html,False
tablet,iPad Pro M4 11 inch 5G 2TB Nano | Chính hãng Apple Việt Nam,47990000.0,73990000.0,35.0,https://cellphones.com.vn/ipad-pro-m4-11-inch-2tb-5g-nano.html,False
tablet,Máy đọc sách Boox Savi 6,4990000.0,5590000.0,11.0,https://cellphones.com.vn/may-doc-sach-boox-savi-6.html,False
tablet,iPad Pro M4 11 inch 5G 2TB I Chính hãng Apple Việt Nam,46990000.0,69990000.0,33.0,https://cellphones.com.vn/ipad-pro-m4-11-inch-2tb-5g.html,False
tablet,iPad Pro M4 13 inch 5G 2TB Nano I Chính hãng Apple Việt Nam,53990000.0,82490000.0,35.0,https://cellphones.com.vn/ipad-pro-m4-13-inch-2tb-5g-nano.html,False
tablet,iPad Pro chip M5 13 inch Wifi 2TB | Chính hãng Apple Việt Nam,73990000.0,76390000.0,3.0,https://cellphones.com.vn/ipad-pro-m5-13-inch-2tb.html,False
tablet,Lenovo Legion Y700,,,,https://cellphones.com.vn/lenovo-legion-y700.html,True
tablet,iPad Pro chip M5 11 inch 5G 512GB | Chính hãng Apple Việt Nam,45490000.0,46490000.0,2.0,https://cellphones.com.vn/ipad-pro-m5-11-inch-5g-512gb.html,False
tablet,Máy đọc sách Onyx Boox Palma,6990000.0,8390000.0,17.0,https://cellphones.com.vn/may-doc-sach-onyx-boox-palma.html,False
tablet,Máy đọc sách Boox Go 10.3,11390000.0,14390000.0,21.0,https://cellphones.com.vn/may-doc-sach-boox-go-10-3.html,False
tablet,Samsung Galaxy Tab S10 Lite 5G,,,,https://cellphones.com.vn/may-tinh-bang-samsung-galaxy-tab-s10-lite-5g.html,True
tablet,Máy đọc sách Kindle Paperwhite 4 Gen 10 8GB,3990000.0,,,https://cellphones.com.vn/may-doc-sach-kindle-paperwhite-4-gen-10-2019.html,False
tablet,Máy đọc sách Boox Palma 2,7790000.0,8590000.0,9.0,https://cellphones.com.vn/may-doc-sach-boox-palma-2.html,False
tablet,Mi pad 6 8GB 256GB,,,,https://cellphones.com.vn/xiaomi-pad-6-8gb-256gb-64056.html,True
tablet,Lenovo Tab M11 4G 8GB 128GB ZADB0162VN,5690000.0,6690000.0,15.0,https://cellphones.com.vn/may-tinh-bang-lenovo-tab-m11-8gb-128gb.html,False
tablet,Máy đọc sách Boox Go Color 7 Gen 2,,,,https://cellphones.com.vn/may-doc-sach-boox-go-color-7-gen-2.html,True
tablet,Lenovo Tab M10 Gen 2 2GB 32GB,3490000.0,5190000.0,33.0,https://cellphones.com.vn/lenovo-tab-m10-gen-2.html,False
tablet,"Lenovo Tab M11 4G (4GB 64GB) ZADB0134VN - Kèm bút, bao da",4590000.0,5790000.0,21.0,https://cellphones.com.vn/may-tinh-bang-lenovo-tab-m11.html,False
tablet,Máy tính bảng Teclast 4G T50 PLUS 8GB 128GB,4590000.0,4990000.0,8.0,https://cellphones.com.vn/may-tinh-bang-teclast-4g-t50-plus-8gb-128gb.html,False
tablet,Máy đọc sách Onyx Boox Page,6590000.0,7690000.0,14.0,https://cellphones.com.vn/may-doc-sach-onyx-boox-page.html,False
tablet,Máy đọc sách Boox Savi 7,,,,https://cellphones.com.vn/may-doc-sach-boox-savi-7.html,True
tablet,Lenovo Tab K11 Wifi,,,,https://cellphones.com.vn/may-tinh-bang-lenovo-tab-k11.html,True
tablet,Samsung Galaxy Tab S12 Ultra 5G 12GB 256GB,,,,https://cellphones.com.vn/may-tinh-bang-samsung-galaxy-tab-s12-ultra-5g.html,True
tablet,Máy tính bảng TCL Tab 10L WIFI 3GB 32GB,2290000.0,,,https://cellphones.com.vn/tcl-tab-10l-wifi.html,False
tablet,Blackview Active 8 Pro,,,,https://cellphones.com.vn/blackview-active-8-pro.html,True
tablet,Máy tính bảng TCL Tab 11 WIFI 4GB 128GB,4290000.0,,,https://cellphones.com.vn/tcl-tab-11.html,False
tablet,Lenovo Tab 4G 4GB 64GB ZAEJ0139VN - Kèm bao da,3990000.0,4190000.0,5.0,https://cellphones.com.vn/may-tinh-bang-lenovo-tab-4g-zaej0139vn-kem-bao-da.html,False
tablet,Lenovo Tab Wifi 4GB 64GB ZAEH0147VN - Kèm bao da,3490000.0,,,https://cellphones.com.vn/may-tinh-bang-lenovo-tab-4gb-64gb-zaeh0147vn-kem-bao-da.html,False
tablet,Honor Pad 9 Pro,,,,https://cellphones.com.vn/may-tinh-bang-honor-pad-9-pro.html,True
tablet,Samsung Galaxy Tab S12 Plus 5G 12GB 256GB,,,,https://cellphones.com.vn/may-tinh-bang-samsung-galaxy-tab-s12-plus-5g.html,True
tablet,Samsung Galaxy Tab S12 Ultra Wifi 12GB 256GB,,,,https://cellphones.com.vn/may-tinh-bang-samsung-galaxy-tab-s12-ultra-wifi.html,True
tablet,Lenovo Tab M9 4G 4GB 64GB ZAC50137VN,2990000.0,4390000.0,32.0,https://cellphones.com.vn/may-tinh-bang-lenovo-tab-m9-4gb-64gb.html,False
tablet,Samsung Galaxy Tab S12 Plus Wifi 12GB 256GB,,,,https://cellphones.com.vn/may-tinh-bang-samsung-galaxy-tab-s12-plus-wifi.html,True
tablet,Máy tính bảng TCL Tab 10 4G 4GB 64GB,3790000.0,,,https://cellphones.com.vn/tcl-tab-10.html,False
tablet,Lenovo Legion Tab Gen 5 12GB 256GB ZAH20093VN,,,,https://cellphones.com.vn/may-tinh-bang-lenovo-legion-tab-gen-5-12gb-256gb-zah20093vn.html,True
tablet,Lenovo Tab One 4G 4GB 128GB ZAF00170VN,,,,https://cellphones.com.vn/may-tinh-bang-lenovo-tab-one-4gb-128gb-zaf00170vn.html,True
tablet,Lenovo Tab M8 Gen 2 3GB 32GB (ZA630033VN),1990000.0,2990000.0,33.0,https://cellphones.com.vn/lenovo-tab-m8-gen-2-3gb-32gb.html,False
tablet,HONOR Pad X9a,,,,https://cellphones.com.vn/may-tinh-bang-honor-pad-x9a.html,True
tablet,"Lenovo Tab M11 Wifi 4GB 128GB ZADA0311VN - Kèm bút, bao da",4690000.0,5790000.0,19.0,https://cellphones.com.vn/may-tinh-bang-lenovo-tab-m11-128gb.html,False
tablet,Xiaomi Redmi Pad 2 3GB 32GB,,,,https://cellphones.com.vn/xiaomi-redmi-pad-2.html,True
tablet,Xiaomi POCO Pad,,,,https://cellphones.com.vn/may-tinh-bang-xiaomi-poco-pad.html,True
tablet,OnePlus Pad,,,,https://cellphones.com.vn/oneplus-pad.html,True
tablet,Máy đọc sách All New Kindle 2019 8GB (Gen 10th),2990000.0,,,https://cellphones.com.vn/may-doc-sach-all-new-kindle-gen-10-2019.html,False
tablet,vivo iQOO Pad Air,,,,https://cellphones.com.vn/may-tinh-bang-vivo-iqoo-pad-air.html,True
tablet,Xiaomi Redmi Pad 2022,,,,https://cellphones.com.vn/xiaomi-redmi-pad-2022.html,True
tablet,Lenovo Tab One 4GB 64GB ZAF00020VN,2990000.0,,,https://cellphones.com.vn/may-tinh-bang-lenovo-tab-one-zaf00020vn.html,False
tablet,Xiaomi Redmi Pad,,,,https://cellphones.com.vn/xiaomi-redmi-pad-54290.html,True
tablet,Mi pad 6 8GB 128GB,,,,https://cellphones.com.vn/xiaomi-pad-6-8gb-128gb-64055.html,True
tablet,Lenovo Tab One 4G 4GB 128GB ZAF10179VN,,,,https://cellphones.com.vn/may-tinh-bang-lenovo-tab-one-4g-4gb-128gb-zaf10179vn.html,True
tablet,Honor Pad X8 Lite,,,,https://cellphones.com.vn/honor-pad-x8-lite.html,True
tablet,OPPO Pad SE,,,,https://cellphones.com.vn/may-tinh-bang-oppo-pad-se.html,True
tablet,Lenovo Tab M8 Gen 4 3GB 32GB ZABV0108VN,2490000.0,3190000.0,22.0,https://cellphones.com.vn/may-tinh-bang-lenovo-tab-m8-gen-4.html,False
tablet,Lenovo Tab M10 Gen 3 4GB 64GB ZAAF0009VN,3990000.0,6190000.0,36.0,https://cellphones.com.vn/lenovo-tab-m10-gen-3-4gb-64gb.html,False
tablet,Masstel Tab 10M,,,,https://cellphones.com.vn/masstel-tab-10m.html,True
tablet,Alldocube iPlay 70E,,,,https://cellphones.com.vn/may-tinh-bang-alldocube-iplay-70e.html,True
tablet,Redmi Writing Pad,,,,https://cellphones.com.vn/xiaomi-redmi-writing-pad.html,True
tablet,Lenovo Xiaoxin Pad Pro 8GB 256GB,,,,https://cellphones.com.vn/may-tinh-bang-lenovo-xiaoxin-pad-pro.html,True
tablet,Xiaomi Pad 8 Pro 12GB 512GB Wifi,,,,https://cellphones.com.vn/may-tinh-bang-xiaomi-pad-8-pro-12gb-512gb.html,True
tablet,Xiaomi Pad 8 Pro 8GB 256GB Wifi,,,,https://cellphones.com.vn/may-tinh-bang-xiaomi-pad-8-pro-8gb-256gb.html,True
tablet,Xiaomi Pad 8 8GB 256GB Wifi,,,,https://cellphones.com.vn/may-tinh-bang-xiaomi-pad-8-8gb-256gb.html,True
tablet,Masstel Tab 10,,,,https://cellphones.com.vn/masstel-tab-10-4g.html,True
tablet,Huawei MatePad C7,,,,https://cellphones.com.vn/huawei-matepad-c7.html,True
tablet,Lenovo Tab M8 Wifi,,,,https://cellphones.com.vn/lenovo-tab-m8.html,True
tablet,Xiaomi Pad 9 Pro Max,,,,https://cellphones.com.vn/may-tinh-bang-xiaomi-pad-9-pro-max.html,True
tablet,Xiaomi Pad 9,,,,https://cellphones.com.vn/may-tinh-bang-xiaomi-pad-9.html,True
tablet,Xiaomi Redmi Pad 2 4G,,,,https://cellphones.com.vn/may-tinh-bang-xiaomi-redmi-pad-2-4g.html,True
tablet,Xiaomi Pad 8 Pro 12GB 256GB,,,,https://cellphones.com.vn/may-tinh-bang-xiaomi-pad-8-pro-12gb-256gb.html,True
tablet,Xiaomi Redmi Pad 6S Pro,,,,https://cellphones.com.vn/may-tinh-bang-xiaomi-redmi-pad-6-s-pro.html,True
tablet,MatePad Pro 11,,,,https://cellphones.com.vn/matepad-pro-11.html,True
tablet,Acer Iconia Tab M1,,,,https://cellphones.com.vn/acer-iconia-tab-m1.html,True
tablet,OPPO Pad Mini 8GB 256GB Wifi,,,,https://cellphones.com.vn/may-tinh-bang-oppo-pad-mini-wifi.html,True
tablet,Xiaomi Pad 9 Pro,,,,https://cellphones.com.vn/may-tinh-bang-xiaomi-pad-9-pro.html,True
tablet,Alldocube iPlay 80 mini Turbo,,,,https://cellphones.com.vn/may-tinh-bang-alldocube-iplay-80-mini-turbo.html,True
